,arima,lstm,mlp,rf,svr,xgboost
0,1.1333575509016791,1.1940272884898406,0.5829977660375358,1.1549154144953977,0.3145414943173531,1.0690871139594205
