,arima,lstm,mlp,rf,svr,xgboost
0,0.1402683079283583,0.1144932013417477,0.0694193823985152,0.13028701196364,0.020942098619204,0.1983840774502211
