,arima,lstm,mlp,rf,svr,xgboost
0,180794.25707074068,161196.85273988344,76534.97828372799,173493.64609239288,29915.360614046265,224022.17293408685
