,training,validation,testing
mse,0.00020482419122900292,0.000972553680895334,0.01960441701074439
