,training,validation,testing
arv,0.009298491666370536,0.020187216557067532,0.3145414943173531
