,training,testing
arv,1.2296009477935528,1.1333575509016791
