,training,validation,testing
arv,0.008715126524452959,0.027639780039131066,1.0690871139594205
