,training,validation,testing
smape,2.5028990057792244,5.413176657035385,101.38494211333722
