,training,validation,testing
mae,0.014633974540807653,0.025631249433330866,0.19838407745022119
