,training,validation,testing
mse,0.00040823876780553606,0.0012071076789816886,0.04209067571260956
