,training,validation,testing
nrmse,0.025323489559784744,0.04608693835473501,1.0065326376335464
