,training,validation,testing
mae,0.01562202125959935,0.022463257608513615,0.020942098619204094
