,training,validation,testing
mae,0.016205678352288002,0.022372782712276624,0.06941938239851528
