,training,validation,testing
rmse,0.014311680237798876,0.031185792933567266,0.1400157741497164
