,training,validation,testing
smape,1.7130019438885056,4.575002125413975,82.63870506064447
