,training,testing
mape,58.84254309003272,180794.25707074068
