,training,validation,testing
arv,0.009564626848025384,0.019662684975637668,0.5829977660375358
