,training,testing
mae,0.4636329901471244,0.14026830792835837
