,training,validation,testing
rmse,0.04416411719139436,0.05164297675433488,0.12512006422971758
