,training,validation,testing
nrmse,0.05535233963000345,0.0685040296850265,0.6138494506739337
