,training,validation,testing
rmse,0.021188881630559188,0.03071246169895114,0.02658218460065127
