,training,validation,testing
mape,1.7170327613160534,4.740546575262721,173493.64609239288
