,training,validation,testing
mse,0.0004645971380421407,0.0009223485590859584,0.006756734767952679
