,training,validation,testing
mae,0.032399724008845665,0.0413425076181453,0.11449320134174772
