,training,validation,testing
arv,0.004211690598312511,0.02095938202591015,1.1549154144953975
