,training,validation,testing
nrmse,0.0265567217683045,0.0407398550616776,0.13041441047268326
