,training,validation,testing
mae,0.010263364169197398,0.02328056693832752,0.13028701196364
