,training,validation,testing
smape,5.635196906201117,8.079606515026331,77.241941239692
