,training,validation,testing
arv,0.04151042131651275,0.06522606147127649,1.1940272884898406
