,training,validation,testing
mape,5.628920393869274,8.58251608297127,161196.85273988344
