,training,testing
nrmse,0.6423789377289599,0.7326186051667423
