,training,validation,testing
mape,2.653166154763013,4.200070441186305,76534.97828372799
