,training,validation,testing
mape,2.5411322604593756,5.778467469495395,224022.17293408685
