,training,testing
rmse,0.5125365770766326,0.14932861279538706
