,training,testing
mse,0.262693742841431,0.022299034599394633
