,training,validation,testing
mse,0.0019504692472952147,0.0026669970480487724,0.015655030472848656
