,training,validation,testing
rmse,0.021554515490776884,0.030370191950100652,0.0821993598998963
