,training,validation,testing
smape,2.580421896184134,4.136666553183898,26.872072472818765
