,training,validation,testing
mse,0.00044896870475384865,0.0009432553036095407,0.0007066125381431015
