,training,validation,testing
smape,2.647134313449215,4.1337311510930075,104.77695033242587
