,training,validation,testing
nrmse,0.027014982702702677,0.04028583675155817,0.4032769023172856
