,training,testing
smape,88.86326954510666,85.84183697514088
