,training,validation,testing
mape,2.5872496235526543,4.21325337500617,29915.360614046265
