,training,validation,testing
nrmse,0.01793729922791288,0.0413677254708765,0.6869290435280572
