,training,validation,testing
rmse,0.020204919396165283,0.03474345519636308,0.20516012213051923
