,arima,lstm,mlp,rf,svr,xgboost
0,0.0222990345993946,0.0156550304728486,0.0067567347679526,0.0196044170107443,0.0007066125381431,0.0420906757126095
