,arima,lstm,mlp,rf,svr,xgboost
0,0.7326186051667423,0.6138494506739337,0.4032769023172856,0.6869290435280572,0.1304144104726832,1.0065326376335464
