,arima,lstm,mlp,rf,svr,xgboost
0,0.149328612795387,0.1251200642297175,0.0821993598998963,0.1400157741497164,0.0265821846006512,0.2051601221305192
