,arima,lstm,mlp,rf,svr,xgboost
0,85.84183697514088,77.241941239692,104.77695033242588,82.63870506064447,26.872072472818765,101.38494211333722
