,training,testing
smape,36.13882270906556,65.2263245802186
