,training,testing
mape,30.041123474209535,46701.01625238056
