,training,testing
mse,0.039359438223805145,0.04240462267561585
