,training,testing
mae,0.1812605474995526,0.17337728455657425
