,training,testing
nrmse,0.27499115129485324,0.4709123882356901
