,training,testing
arv,1.2072076117517163,1.4216284541164805
