,arima,lstm,mlp,rf,svr,xgboost
0,1.4216284541164803,1.1032541205598632,0.7073355594768308,1.584436485019583,1.1656589357493383,1.2058809356941846
