,arima,lstm,mlp,rf,svr,xgboost
0,1.3994936487476115,0.950763386170122,0.1209786103465962,1.1195220430176065,0.3896208548685246,1.163848130246654
