,training,validation,testing
mape,2.982698976996687,13.002053988189646,65439.82074358498
