,training,validation,testing
rmse,0.037365597800681195,0.0580658107834263,0.2987404119237927
