,training,validation,testing
rmse,0.023906315266411626,0.07346909979254043,0.3484266788357781
