,training,testing
mse,0.04676085841308799,0.044014338612365866
