,training,validation,testing
mape,8.272082105608506,5.87103478384315,28552.5394998659
