,training,validation,testing
smape,8.068686175360378,5.653634387781879,89.40495131279707
