,training,validation,testing
arv,6.9832472706927,0.42524218768651173,0.12097861034659628
