,training,validation,testing
smape,7.846558423271804,7.300479281425664,57.39302474857636
