,training,testing
mae,0.20581238451370648,0.1778124987450819
