,training,validation,testing
nrmse,0.0886421876073929,0.09127373072134314,0.3216203664749582
