,training,validation,testing
mse,0.0040897087775882525,0.0019695679590170144,0.019779716244080935
