,training,validation,testing
mape,7.9915390520723255,4.912855193775387,8684.77952442857
