,training,validation,testing
arv,5.482528807254686,0.4183597528221338,0.38962085486852466
