,training,testing
arv,1.1052566439450253,1.3994936487476115
