,training,validation,testing
mae,0.04797887961265764,0.023350009782588506,0.04097109539662218
