,training,validation,testing
mse,0.0005715119096170656,0.005397708624326265,0.12140115052453047
