,training,validation,testing
mae,0.027205724801478117,0.04667704631145515,0.27691457759721755
