,training,validation,testing
arv,8.360905444846425,1.1238348837617131,0.9507633861701221
