,training,validation,testing
smape,2.9590789327717295,11.688883759637084,91.24654314396206
