,training,validation,testing
nrmse,0.05179242054807419,0.11942102969634077,0.6831679589652674
