,training,validation,testing
rmse,0.06344999470362395,0.03202628250087208,0.049177976354130064
