,training,testing
nrmse,0.29973365616259623,0.47976725593375824
