,training,validation,testing
nrmse,0.08752897798308938,0.07504957124955794,0.31169808236473673
