,training,validation,testing
nrmse,0.08794797896698608,0.0658668428460436,0.11246157664288021
