,training,testing
mape,33.182895394333386,47283.0492804687
