,training,validation,testing
mse,0.0013961878990022714,0.003371638381936666,0.08924583371639733
