,training,validation,testing
mse,0.003987632874071243,0.0013316061646967462,0.01857809729121257
