,training,validation,testing
mae,0.0477827943077051,0.03497358239729712,0.13048087442047926
