,training,validation,testing
mae,0.017879500824619633,0.05750997323862226,0.32929275155924903
