,training,validation,testing
mse,0.004025901827889906,0.0010256827708256654,0.002418473358287376
