,training,validation,testing
smape,4.4645629484442315,9.631922626623135,83.77209447144821
