,training,validation,testing
arv,0.27704412401483747,1.8312230946841654,1.1195220430176063
