,training,validation,testing
nrmse,0.03313652147725748,0.15110019871784316,0.796791908722435
