,training,validation,testing
mape,4.491910764795521,10.456313678909687,59065.419837082685
