,training,testing
smape,40.218349879802126,66.16971258201433
