,training,validation,testing
smape,7.876246402837694,4.833995797099721,49.965776605995394
