,training,validation,testing
arv,0.9757398600820447,1.426915982643375,1.1638481302466541
