,training,validation,testing
rmse,0.06314770679978207,0.03649117927248647,0.13630149409016973
