,training,validation,testing
rmse,0.0639508309374339,0.04437981476997188,0.14064037913800195
