,training,testing
rmse,0.2162425915796608,0.20979594517617794
