,training,validation,testing
mae,0.04914383147646416,0.027671506761514125,0.11134951297136315
