,training,validation,testing
mape,7.843941547642132,7.74774751047298,29140.678148562853
