,training,testing
mse,0.0073931591243047564,0.03941999792099921
