,training,testing
mae,0.06686455772202396,0.1846882929083412
