,training,testing
mape,10.998005637707475,39305.64674353224
