,training,testing
nrmse,0.11918162444137022,0.45403759279941713
