,training,testing
rmse,0.08598348169447871,0.19854470005769284
