,training,testing
smape,11.67703871909512,69.09330232072128
