,training,testing
arv,2.5337660350389988,1.1032541205598632
