,arima,lstm,mlp,rf,svr,xgboost
0,0.1733772845565742,0.1846882929083412,0.1160065710336012,0.1433677595214563,0.3557731209428502,0.2471231588484061
