,arima,lstm,mlp,rf,svr,xgboost
0,0.1778124987450819,0.1304808744204792,0.0409710953966221,0.329292751559249,0.1113495129713631,0.2769145775972175
