,arima,lstm,mlp,rf,svr,xgboost
0,47283.0492804687,29140.678148562853,8684.77952442857,65439.82074358498,28552.5394998659,59065.419837082685
