,arima,lstm,mlp,rf,svr,xgboost
0,46701.01625238056,39305.64674353224,19939.15054221873,42625.025803132055,72305.58803508269,55494.72950502002
