,training,testing
mae,0.05167481474203625,0.11600657103360121
