,training,testing
mape,9.143510435015003,19939.150542218726
