,training,testing
nrmse,0.09430660233784938,0.2766110747212876
