,training,testing
arv,1.880772499260695,0.7073355594768308
