,training,testing
mse,0.004629090266087394,0.014630935648562724
