,training,testing
smape,8.930613881251476,53.554134881010086
