,arima,lstm,mlp,rf,svr,xgboost
0,0.0424046226756158,0.0394199979209992,0.0146309356485627,0.0316760351462497,0.1505983726831628,0.0736431100123779
