,arima,lstm,mlp,rf,svr,xgboost
0,0.0440143386123658,0.0197797162440809,0.0024184733582873,0.1214011505245304,0.0185780972912125,0.0892458337163973
