,arima,lstm,mlp,rf,svr,xgboost
0,0.4797672559337582,0.3216203664749582,0.1124615766428802,0.796791908722435,0.3116980823647367,0.6831679589652674
