,arima,lstm,mlp,rf,svr,xgboost
0,0.4709123882356901,0.4540375927994171,0.2766110747212876,0.4070042292209631,0.8874495090493637,0.6205825711227894
