,training,testing
arv,0.09610788069738503,1.584436485019583
