,training,testing
mape,2.6867033583759956,42625.025803132055
