,training,testing
mse,0.0004623415500614937,0.03167603514624972
