,training,testing
mae,0.015569670399332287,0.14336775952145633
