,training,testing
nrmse,0.029804081069856554,0.4070042292209631
