,training,testing
rmse,0.021502128965790658,0.17797762540906573
