,training,testing
smape,2.668918705490107,58.80338902472286
