,arima,lstm,mlp,rf,svr,xgboost
0,0.2097959451761779,0.1406403791380019,0.04917797635413,0.3484266788357781,0.1363014940901697,0.2987404119237927
