,arima,lstm,mlp,rf,svr,xgboost
0,65.2263245802186,69.09330232072128,53.554134881010086,58.80338902472286,93.02089579017569,78.95751060378961
