,arima,lstm,mlp,rf,svr,xgboost
0,66.16971258201433,57.39302474857636,49.965776605995394,91.24654314396206,89.40495131279707,83.77209447144821
