,training,testing
mape,7.650925119748177,72305.58803508269
