,training,testing
nrmse,0.0744156719209638,0.8874495090493637
