,training,testing
arv,0.608882069988536,1.1656589357493383
