,training,testing
mse,0.0028823072063558185,0.15059837268316284
