,training,testing
smape,7.527822728613601,93.02089579017567
