,training,testing
mae,0.043661275692024784,0.35577312094285024
