,training,testing
rmse,0.08765442843890915,0.2713726405008027
