,training,testing
mse,0.007683298824951846,0.0736431100123779
