,training,testing
arv,2.378926814411814,1.2058809356941846
