,training,testing
mae,0.06864731706135398,0.2471231588484061
