,training,testing
nrmse,0.12149772217818734,0.6205825711227894
