,training,testing
mape,11.249965161074647,55494.72950502002
