,training,testing
smape,12.00213831702704,78.95751060378961
