,arima,lstm,mlp,rf,svr,xgboost
0,99.16948559156852,15.54925558863852,3.15228971212667,3.3204870112618328,4.522316674710124,1.7644730968434037
