,arima,lstm,mlp,rf,svr,xgboost
0,0.0963291305251325,0.0966303028440347,0.1110648699648363,0.1190191711089665,0.1041125208973696,0.1551275342685468
