,arima,lstm,mlp,rf,svr,xgboost
0,15.300410234667067,14.984649897949671,15.707181945647978,16.80590093915717,15.544596654255816,20.997612833813463
