,training,validation,testing
arv,0.8054896427087616,1.0737225140962072,3.3204870112618328
