,training,validation,testing
mape,41309.33523456207,22.78029076632118,20.997612833813466
