,training,validation,testing
rmse,0.13842717885174916,0.12368469980475548,0.14286731911789619
