,training,testing
smape,72.00717934283335,14.23232963871347
