,training,validation,testing
mape,103092.16183609067,22.813866782372333,14.984649897949673
