,training,validation,testing
rmse,0.16494044266815436,0.1213632595207091,0.12238269013923411
