,training,validation,testing
mse,0.027205349627566714,0.014729040761490989,0.01497752284571579
