,training,validation,testing
mse,0.006737847228243773,0.02065099252347565,0.0356347537446617
