,training,validation,testing
arv,1.9624211279738506,2.0265093090666393,15.54925558863852
