,training,testing
nrmse,0.44511068397367004,0.18635891341752753
