,training,testing
arv,1.2015104224572963,99.16948559156853
