,training,validation,testing
mae,0.1031352794839811,0.10334269348479713,0.10411252089736964
