,training,validation,testing
arv,2.069487778501536,1.1559178138053114,4.522316674710124
