,training,validation,testing
mse,0.016009947514996146,0.01633392001206578,0.016931607835050645
