,training,validation,testing
mae,0.06356493530681594,0.11782919711108779,0.15512753426854684
