,training,validation,testing
nrmse,0.10206076838426391,0.1690358551232524,0.22550344857225854
