,training,testing
mape,160105.60295735317,15.300410234667067
