,training,validation,testing
mape,54344.021869994984,21.052112690084964,16.80590093915717
