,training,validation,testing
rmse,0.08208439089281087,0.14370453202135156,0.18877169741426203
