,training,validation,testing
nrmse,0.09621959425395073,0.1874213069851322,0.285855124983168
