,training,validation,testing
rmse,0.12653042130253161,0.12780422532946936,0.13012151180742806
