,training,validation,testing
smape,21.33093837710118,24.197091538214856,24.026227645868943
