,training,validation,testing
arv,1.9124155746666818,1.1362393600376517,3.15228971212667
