,training,validation,testing
rmse,0.08706746346033954,0.12960756088016687,0.14891693392679792
