,training,validation,testing
mse,0.0075807431934175615,0.016798119837306162,0.022176253210158297
