,training,validation,testing
smape,32.0661716701596,21.074741437056225,15.515107612223652
