,training,validation,testing
smape,34.60280170674604,19.77945946339753,16.6199109758327
