,training,testing
rmse,0.3797214034953277,0.12306684519361206
