,training,validation,testing
mae,0.06953252018891991,0.104908033344786,0.11901917110896652
