,training,testing
mae,0.34980454483058526,0.09632913052513256
