,training,validation,testing
smape,22.603345563016262,21.191006435628577,17.8687260641101
