,training,testing
mse,0.14418834427246147,0.015145448385908478
