,training,validation,testing
mape,72239.2558471999,21.628518016287053,15.544596654255816
