,training,validation,testing
nrmse,0.1622647964852099,0.16131118319933538,0.21634257636002416
