,training,validation,testing
nrmse,0.19334373194437393,0.15828353079336072,0.1853229041467739
