,training,validation,testing
mape,82270.99558100816,20.24685341891392,15.707181945647978
