,training,validation,testing
smape,39.470278515400885,19.108728703592487,14.28144007632135
