,training,validation,testing
mae,0.1120577076281317,0.09738205811215198,0.1110648699648363
