,training,validation,testing
nrmse,0.1483193779729603,0.16668392160319986,0.19704172569410242
