,training,validation,testing
arv,0.590063963958779,0.9852840980349665,1.7644730968434037
