,training,validation,testing
mae,0.13708793282044734,0.09458998785366182,0.09663030284403473
