,training,validation,testing
mse,0.019162083844854145,0.01529790496579248,0.020411070871934788
