,arima,lstm,mlp,rf,svr,xgboost
0,0.0151454483859084,0.0149775228457157,0.0204110708719347,0.0221762532101582,0.0169316078350506,0.0356347537446617
