,arima,lstm,mlp,rf,svr,xgboost
0,0.1863589134175275,0.1853229041467739,0.2163425763600241,0.2255034485722585,0.1970417256941024,0.285855124983168
