,arima,lstm,mlp,rf,svr,xgboost
0,0.123066845193612,0.1223826901392341,0.1428673191178961,0.1489169339267979,0.130121511807428,0.188771697414262
