,arima,lstm,mlp,rf,svr,xgboost
0,14.23232963871347,14.28144007632135,16.6199109758327,17.8687260641101,15.515107612223652,24.026227645868943
