,arima,lstm,mlp,rf,svr,xgboost
0,0.3254903203268242,0.3240135521531196,0.1694167136966266,1.0409687941639172,0.1641386884663586,1.0299869971169708
