,arima,lstm,mlp,rf,svr,xgboost
0,0.0237087528489598,0.0271779591848626,0.0184891166473852,0.314510677183778,0.0165015036334141,0.3676169229049345
