,arima,lstm,mlp,rf,svr,xgboost
0,2.7888408285589783,3.150764911541553,2.1391656164846204,35.46320521168286,1.9215716185579996,41.54272434153948
