,training,validation,testing
rmse,0.017247349910628998,0.01336787344655706,0.02506014838160155
