,training,validation,testing
arv,0.006696902782632281,1.241499827112909,1.0299869971169708
