,training,validation,testing
smape,10.814658632844367,2.101621360876338,3.153962834865244
