,training,validation,testing
rmse,0.02639556341303735,0.019262020212009213,0.032407056418861276
