,training,validation,testing
mse,0.00022059258811043178,0.03481297706638794,0.13919471082803028
