,training,validation,testing
arv,0.0031982041040642837,1.4840518141623895,1.0409687941639172
