,training,validation,testing
smape,6.975284188991939,1.3696417555902425,2.136066411267209
