,training,validation,testing
mape,13.03866241849212,23.549331906816164,41.542724341539476
