,training,testing
smape,117.2832223583736,2.7572089764980867
