,training,testing
mape,816.1571999574345,2.7888408285589783
