,training,testing
mae,0.7576707485488027,0.02370875284895982
