,training,testing
nrmse,1.2924927646452748,0.12017036118461259
