,training,validation,testing
nrmse,0.029351584706898224,0.0458576112280395,0.09879163492015576
