,training,validation,testing
nrmse,0.028648513119467072,0.04355597010614974,0.09587336601455311
