,training,testing
rmse,0.7594845454308371,0.030483219402036948
