,training,validation,testing
smape,8.982512968651303,27.326988950848552,52.622498864030945
