,training,validation,testing
mae,0.01047189092117986,0.16742057183963735,0.3676169229049345
