,training,validation,testing
mae,0.010655506262105824,0.00815352459138251,0.01650150363341413
