,training,validation,testing
mse,0.0002833908435821025,0.0001612119298061976,0.0005914565986172472
