,training,validation,testing
mae,0.006547719056312429,0.11588286522577436,0.314510677183778
