,training,validation,testing
mse,0.00010857491105739665,0.019841479229292146,0.10296947488453635
