,training,validation,testing
mae,0.01194020185513954,0.00937272960768562,0.018489116647385232
