,training,validation,testing
arv,0.008302027180252435,0.025235734988208025,0.16413868846635862
