,training,validation,testing
rmse,0.010419928553372938,0.1408597857065392,0.32088857082254635
