,training,validation,testing
rmse,0.0168342164528707,0.012696925998295715,0.024319880727858168
