,training,testing
mse,0.5768167747482852,0.0009292266651127217
