,training,testing
arv,0.957404000795589,0.3254903203268242
