,training,validation,testing
rmse,0.014852359681560092,0.18658236000862444,0.37308807382175896
