,training,validation,testing
mape,6.472664526316052,1.1914345094449825,1.9215716185579994
