,training,validation,testing
mse,0.0002974710789396741,0.0001787000404831653,0.0006280110369078868
