,training,validation,testing
nrmse,0.04492003811707991,0.06607709430226967,0.12775447446749827
