,training,validation,testing
smape,6.1356741562995865,1.1921309770719404,1.9094902154651674
