,training,validation,testing
mape,4.130489193649862,15.89599727898802,35.46320521168286
