,training,validation,testing
mape,7.541789804706742,1.3649476036867711,2.1391656164846204
