,training,validation,testing
arv,0.008750606464993616,0.028151653083833876,0.1694167136966266
