,training,validation,testing
mse,0.0006967257678916761,0.0003710254226478515,0.0010502173057352578
