,training,validation,testing
arv,0.01914646425984233,0.06912158387305152,0.32401355215311967
