,training,validation,testing
nrmse,0.017732661374584444,0.4832102365734989,1.2650007516326438
