,training,validation,testing
mae,0.01887881208981942,0.014454864805380038,0.027177959184862623
