,training,validation,testing
nrmse,0.02527578413782715,0.6400585225086259,1.4707806283031994
