,training,validation,testing
smape,3.974437884711309,17.890953878728013,43.31180818764517
