,training,validation,testing
mape,12.341820675285392,2.0937800781360085,3.150764911541553
