,arima,lstm,mlp,rf,svr,xgboost
0,0.0009292266651127,0.0010502173057352,0.0006280110369078,0.1029694748845363,0.0005914565986172,0.1391947108280302
