,arima,lstm,mlp,rf,svr,xgboost
0,0.1201703611846125,0.1277544744674982,0.0987916349201557,1.2650007516326438,0.0958733660145531,1.4707806283031994
