,arima,lstm,mlp,rf,svr,xgboost
0,0.0304832194020369,0.0324070564188612,0.0250601483816015,0.3208885708225463,0.0243198807278581,0.3730880738217589
