,arima,lstm,mlp,rf,svr,xgboost
0,2.7572089764980867,3.153962834865244,2.136066411267209,43.31180818764517,1.9094902154651676,52.62249886403095
