,training,testing
rmse,0.22806030951549577,0.2412555347459479
