,training,testing
rmse,0.15093257646982264,0.16656128777558438
