,training,testing
rmse,0.013050108994552206,0.03868201656400947
