,arima,lstm,mlp,rf,svr,xgboost
frontend,0.2412555347459479,0.1665612877755843,0.0455177566626817,0.0386820165640094,0.0571360242756001,0.1870416211010049
