,arima,lstm,mlp,rf,svr,xgboost
0,8.061511545893916,2.2782974601432344,0.258215273756162,0.3081401604779676,0.2972255786352996,0.5659340100982563
