,arima,lstm,mlp,rf,svr,xgboost
0,0.1481591820737031,0.1214242895950076,0.0467800049401665,0.0516217626052692,0.0494216644385632,0.0517232560943037
