,arima,lstm,mlp,rf,svr,xgboost
0,43.74783352723869,28.035320811723142,11.193622509726486,12.787070161607367,12.419927615104042,11.730446293058064
