,training,validation,testing
mape,4509.577881341534,13.624247274442732,12.787070161607367
