,training,validation,testing
nrmse,0.09919207320192686,0.11167099948677202,0.11485752249476619
