,training,validation,testing
rmse,0.07101882377896448,0.07654673551343266,0.08396255308531277
