,training,validation,testing
mape,506.7033579739179,12.434344689398548,11.193622509726486
