,training,testing
mse,0.07525958872996716,0.03278339104329318
