,training,validation,testing
smape,44.46239648379663,27.67740330710367,27.691060343671055
