,training,validation,testing
arv,2.8620168791999423,3.4249592442199273,2.2782974601432344
