,training,validation,testing
mape,10223.418571041999,14.093806007395937,12.419927615104042
