,training,validation,testing
rmse,0.08265834764482628,0.07381186377152123,0.07789759850014603
