,training,validation,testing
mse,0.026028502956399864,0.017099994302454933,0.023177054974459942
