,training,validation,testing
mape,36178.76990856879,29.839001355337995,28.035320811723142
