,training,validation,testing
mse,0.005043673330947611,0.0058594027177634135,0.007049710320603963
