,training,testing
mape,59452.96745793314,43.74783352723869
