,training,validation,testing
mse,0.005940166713363067,0.005231336823343085,0.0059479289723830585
