,training,validation,testing
rmse,0.09513435413964565,0.07321788876502122,0.09607957802282448
