,training,validation,testing
smape,14.167351570368131,11.82718647351698,11.910926968650816
