,training,validation,testing
mae,0.05379685376575855,0.04516682385789767,0.04942166443856325
