,training,validation,testing
mape,19146.92837242818,12.529324609063524,11.730446293058064
