,training,validation,testing
mse,0.009050545337567512,0.005360859235207021,0.009231285313044017
