,training,validation,testing
smape,22.962622723787128,12.348980404513533,11.537435784397845
