,training,validation,testing
rmse,0.16133351467193624,0.13076694652111034,0.15224012274843957
