,training,validation,testing
mae,0.05900992130610687,0.04052606983152516,0.051723256094303734
