,training,validation,testing
arv,0.17629770947562604,0.3204260246402683,0.258215273756162
