,training,validation,testing
nrmse,0.16821479414021537,0.19944409575521616,0.1819941727786413
