,training,testing
rmse,0.2743348113710091,0.18106184314563126
