,training,validation,testing
nrmse,0.0861839337060166,0.11257692266708783,0.09312202817848896
