,training,testing
mae,0.23743951438989833,0.14815918207370318
