,training,validation,testing
nrmse,0.08035981167003997,0.11031372327108088,0.09219582270367015
