,training,validation,testing
arv,0.2456794510547195,0.39181280159964754,0.29722557863529964
