,training,validation,testing
mae,0.03829367375424487,0.04382815809763328,0.051621762605269225
