,training,validation,testing
rmse,0.07707247701587816,0.07232798091570844,0.07712281745620461
