,training,validation,testing
arv,0.15254698682654166,0.31888883668118617,0.3081401604779676
