,training,validation,testing
mae,0.043052563414598774,0.04004117716487609,0.04678000494016655
