,training,validation,testing
smape,16.44885837755232,10.834431014284473,10.560874925794
