,training,validation,testing
mae,0.12917683538911745,0.10490134065750735,0.12142428959500765
