,training,validation,testing
nrmse,0.0740479549233846,0.11674811451704024,0.10037232706645907
