,training,validation,testing
smape,23.597221239553924,10.53067710032777,10.83849802543737
