,training,testing
smape,66.58189314833167,33.33588217171306
