,training,validation,testing
arv,0.4245973821359262,0.3603503037301871,0.5659340100982563
