,training,validation,testing
mse,0.006832402435372958,0.005448191233425608,0.006068035852089954
