,training,testing
nrmse,0.2860358798610885,0.21644885572980804
