,training,testing
arv,2.119059782225508,8.061511545893916
