,arima,lstm,mlp,rf,svr,xgboost
0,0.0327833910432931,0.0231770549744599,0.005947928972383,0.0070497103206039,0.0060680358520899,0.009231285313044
