,arima,lstm,mlp,rf,svr,xgboost
0,0.216448855729808,0.1819941727786413,0.0921958227036701,0.100372327066459,0.0931220281784889,0.1148575224947661
