,arima,lstm,mlp,rf,svr,xgboost
0,0.1810618431456312,0.1522401227484395,0.0771228174562046,0.0839625530853127,0.077897598500146,0.0960795780228244
