,arima,lstm,mlp,rf,svr,xgboost
0,33.33588217171306,27.69106034367105,10.560874925794,11.910926968650816,11.537435784397845,10.83849802543737
