,arima,lstm,mlp,rf,svr,xgboost
0,1.1333575509016791,1.0877932777577002,1.162601727254986,1.154187098892727,0.3605247732056403,1.063626472785108
