,arima,lstm,mlp,rf,svr,xgboost
0,0.1402683079283583,0.1620229798157275,0.0324932557330216,0.1310588539366359,0.0223123380744165,0.2218787136330411
