,arima,lstm,mlp,rf,svr,xgboost
0,180794.25707074068,192889.7999554898,84278.83378055044,174211.38838664553,33440.97731547609,244508.82086924388
