,training,validation,testing
smape,1.6929898762964204,4.520787926864881,82.8785895886933
