,training,validation,testing
mape,2.683237732126381,4.275253549445606,84278.83378055044
