,training,validation,testing
arv,0.009075897327815373,0.019549608502545904,0.36052477320564036
