,training,validation,testing
mse,0.002777663739949835,0.003344267471346101,0.028574994095878537
