,training,testing
arv,1.2352133435374884,1.1333575509016791
