,training,validation,testing
mape,2.314062586414377,5.5356187027817825,244508.82086924388
