,training,validation,testing
mse,0.00019648833008485174,0.000959884487586717,0.01982546576880414
