,training,validation,testing
smape,2.547185861827332,4.0293445201013505,28.36077272592565
