,training,validation,testing
arv,0.0071838476610594495,0.02561624387920718,1.0636264727851081
