,training,validation,testing
smape,2.281885618931869,5.242795150347302,106.21837271251782
