,training,validation,testing
arv,0.06814010747300822,0.0912540297449372,1.0877932777577002
