,training,validation,testing
mae,0.010037646170699925,0.023132086880414394,0.1310588539366359
