,training,validation,testing
mse,0.00045687151243739945,0.0009644792309670566,0.0019788667318200613
