,training,validation,testing
rmse,0.021374552917836655,0.03105606592868866,0.0444844549457455
