,training,validation,testing
arv,0.004030419018281747,0.02060610993553101,1.154187098892727
