,training,validation,testing
mae,0.01613973059613863,0.022831978559946453,0.032493255733021635
