,training,testing
mae,0.4588002180619126,0.14026830792835837
