,training,validation,testing
mse,0.0003409555415895431,0.0011461679115083603,0.052539618991559574
