,training,validation,testing
smape,7.308182086727618,10.211018320341045,92.45534264296847
