,training,validation,testing
mse,0.0004403645705604909,0.0009153422236516456,0.0007882001128273886
