,training,validation,testing
mae,0.015369128322603428,0.021964299932435646,0.022312338074416575
