,training,validation,testing
nrmse,0.026301021362945706,0.04013253562365721,0.13773780546596273
