,training,validation,testing
arv,0.009379993213722179,0.02066909278149997,1.162601727254986
