,training,testing
rmse,0.5082958419700194,0.14932861279538706
