,training,validation,testing
mape,1.6967710054225975,4.679952203078874,174211.38838664553
