,training,testing
mse,0.25836466296401095,0.022299034599394633
