,training,validation,testing
rmse,0.05270354580054206,0.05782964180544525,0.1690413975802334
