,training,validation,testing
smape,2.6766290501562198,4.206300387461315,36.59429402885943
