,training,validation,testing
mae,0.01335747576797105,0.025001537256596217,0.22187871363304115
