,training,testing
mape,58.5039423896048,180794.25707074068
