,training,validation,testing
mae,0.04104835329936641,0.048103644038345564,0.16202297981572755
