,training,testing
smape,88.24001445874742,85.84183697514088
