,training,validation,testing
nrmse,0.02314276820052519,0.0449085439686108,1.124548970698029
