,training,validation,testing
nrmse,0.06605508617356655,0.0767105954747688,0.8293311683030177
