,training,validation,testing
mape,2.550562801776656,4.088842172737362,33440.97731547609
