,training,validation,testing
rmse,0.020984865273822723,0.030254623178146603,0.028074901831126473
