,training,validation,testing
mape,7.4683299260908536,11.165203354877043,192889.7999554898
