,training,validation,testing
nrmse,0.017568505120305472,0.04109739914200264,0.6907909073672543
