,training,validation,testing
rmse,0.014017429510607561,0.030982002640028244,0.1408029323870925
