,training,testing
nrmse,0.6370638850384497,0.7326186051667423
