,training,validation,testing
rmse,0.018464981494427313,0.03385510170577487,0.22921522417055892
