,training,validation,testing
nrmse,0.02678942969515795,0.04119564355090066,0.21824443905208238
