,arima,lstm,mlp,rf,svr,xgboost
0,0.0222990345993946,0.0285749940958785,0.00197886673182,0.0198254657688041,0.0007882001128273,0.0525396189915595
