,arima,lstm,mlp,rf,svr,xgboost
0,0.7326186051667423,0.8293311683030177,0.2182444390520823,0.6907909073672543,0.1377378054659627,1.124548970698029
