,arima,lstm,mlp,rf,svr,xgboost
0,0.149328612795387,0.1690413975802334,0.0444844549457455,0.1408029323870925,0.0280749018311264,0.2292152241705589
