,arima,lstm,mlp,rf,svr,xgboost
0,85.84183697514088,92.45534264296847,36.59429402885943,82.8785895886933,28.36077272592565,106.21837271251782
