,training,testing
mse,0.10046992577847455,0.09439751991128227
