,training,testing
mape,485.06082366264485,81801.46375596478
