,training,testing
rmse,0.3169699130492901,0.3072417938876192
