,training,testing
nrmse,0.3171472992179173,0.3091984067262087
