,training,testing
mae,0.26960634509664344,0.25826792125134057
