,training,testing
smape,45.597354061109534,49.11997689527915
