,training,testing
arv,26.342652244711424,11.599235881054819
