,arima,lstm,mlp,rf,svr,xgboost
0,11.59923588105482,0.4480091409494767,0.0046935124126455,0.0006697781537616,0.0444229139876871,2.5394770018620347
