,arima,lstm,mlp,rf,svr,xgboost
0,1.0936577703302928,0.0064626387147803,0.0096626919816311,0.0006516975164462,0.0006041452295894,0.0008476637441661
