,training,validation,testing
nrmse,0.01851835441767859,0.015402155415444046,0.02789916323406417
