,training,validation,testing
smape,2.852440109665324,3.1332481237385994,3.7754318622800342
