,training,validation,testing
nrmse,0.006768108277742571,0.006021867778050205,0.008438189110268156
