,training,validation,testing
mae,0.002068168717072424,0.0049508422905939695,0.005969503525621856
