,training,validation,testing
arv,0.003398670951076196,0.0025202500319279316,0.006462638714780333
