,training,validation,testing
rmse,0.028839786587761124,0.027984487415026023,0.03280266337837054
