,training,validation,testing
mse,6.338657249719052e-05,6.513400220070845e-05,9.821720802108815e-05
