,training,validation,testing
mse,0.0008317332904276064,0.0007831315358817498,0.0010760147247146918
