,training,validation,testing
rmse,0.0028558817201898715,0.006566209847490776,0.008714289723433934
