,training,validation,testing
arv,0.008839365066208405,0.009041176509751067,0.009662691981631125
