,training,validation,testing
mae,0.01356922705052607,0.012216057658601601,0.016394480310422867
