,training,validation,testing
mape,1.4548300673423802,3.141584240025938,647.8749115466683
