,training,validation,testing
nrmse,0.028855926224478103,0.02816156912994329,0.0330115611051216
