,training,validation,testing
mae,0.0049084319029376496,0.004713812688241662,0.0054920874447480245
