,training,validation,testing
mse,8.15606039971466e-06,4.311511176128484e-05,7.593884538394627e-05
