,training,validation,testing
rmse,0.00676432275347923,0.005984001895356604,0.00838479210437021
