,training,validation,testing
arv,0.0004629750633137483,0.00039189113400286653,0.0006041452295894621
