,training,validation,testing
arv,8.257545237513895e-05,0.00047441522359256065,0.0006516975164462747
