,training,testing
mape,2171.9052710921624,29944.08663098104
