,training,validation,testing
mape,8.25700973151395,10.206875724995333,2561.438897567175
