,training,validation,testing
nrmse,0.0028574799599455736,0.00660775985636019,0.008769785074298517
