,training,validation,testing
arv,0.0006474549701090898,0.0007209222240544608,0.0008476637441661233
