,training,validation,testing
rmse,0.007961568469666672,0.008070563933252029,0.00991045952623228
