,training,validation,testing
mse,0.0003425459444439426,0.0002342523824207816,0.0007685434849574352
