,training,testing
mse,12.954569348300806,1.490539471706437
