,training,validation,testing
smape,4.04977358240825,4.910277463449692,5.130634707201149
