,training,testing
rmse,3.5992456637885675,1.2208765177963072
