,training,testing
arv,1.0089382653249759,1.0936577703302928
