,training,validation,testing
smape,1.2350864880056978,2.526425073611699,3.896614276532323
