,training,validation,testing
mae,0.021535607258497128,0.021287238625852793,0.02352402517646654
