,training,testing
mae,3.1190315713048893,1.0890639167144818
