,training,testing
smape,186.76904463700964,171.04443189555107
