,training,validation,testing
smape,9.205272266466489,9.329021690928418,12.924771053380365
