,training,validation,testing
rmse,0.018507996770151615,0.01530530569511049,0.02772261684901761
