,training,validation,testing
nrmse,0.00796602400966891,0.008121633273220798,0.009973572464416849
