,training,validation,testing
smape,10.466627417510129,11.258223026373166,11.90730631215909
