,training,validation,testing
mape,9.992594536161603,12.993561232090983,3956.379411059954
