,training,validation,testing
mse,4.575606231323683e-05,3.580827868363143e-05,7.030473863350902e-05
