,training,testing
nrmse,3.60125991300265,1.2286514452852613
