,training,validation,testing
mape,3.233491578150025,3.051094347000342,433.5544316962927
