,training,validation,testing
mape,9.977017767449839,10.509049357267946,2716.0995592655822
