,training,validation,testing
mae,0.005889416261788271,0.006075563189461061,0.006852606439501481
