,training,testing
mae,0.10327274434729183,0.11682120251469982
