,training,testing
rmse,0.1309860341508579,0.1460016171035301
