,training,testing
nrmse,0.13105933798754754,0.14693140154094322
