,training,testing
arv,0.4455468316787426,0.44800914094947675
