,training,testing
smape,26.72690586999452,33.10748043350966
