,training,testing
mape,176.74522553379092,35715.10803022722
