,training,testing
mse,0.017157341142569716,0.021316472196845813
