,arima,lstm,mlp,rf,svr,xgboost
0,0.2582679212513405,0.1168212025146998,0.0139320957990757,0.0060367958553228,0.0597863276016735,0.261250003971878
