,arima,lstm,mlp,rf,svr,xgboost
0,1.0890639167144818,0.0163944803104228,0.0235240251764665,0.0059695035256218,0.005492087444748,0.0068526064395014
