,arima,lstm,mlp,rf,svr,xgboost
0,81801.46375596478,35715.10803022722,5477.310765005297,463.4533102416749,12181.280980255897,42623.12205999309
