,arima,lstm,mlp,rf,svr,xgboost
0,29944.08663098104,2561.438897567175,3956.379411059954,647.8749115466683,433.5544316962927,2716.0995592655822
