,training,testing
smape,6.942776543496162,8.93057576770867
