,training,testing
mape,10.904143136845319,5477.310765005297
