,training,testing
rmse,0.015524577867619477,0.023471161367759803
