,training,testing
mae,0.011293001744332386,0.013932095799075724
