,training,testing
arv,0.0024663309499078443,0.004693512412645583
