,training,testing
mse,0.0002410125179677805,0.0005508954159514203
