,training,testing
nrmse,0.015533265901638225,0.023620633140749005
