,arima,lstm,mlp,rf,svr,xgboost
0,0.0943975199112822,0.0213164721968458,0.0005508954159514,7.8008342604081e-05,0.004055051678772,0.077365845719581
