,arima,lstm,mlp,rf,svr,xgboost
0,1.490539471706437,0.0007685434849574,0.0010760147247146,7.593884538394627e-05,7.030473863350902e-05,9.821720802108816e-05
