,arima,lstm,mlp,rf,svr,xgboost
0,1.2286514452852613,0.0278991632340641,0.0330115611051216,0.0087697850742985,0.0084381891102681,0.0099735724644168
