,arima,lstm,mlp,rf,svr,xgboost
0,0.3091984067262087,0.1469314015409432,0.023620633140749,0.0088884796125952,0.0640848175027749,0.279918494629891
