,training,testing
arv,7.98821551436497e-05,0.0006697781537616691
