,training,testing
mse,7.759769031279248e-06,7.8008342604081e-05
