,training,testing
mape,1.3614622256982853,463.4533102416749
