,training,testing
mae,0.002019712736602421,0.006036795855322876
