,training,testing
nrmse,0.0027871951268478275,0.008888479612595226
