,training,testing
rmse,0.002785636198658979,0.008832233160649745
