,training,testing
smape,1.189500320448342,3.9375451696481933
