,arima,lstm,mlp,rf,svr,xgboost
0,1.2208765177963072,0.0277226168490176,0.0328026633783705,0.0087142897234339,0.0083847921043702,0.0099104595262322
