,arima,lstm,mlp,rf,svr,xgboost
0,0.3072417938876192,0.1460016171035301,0.0234711613677598,0.0088322331606497,0.0636792876748168,0.278147165578909
