,arima,lstm,mlp,rf,svr,xgboost
0,171.04443189555107,12.924771053380365,11.90730631215909,3.896614276532323,3.775431862280034,5.130634707201149
