,arima,lstm,mlp,rf,svr,xgboost
0,49.11997689527915,33.10748043350966,8.93057576770867,3.937545169648193,20.10092375488321,51.73038694238353
