,training,testing
arv,0.049811444841051385,0.044422913987687114
