,training,testing
nrmse,0.06174755960239212,0.06408481750277491
