,training,testing
mae,0.05718212165007392,0.05978632760167355
