,training,testing
mse,0.0038084972183657713,0.004055051678772077
