,training,testing
smape,17.02425966830101,20.100923754883212
