,training,testing
mape,62.19290147020137,12181.280980255897
