,training,testing
rmse,0.061713023085615985,0.06367928767481681
