,training,testing
arv,1.9537558206325285,2.5394770018620347
