,training,testing
nrmse,0.2837459965196731,0.27991849462989105
