,training,testing
mape,253.97424966920107,42623.12205999309
