,training,testing
smape,48.3459264097922,51.73038694238353
