,training,testing
mae,0.26952436414973313,0.261250003971878
