,training,testing
mse,0.08042175235307611,0.07736584571958102
