,arima,lstm,mlp,rf,svr,xgboost
frontend,0.0926676322619284,0.0469079543933617,0.0450154046596565,0.0400867205635709,0.0649069385677598,0.0943784209473778
