,training,testing
rmse,0.1460620587989229,0.09437842094737788
