,training,testing
arv,1.9523530972009673,1.8532453897552248
