,training,testing
nrmse,0.19326932898138452,0.42915718808104275
