,training,testing
mse,0.03631946732055584,0.00016750326647716097
