,training,testing
mae,0.13774180920382217,0.010311496430993262
