,training,testing
mape,68.04437134564736,153.78665694545575
