,training,testing
smape,112.654594041125,56.365154932758976
