,arima,lstm,mlp,rf,svr,xgboost
0,1.8532453897552248,1.0022251832281106,0.0688248011466605,0.892873581320967,1.0167475538405968,1.0006616800546009
