,arima,lstm,mlp,rf,svr,xgboost
0,1.9511656081547828,1.0515372642630696,0.0065358572034355,1.087154993004818,0.0020604684026429,1.0380075927176275
