,training,validation,testing
smape,1.9006165772951376,2.145274544759836,1.5923783439267178
