,training,validation,testing
nrmse,0.05267054894749001,0.04625846896421473,0.013221396952689824
