,training,validation,testing
rmse,0.017183338386777797,0.01989843747062865,0.031016430951270085
