,training,validation,testing
mae,0.0036108663287024675,0.017793013750554195,0.029747199759694327
