,training,testing
nrmse,0.23118589725450647,0.41675773945955147
