,training,validation,testing
nrmse,0.05025717634069923,0.053627637798518,0.02327670660104874
