,training,validation,testing
rmse,0.021182411749150858,0.03426254336995053,0.04589414773971601
