,training,validation,testing
mape,1.0394815040071808,77.00895753897905,340.2833323920146
