,training,validation,testing
mae,0.02527704597484321,0.022999764799643815,0.03286925667552321
