,training,validation,testing
arv,0.031106229726864332,1.0730116546354993,1.0380075927176275
