,training,validation,testing
rmse,0.050209308342467104,0.0015831796880708645,0.0003987241985126686
