,training,validation,testing
mape,2.6227329737523166,134.43085785651712,483.22214532202213
