,training,validation,testing
mse,0.0025209746442289367,2.50645792472016e-06,1.5898098647956995e-07
