,training,validation,testing
mse,0.005576293092643574,0.0005793921456651511,0.0011376633392369039
