,training,validation,testing
smape,4.1106688444164385,3.950792649478331,4.996871051920304
