,training,validation,testing
nrmse,0.018025658895933574,0.581406683718293,1.0284817103956314
