,training,validation,testing
mse,0.0004486945675105643,0.0011739218781777411,0.0021062727967548797
