,training,validation,testing
smape,2.561216882451526,74.65101230065933,116.83544625285225
