,training,validation,testing
mse,0.0022952445088647386,3.368644987851454e-06,4.927578632859756e-07
