,training,testing
mse,0.04856858644473911,0.00015796389940206533
