,training,validation,testing
mae,0.005749868006976525,0.03307633476133382,0.04504608419544516
