,training,validation,testing
rmse,0.07467458130209753,0.024070565960632315,0.03372926532311227
