,training,validation,testing
mape,2.1936657809234528,2.1730888917834843,1.6496569881042689
