,training,validation,testing
arv,0.02023077291969248,1.2509592145576927,1.087154993004818
