,training,validation,testing
mse,0.0002952671181145114,0.0003959478137725182,0.0009620189889549049
