,training,validation,testing
nrmse,0.0222207652662661,1.0011073354820448,1.5218156995126508
