,training,validation,testing
arv,0.1632693267439958,0.031146785855968598,0.002060468402642989
