,training,validation,testing
mae,0.007385492946441005,0.0006205890636263739,0.00018349914378313974
