,training,validation,testing
smape,1.0171150023329367,49.882892699175976,97.95568586187927
