,training,testing
mae,0.18149452680000838,0.009999469316318507
