,training,testing
rmse,0.2203828179435482,0.012568369003258351
