,training,validation,testing
nrmse,0.07833509999337683,0.7033108982075026,1.1184372742435749
