,training,testing
mape,81.95510868682621,149.75844241791344
