,training,validation,testing
arv,0.17196564258621988,0.042150044751154074,0.006535857203435514
