,training,validation,testing
arv,0.5295595264067776,1.0876353838744328,1.0515372642630696
