,training,validation,testing
mae,0.01418171738403538,0.001048943630748467,0.0005947501805662929
