,training,testing
arv,1.474444237094286,1.9511656081547828
