,training,validation,testing
mape,4.200864909560134,3.893124117540207,4.83234904116586
