,training,validation,testing
rmse,0.0479087101565544,0.0018353868768876643,0.000701967138323423
