,training,testing
smape,142.01468226702482,55.496609246521245
