,training,validation,testing
mape,8.336184799537909,94.51855628293688,361.3665697979326
