,training,validation,testing
smape,8.692783572954118,59.567336819238136,102.97699439724421
