,training,testing
nrmse,0.10332527985173731,3.8193621977818224
