,training,testing
mae,0.07008384778644496,0.11502218668759043
