,training,testing
mse,0.010380703177242125,0.013266983506081161
