,training,testing
arv,5.474241876470354,1.0022251832281106
