,training,testing
mape,131.35580071707807,1116.961300806675
