,training,testing
smape,55.434886112545556,155.125083222839
