,arima,lstm,mlp,rf,svr,xgboost
0,0.0099994693163185,0.0328692566755232,0.0005947501805662,0.0297471997596943,0.0001834991437831,0.0450460841954451
