,arima,lstm,mlp,rf,svr,xgboost
0,0.0103114964309932,0.1150221866875904,0.0025058285733088,0.0035187841163747,0.0973680148213942,0.3416214597976701
