,arima,lstm,mlp,rf,svr,xgboost
0,153.78665694545575,1116.961300806675,33.735254984091114,69.10201241812793,1008.1558496496224,3251.755255375317
