,arima,lstm,mlp,rf,svr,xgboost
0,149.75844241791344,361.3665697979326,4.83234904116586,340.2833323920146,1.6496569881042689,483.2221453220221
