,training,testing
nrmse,0.0435100411290764,0.10077739769900829
