,training,testing
mae,0.014385316106585938,0.002505828573308874
