,training,testing
mse,0.0018407405532219468,9.236698714791218e-06
