,training,testing
smape,6.5012464733002515,40.08651113825547
