,training,testing
mape,6.668284696229844,33.735254984091114
