,training,testing
rmse,0.04290385242867995,0.003039193760652851
