,training,testing
arv,0.11937575381030947,0.06882480114666051
