,arima,lstm,mlp,rf,svr,xgboost
0,0.000157963899402,0.0011376633392369,4.927578632859756e-07,0.0009620189889549,1.5898098647956998e-07,0.0021062727967548
