,arima,lstm,mlp,rf,svr,xgboost
0,0.0001675032664771,0.0132669835060811,9.236698714791218e-06,3.225909713094476e-05,0.0096626745888642,0.1167824433118202
