,arima,lstm,mlp,rf,svr,xgboost
0,0.4167577394595514,1.1184372742435749,0.0232767066010487,1.0284817103956314,0.0132213969526898,1.5218156995126508
