,arima,lstm,mlp,rf,svr,xgboost
0,0.4291571880810427,3.8193621977818224,0.1007773976990082,0.1883349212591907,3.259518330631388,11.33165984587245
