,training,testing
arv,0.012631819961895151,0.892873581320967
