,training,testing
mae,0.0027306177806135307,0.003518784116374727
