,training,testing
mse,0.0002140164257822268,3.225909713094476e-05
