,training,testing
mape,1.0147834593101954,69.10201241812793
