,training,testing
nrmse,0.014835997690227618,0.1883349212591907
