,training,testing
rmse,0.014629300249233618,0.005679709247042912
