,training,testing
smape,0.9979015565843352,30.726347351662795
