,arima,lstm,mlp,rf,svr,xgboost
0,0.0125683690032583,0.0337292653231122,0.0007019671383234,0.03101643095127,0.0003987241985126,0.045894147739716
