,arima,lstm,mlp,rf,svr,xgboost
0,55.496609246521245,102.9769943972442,4.996871051920304,97.95568586187927,1.5923783439267178,116.83544625285224
