,arima,lstm,mlp,rf,svr,xgboost
0,56.365154932758976,155.125083222839,40.08651113825547,30.726347351662795,148.13144218641992,181.72747585592091
