,training,testing
arv,0.3091338599379988,1.0167475538405968
