,training,testing
smape,56.88551306572107,148.13144218641992
