,training,testing
mse,0.006561983378678892,0.009662674588864288
