,training,testing
mape,114.12165687892171,1008.1558496496223
