,training,testing
mae,0.07856727676013998,0.09736801482139426
