,training,testing
nrmse,0.08215060509441115,3.259518330631388
