,training,testing
nrmse,0.2581101531765826,11.33165984587245
