,training,testing
arv,1.1336706481642562,1.0006616800546009
