,training,testing
smape,100.43768718549191,181.72747585592094
