,training,testing
mae,0.24414998034166704,0.3416214597976701
