,training,testing
mape,440.382463836678,3251.755255375317
