,training,testing
mse,0.06477743836857672,0.11678244331182021
