,training,testing
arv,4.154308774597509,20.974687235043163
