,training,testing
mape,9656.845712883993,32.20870385801758
