,training,testing
mse,0.06322749747800095,0.015344036876226168
