,training,testing
mae,0.20583972145068002,0.09983657132248468
