,training,testing
nrmse,0.25145078539945137,0.20034359921083078
