,training,testing
smape,50.355843154530454,29.349983417123326
