,arima,lstm,mlp,rf,svr,xgboost
0,10.940897594676594,0.1722709255894828,0.1286500835528679,0.1243199666593623,0.1238378410384167,0.1284344743380484
