,arima,lstm,mlp,rf,svr,xgboost
0,20.974687235043163,5.938706852725289,0.1712080920995289,0.1285862302343898,0.1547266191733118,1.5867981371130375
