,training,testing
rmse,0.292142692478274,0.1268799243127941
