,training,validation,testing
nrmse,0.03675878681491828,0.10312345697533104,0.06617000191126828
