,training,validation,testing
arv,0.05684131207582127,0.29368240294295395,0.12383784103841677
