,training,validation,testing
smape,6.738031642671384,12.165838247165544,10.091760110796432
