,training,testing
mae,0.25354585352596637,0.10221253936576857
