,training,testing
arv,2.2004258644817196,10.940897594676594
