,training,validation,testing
rmse,0.057659019565663355,0.04626630973333797,0.0454487504549685
