,training,testing
nrmse,0.292142692478274,0.20521002147172676
