,training,validation,testing
mape,2986.250852297334,12.080546183568144,9.975080533153877
