,training,validation,testing
arv,0.05690366093350978,0.30102595718194525,0.1286500835528679
