,training,validation,testing
smape,9.268270938667081,11.771011957211114,9.78694436694621
