,training,validation,testing
rmse,0.03675878681491828,0.037824357585799204,0.0409124504449988
