,training,validation,testing
nrmse,0.050028945740223034,0.10160502771297059,0.06595115033226269
