,training,validation,testing
mae,0.037759525685682936,0.029215234667690614,0.03185319231628574
