,training,testing
mse,0.08534735276845537,0.016098515193620357
