,training,validation,testing
smape,11.318803846084155,14.809814753693196,11.21002907174872
