,training,validation,testing
mae,0.026918240220532658,0.029665513888330625,0.03215139124596856
