,training,validation,testing
smape,6.771072938790355,11.830439698841635,9.879851365177643
