,training,validation,testing
mse,0.0012146197310504917,0.0015023106898425682,0.0017598799775935389
