,training,validation,testing
mae,0.04455067628946552,0.036647394480008595,0.03611493771393606
