,training,validation,testing
mape,4142.110372168221,12.615774926825807,10.34505414363682
