,training,validation,testing
rmse,0.04989853132450306,0.03711975879258854,0.0406941064756117
