,training,validation,testing
arv,0.030772447499605053,0.2939999098002752,0.12431996665936237
