,training,validation,testing
nrmse,0.04989853132450306,0.10120245506084485,0.06581686195718311
