,training,validation,testing
mse,0.002489863428342413,0.0013778764928199542,0.001656010301848422
