,training,validation,testing
nrmse,0.03485139496563217,0.10567342446041686,0.0678495825625136
