,training,validation,testing
mae,0.03672629781887346,0.029149747630819248,0.03180069537933324
