,training,testing
smape,58.83179855466677,30.08880415710245
