,training,validation,testing
mae,0.024736955129153793,0.030228852447162946,0.0328012079396947
