,training,validation,testing
mse,0.0013512084081046102,0.0014306820267784058,0.0016738286014144823
