,training,validation,testing
mse,0.0033245625372735495,0.0021405714163411638,0.002065588917918
