,training,validation,testing
rmse,0.03485139496563217,0.03875965286019172,0.041950923441487424
