,training,validation,testing
arv,0.07746629452187136,0.5175456304882449,0.17227092558948282
