,training,validation,testing
mape,4961.133487413944,15.982967623501635,11.864154055832572
