,training,validation,testing
mape,2542.8980886659037,12.23948170720806,10.123037408128335
