,training,validation,testing
mse,0.0025028954118781806,0.0013888603894746056,0.0016627748236943234
