,training,testing
mape,12416.509779305588,31.828933899669103
