,training,validation,testing
arv,0.028233000179074774,0.3231277907262942,0.12843447433804844
