,training,validation,testing
smape,8.885272729703756,11.737498711618311,9.758369843443258
