,training,validation,testing
rmse,0.050028945740223034,0.03726741726326907,0.04077713604085411
