,training,validation,testing
nrmse,0.057659019565663355,0.12613940079142277,0.07350681447235687
