,training,validation,testing
mape,3159.5135125061847,12.292102051127166,10.088538626593918
