,training,testing
smape,58.67753395062866,35.18150641612691
