,training,testing
mae,0.23458762892101498,0.11830796758113261
