,training,testing
nrmse,0.2884346723687409,0.23648308851623775
