,training,testing
arv,3.1661231796924265,5.938706852725289
