,training,testing
mape,10165.99988516612,35.45513418191607
