,training,testing
mse,0.0831945602244629,0.021379072873393568
