,arima,lstm,mlp,rf,svr,xgboost
0,0.0998365713224846,0.1183079675811326,0.0375438628070107,0.0322831594252741,0.0337973512253958,0.115686551814404
