,arima,lstm,mlp,rf,svr,xgboost
0,0.1022125393657685,0.036114937713936,0.0318531923162857,0.0321513912459685,0.0318006953793332,0.0328012079396947
