,arima,lstm,mlp,rf,svr,xgboost
0,32.20870385801758,35.45513418191607,11.883449872618591,10.107417501180612,10.203158752132724,46.21757689484009
