,arima,lstm,mlp,rf,svr,xgboost
0,31.828933899669103,11.864154055832572,10.088538626593918,10.123037408128337,9.975080533153877,10.34505414363682
