,training,testing
nrmse,0.057901733225475926,0.07742870791696273
