,training,testing
mae,0.04473328261162048,0.03754386280701075
