,training,testing
mape,3525.142229028212,11.883449872618591
