,training,testing
smape,12.49898197144592,11.579860723030652
