,training,testing
mse,0.003352610710514183,0.002291884430672648
