,training,testing
arv,0.07297310051163883,0.17120809209952897
