,arima,lstm,mlp,rf,svr,xgboost
0,0.0160985151936203,0.002065588917918,0.0016627748236943,0.0016738286014144,0.0016560103018484,0.0017598799775935
