,arima,lstm,mlp,rf,svr,xgboost
0,0.0153440368762261,0.0213790728733935,0.0022918844306726,0.0016808505080649,0.0018970259333384,0.0183942793426546
