,arima,lstm,mlp,rf,svr,xgboost
0,0.2052100214717267,0.0735068144723568,0.0659511503322626,0.0661700019112682,0.0658168619571831,0.0678495825625136
