,arima,lstm,mlp,rf,svr,xgboost
0,0.2003435992108307,0.2364830885162377,0.0774287079169627,0.0663086520966078,0.0704437210894041,0.2193547502282813
