,training,testing
arv,0.007065807667083107,0.12858623023438986
