,training,testing
mae,0.01355555225718034,0.03228315942527411
