,training,testing
mape,1195.6511774441362,10.107417501180613
