,training,testing
mse,0.0003285192703235361,0.0016808505080649645
