,training,testing
nrmse,0.01812510056037031,0.06630865209660786
