,training,testing
smape,3.892539086564259,9.867598372588843
