,arima,lstm,mlp,rf,svr,xgboost
0,0.1238710493869579,0.1462158434417883,0.0478736298046497,0.040998176887088,0.0435548611906685,0.1356255114005275
