,arima,lstm,mlp,rf,svr,xgboost
0,0.1268799243127941,0.0454487504549685,0.0407771360408541,0.0409124504449988,0.0406941064756117,0.0419509234414874
