,arima,lstm,mlp,rf,svr,xgboost
0,29.34998341712333,35.18150641612691,11.579860723030652,9.867598372588844,10.18598329089492,32.852768524629724
