,arima,lstm,mlp,rf,svr,xgboost
0,30.08880415710245,11.21002907174872,9.78694436694621,9.879851365177643,9.758369843443258,10.091760110796432
