,training,testing
mape,2948.8735945707026,10.203158752132724
