,training,testing
nrmse,0.04835603951583048,0.07044372108940412
