,training,testing
mae,0.038034547861940556,0.0337973512253958
