,training,testing
arv,0.05223852245781419,0.15472661917331182
