,training,testing
smape,10.779260931270956,10.18598329089492
