,training,testing
mse,0.0023383065576565586,0.0018970259333384047
