,training,testing
nrmse,0.1612177799806256,0.21935475022828133
