,training,testing
arv,4.944730675608892,1.5867981371130377
