,training,testing
mape,11187.585823162444,46.21757689484009
