,training,testing
mae,0.13857664664145247,0.11568655181440406
