,training,testing
smape,35.908567414195645,32.852768524629724
