,training,testing
mse,0.0259911725818814,0.01839427934265463
