,training,testing
rmse,0.154582115719682,0.09266763226192841
