,training,testing
rmse,0.005718462138009639,0.03906182269186041
