,training,testing
rmse,0.24001755026054356,0.15044522944616873
