,training,testing
rmse,0.012584034791961048,0.03237146714027493
