,training,testing
mae,0.6357280880618771,0.8529232027500012
