,training,testing
smape,186.66676567441866,175.84425791314374
