,training,testing
nrmse,0.7569639559029214,1.0105839120625335
