,training,testing
mape,29315.937906795723,100604.33517855805
