,training,testing
arv,1.2001204650303865,1.2288218427385855
