,training,testing
mse,0.5459358869093908,1.0212798433196144
