,arima,lstm,mlp,rf,svr,xgboost
0,1.2288218427385855,0.0203803782779875,0.0067702301594702,0.0038679306792243,0.034685279528102,5.734711861195397
