,arima,lstm,mlp,rf,svr,xgboost
0,1.0076557411644889,0.004088450209161,0.0034349110431735,0.0039415124618048,0.0033696816289895,0.0051191551333318
