,training,validation,testing
smape,9.490785809318746,10.223931157869776,13.286750771428245
