,training,validation,testing
mse,0.0004078391213566565,0.0003678614122856358,0.00038847878411684355
