,training,testing
arv,1.0007755579164361,1.0076557411644889
