,training,testing
rmse,10.233086802826245,3.494193127351709
