,training,validation,testing
smape,4.311097068664654,7.751623881579841,10.929307760980752
