,training,validation,testing
arv,0.0038381779344450143,0.0036719907568123033,0.0033696816289895677
