,training,validation,testing
arv,0.0007550326205012424,0.0042662522733491505,0.003941512461804816
