,training,validation,testing
nrmse,0.009001280364919604,0.020727824460399922,0.02086356307768167
