,training,validation,testing
mape,3089.9132890126652,4862.268992563413,6247.39445988993
