,training,validation,testing
mse,0.000477454472129333,0.0004316681155605482,0.00045867891051349963
