,training,validation,testing
mae,0.006262776916656879,0.015231701927641419,0.015081065552807017
