,training,validation,testing
mse,0.0002854849213294926,0.0004981811926611829,0.0005534646702211225
