,training,validation,testing
mae,0.01417803803408025,0.01391869615352552,0.013682138557210694
