,training,validation,testing
smape,10.491095809306172,9.299954713171196,13.116378835845321
