,training,validation,testing
mape,456.2631678719605,4438.576457800971,3846.1975440666642
