,training,testing
nrmse,10.483614351671338,3.494193127351709
