,training,validation,testing
nrmse,0.02026738827470099,0.019243798371087053,0.019429069644520663
