,training,validation,testing
rmse,0.020195027144241637,0.019179713561094592,0.0197098651470994
