,training,validation,testing
smape,9.08807454079248,9.34241771051488,11.556232465054375
