,training,validation,testing
mae,0.012331453469909433,0.017006930680773556,0.01724336423361249
