,training,validation,testing
mse,0.0003913693563290022,0.00035067972049240235,0.00037748874725163426
