,training,validation,testing
rmse,0.008786176238552034,0.02017057366493421,0.02086356307768167
