,training,testing
mse,104.71606551417665,12.209385611231916
