,training,validation,testing
nrmse,0.022385683613542748,0.02135061836388924,0.02141679038776585
