,training,validation,testing
arv,0.0028142503556244057,0.005266593550011942,0.005119155133331892
