,training,validation,testing
smape,10.379082194402086,8.636809882609779,13.081833440762146
