,training,validation,testing
mape,2049.303185532787,4160.989999350842,5918.447295353468
