,training,validation,testing
rmse,0.016896299042378854,0.02231997295386316,0.023525829851912185
