,training,validation,testing
arv,0.004669184243989223,0.0045075311104430795,0.0040884502091610595
