,training,testing
smape,198.79290344283612,195.06597939718918
