,training,testing
mae,8.910613009561976,3.065324886062324
