,training,validation,testing
nrmse,0.01730995608108117,0.02293660502838547,0.023525829851912185
