,training,validation,testing
mape,1479.5221692703553,2838.062814740905,3775.9296059922767
