,training,validation,testing
mse,7.719689289489636e-05,0.0004068520419725375,0.0004352882642964017
