,training,validation,testing
arv,0.003991495356465906,0.003839198757965663,0.003434911043173556
