,training,validation,testing
rmse,0.021850731615424987,0.02077662425805858,0.02141679038776585
