,training,validation,testing
rmse,0.019783057304901135,0.018726444416717294,0.019429069644520663
