,training,validation,testing
mape,986.4366093440354,3776.932769422765,4166.996400633966
