,training,validation,testing
mae,0.01612547856091827,0.01573580281904999,0.015669491848480665
