,training,validation,testing
nrmse,0.020689444004646812,0.019709589945190946,0.0197098651470994
