,training,validation,testing
mae,0.014808245060512093,0.01435395642022931,0.01398482246127068
