,training,testing
mape,1771756.069903003,1433293.4360958498
