,training,testing
rmse,0.0454546184678873,0.0452673057054066
