,training,testing
mse,0.002066122340061201,0.002049128965826737
