,training,testing
mape,3974.7320553045774,8097.266687800024
