,training,testing
arv,0.02302788534860891,0.02038037827798756
