,training,testing
nrmse,0.04656744340212937,0.0452673057054066
