,training,testing
mae,0.03559505753728224,0.035391634325990996
