,training,testing
smape,17.069808736664697,20.488316584118586
