,arima,lstm,mlp,rf,svr,xgboost
0,0.8529232027500012,0.0353916343259909,0.018976557879901,0.0149806923884795,0.0502680223792469,0.2150918441557465
