,arima,lstm,mlp,rf,svr,xgboost
0,3.065324886062324,0.0156694918484806,0.0139848224612706,0.015081065552807,0.0136821385572106,0.0172433642336124
