,arima,lstm,mlp,rf,svr,xgboost
0,100604.33517855805,8097.266687800024,6850.344912575861,4097.330173667081,30730.790594462705,126068.67704280392
