,arima,lstm,mlp,rf,svr,xgboost
0,1433293.4360958498,5918.447295353468,3775.9296059922767,3846.197544066664,4166.996400633966,6247.39445988993
