,training,testing
mae,0.019471576447150547,0.01897655787990109
