,training,testing
nrmse,0.02722393228162745,0.02757853241233964
