,training,testing
arv,0.007015153319968782,0.006770230159470235
