,training,testing
rmse,0.026573360370485615,0.02757853241233964
