,training,testing
mape,2716.1752384631654,6850.344912575861
