,training,testing
smape,13.337594945278846,15.472769511023607
