,training,testing
mse,0.0007061434813796953,0.0007605754500184681
