,arima,lstm,mlp,rf,svr,xgboost
0,1.0212798433196144,0.0020491289658267,0.0007605754500184,0.0004279814191245,0.0031741437265534,0.0562783554196799
