,arima,lstm,mlp,rf,svr,xgboost
0,12.209385611231916,0.0004586789105134,0.0003884787841168,0.0004352882642964,0.0003774887472516,0.0005534646702211
