,arima,lstm,mlp,rf,svr,xgboost
0,1.0105839120625335,0.0452673057054066,0.0275785324123396,0.0206877117904448,0.056339539637394,0.2372305954544647
