,training,testing
mae,0.005764937398777252,0.014980692388479554
