,arima,lstm,mlp,rf,svr,xgboost
0,3.494193127351709,0.0214167903877658,0.0197098651470994,0.0208635630776816,0.0194290696445206,0.0235258298519121
