,arima,lstm,mlp,rf,svr,xgboost
0,195.0659793971892,13.081833440762146,13.11637883584532,10.929307760980752,11.556232465054377,13.286750771428244
