,arima,lstm,mlp,rf,svr,xgboost
0,175.84425791314374,20.488316584118586,15.472769511023609,11.061594408010938,33.481290438470715,62.84862016009713
