,training,testing
mae,0.04480310629351903,0.05026802237924698
