,training,testing
mape,17369.963789902893,30730.790594462705
