,training,testing
smape,26.3691038161637,33.481290438470715
