,training,testing
arv,0.03180059449102993,0.03468527952810201
