,training,testing
mse,0.0026762472307193205,0.003174143726553492
