,training,testing
nrmse,0.052998977885392796,0.05633953963739402
