,training,testing
mse,0.051469182584485365,0.05627835541967992
