,training,testing
mae,0.20636553871691124,0.21509184415574653
