,training,testing
smape,53.938570091627255,62.84862016009713
