,training,testing
mape,73816.72622531006,126068.67704280393
