,training,testing
nrmse,0.23242241750154788,0.23723059545446476
