,training,testing
rmse,0.22686820531860644,0.23723059545446476
