,training,testing
arv,4.952424119894911,5.734711861195397
