,training,testing
rmse,0.7405961849674666,1.0105839120625335
