,training,testing
rmse,0.09368441380512223,0.09651068127966983
