,training,testing
rmse,0.025277169873752118,0.026566648164994208
