,training,testing
rmse,0.007944559826486201,0.020760176601228277
