,arima,lstm,mlp,rf,svr,xgboost
frontend,1.0105839120625335,0.0965106812796698,0.0265666481649942,0.0207601766012282,0.0562924063259915,0.2372295669797096
