,training,testing
rmse,0.05179749984013626,0.05629240632599154
