,training,testing
rmse,0.905023924104422,0.8614033063577414
