,training,testing
rmse,0.02058476914698871,0.029857798408923848
