,training,testing
rmse,0.2834126497540175,0.27812039412206463
