,training,testing
smape,136.46794046363206,61.94963884754012
