,training,testing
mape,80.57739075219655,32626.024945627694
