,training,testing
mae,0.5491108467024991,0.12952128686900866
