,training,testing
mse,0.30410247674918495,0.022708196842496267
