,training,testing
arv,0.952499603175054,1.2719781717058873
