,training,testing
nrmse,0.8846083047040175,0.3764168881067085
