,arima,lstm,mlp,rf,svr,xgboost
0,1.2719781717058871,1.0393474768516535,0.0248962120285199,1.3969901566488907,1.157611190043771,1.1701269746605247
