,arima,lstm,mlp,rf,svr,xgboost
0,1.246002456302353,0.957096378857978,0.0917686245834357,1.0703297652955652,0.0110824197419283,1.0798216651071522
