,training,validation,testing
mape,3.4447348595198357,4.691176056779226,28073.05301401221
