,training,testing
mse,0.30761195234861627,0.023793028397875768
