,training,validation,testing
smape,2.784692461499168,15.21588247828127,104.43413211019761
