,training,validation,testing
nrmse,0.08736064400695133,0.09198466204415033,0.3500299869666964
