,training,testing
mape,72.59934931514243,33050.51467859128
