,training,testing
rmse,0.5546277601676788,0.15424988945822868
