,training,testing
mae,0.5519517067993348,0.13399110544055173
