,training,validation,testing
nrmse,0.08294535928791862,0.0481609828542712,0.10712180067757482
