,training,validation,testing
mae,0.025536606398820633,0.011123694069223367,0.009324638314123472
