,training,validation,testing
arv,0.26293853563915004,0.041403849293867735,0.09176862458343575
