,training,validation,testing
mse,0.00034653077899893795,0.014827917978777421,0.18499609105137269
