,training,validation,testing
mape,2.7780512651091445,17.52362708059445,70432.0466661874
