,training,validation,testing
mae,0.025481124222478155,0.010927780432669863,0.031453199716642004
