,training,validation,testing
rmse,0.03350497989429209,0.014468058890140136,0.04288447418575452
