,training,validation,testing
rmse,0.03375689513588451,0.014913969303691113,0.011572558383390875
