,training,validation,testing
mse,0.0008132115630327216,0.010398161539124711,0.16444299218795547
