,training,validation,testing
mape,3.265430162490357,2.1442019981657854,10116.177440144067
