,training,validation,testing
mae,0.013961826424335478,0.10005416542706612,0.4157406343767013
