,training,validation,testing
rmse,0.01861533719809926,0.12176993873192768,0.43011171926764874
