,training,validation,testing
nrmse,0.08356900390104509,0.049645320452330395,0.028907275092275534
