,training,validation,testing
mae,0.026862247315809013,0.0219757491394678,0.13032072106147216
