,training,validation,testing
nrmse,0.04608436826506333,0.40534531798392615,1.074382809519982
