,training,validation,testing
smape,1.7862755862763562,18.463501637084494,107.27454958509401
