,training,validation,testing
arv,0.19489356496887014,1.8647306724900994,1.0798216651071522
