,training,validation,testing
mae,0.021730291863553474,0.08010696287701771,0.39023989571611567
