,training,validation,testing
smape,3.2624758502442717,2.1739273849168,8.741602035100174
