,training,validation,testing
mape,3.269974303902053,2.198579020253489,2066.9172133998454
