,training,validation,testing
arv,0.24597708575268487,0.22992718822817054,0.957096378857978
