,training,testing
arv,0.9763394762778143,1.246002456302353
