,training,validation,testing
nrmse,0.07059671673480072,0.3394402616261392,1.0129440556852778
