,training,validation,testing
mape,1.788881331304363,21.638882346702164,73471.87187063225
