,training,validation,testing
mse,0.001122583677716917,0.000209324728048563,0.0018390781261886462
