,training,validation,testing
smape,3.4344282250564717,4.516968870621748,62.72444319273253
