,training,validation,testing
mse,0.0011395279692151031,0.00022242648039144078,0.00013392410753699043
