,training,validation,testing
arv,0.2756794411941954,0.04493188327823669,0.011082419741928343
