,training,testing
nrmse,1.3730436186890203,0.38530321816493557
