,training,validation,testing
rmse,0.03528849167854104,0.027633146762626303,0.14012882387493042
