,training,validation,testing
mse,0.0012452776449464603,0.0007635908000048446,0.01963608728057127
