,training,testing
smape,116.53031701538919,63.11434538904871
