,training,validation,testing
arv,0.07858213605214764,1.4996929764471127,1.0703297652955652
