,training,validation,testing
smape,3.25609048918241,2.1327166751601823,47.1651695046512
