,training,validation,testing
rmse,0.028516864537194854,0.10197137607743023,0.4055157113947072
