,training,testing
mse,0.04083328838253526,0.0349705979096647
