,training,testing
mape,23.39623807151032,34959.64796207597
