,training,testing
arv,1.3710935294836735,1.0393474768516537
