,training,testing
mae,0.1778878938518956,0.1766555439168471
