,training,testing
nrmse,0.3241516312930813,0.46712090513395615
