,training,testing
smape,27.121695713748306,73.30046946185497
