,arima,lstm,mlp,rf,svr,xgboost
0,0.1339911054405517,0.1303207210614721,0.031453199716642,0.4157406343767013,0.0093246383141234,0.3902398957161156
