,arima,lstm,mlp,rf,svr,xgboost
0,0.1295212868690086,0.1766555439168471,0.0153213412980579,0.1744144278332148,0.4007515759163635,0.2674947152355079
