,arima,lstm,mlp,rf,svr,xgboost
0,32626.02494562769,34959.64796207597,2360.066092447972,44594.20889831979,78868.3327076634,55757.65158758519
