,arima,lstm,mlp,rf,svr,xgboost
0,33050.51467859128,28073.05301401221,10116.177440144069,73471.87187063225,2066.9172133998454,70432.0466661874
