,training,testing
mae,0.03558070615585628,0.015321341298057912
