,training,testing
mse,0.002100393075045347,0.0003590503191588228
