,training,testing
mape,5.018251756595722,2360.066092447972
