,training,testing
nrmse,0.07351760025442623,0.04733206295248213
