,training,testing
arv,0.12090934020285073,0.024896212028519903
