,training,testing
smape,4.88162292944756,13.073838578408518
