,training,testing
rmse,0.04583004554923928,0.01894862314678359
