,arima,lstm,mlp,rf,svr,xgboost
0,0.0237930283978757,0.0196360872805712,0.0018390781261886,0.1849960910513726,0.0001339241075369,0.1644429921879554
