,arima,lstm,mlp,rf,svr,xgboost
0,0.0227081968424962,0.0349705979096647,0.0003590503191588,0.0423588801085463,0.1913712835844006,0.0837265900058968
