,arima,lstm,mlp,rf,svr,xgboost
0,0.3853032181649355,0.3500299869666964,0.1071218006775748,1.074382809519982,0.0289072750922755,1.0129440556852778
