,arima,lstm,mlp,rf,svr,xgboost
0,0.3764168881067085,0.4671209051339561,0.0473320629524821,0.5141028479665147,1.0927382865294353,0.7227855754006155
