,training,testing
arv,0.008117642647076628,1.3969901566488907
