,training,testing
mae,0.008365019844877832,0.17441442783321487
