,training,testing
mse,0.00013338394129464173,0.04235888010854637
