,training,testing
mape,1.1427435223501177,44594.20889831979
