,training,testing
nrmse,0.018526475506241896,0.5141028479665147
