,training,testing
rmse,0.011549196564897566,0.20581273067657008
