,training,testing
smape,1.1414653934467482,70.72643244348608
