,arima,lstm,mlp,rf,svr,xgboost
0,0.1542498894582286,0.1401288238749304,0.0428844741857545,0.4301117192676487,0.0115725583833908,0.4055157113947072
