,arima,lstm,mlp,rf,svr,xgboost
0,63.11434538904871,62.72444319273253,47.1651695046512,107.274549585094,8.741602035100174,104.4341321101976
