,arima,lstm,mlp,rf,svr,xgboost
0,61.94963884754012,73.30046946185497,13.073838578408518,70.72643244348608,102.65818080345863,87.80590384701
