,training,testing
mse,0.0014750584800205223,0.19137128358440067
