,training,testing
arv,0.11739661151177015,1.157611190043771
