,training,testing
smape,4.658211412371936,102.65818080345865
