,training,testing
mape,4.787147002527351,78868.3327076634
