,training,testing
rmse,0.03840649007681543,0.4374600365569416
