,training,testing
mae,0.030945116690001793,0.4007515759163635
