,training,testing
nrmse,0.06160921183482813,1.0927382865294353
