,training,testing
smape,22.911316068128695,87.80590384701
