,training,testing
nrmse,0.27783994216754204,0.7227855754006155
