,training,testing
arv,1.33176583558772,1.1701269746605247
