,training,testing
rmse,0.1732022966047484,0.2893554734334515
