,training,testing
mse,0.029999035549159236,0.08372659000589688
