,training,testing
mape,20.275021977977737,55757.65158758519
