,training,testing
mae,0.1532777100006339,0.26749471523550794
