,arima,lstm,mlp,rf,svr,xgboost
0,1.408891848108483,1.5466259809091956,0.7215751652045551,0.6882599058024165,0.778228399439764,0.8259115408626794
