,arima,lstm,mlp,rf,svr,xgboost
0,0.1411502460528371,0.1258153247475153,0.0496179115403684,0.0498449990020074,0.0480965954567786,0.0469754704853232
