,arima,lstm,mlp,rf,svr,xgboost
0,72.68999600592618,65.17249463794607,21.356875580141686,21.050227144967568,20.83665302795738,19.206435213514947
