,training,validation,testing
arv,0.08324968313635332,0.9669304348252605,0.6882599058024165
