,training,validation,testing
smape,21.236401761625853,14.014677316991078,19.027095892071493
