,training,validation,testing
mae,0.05573066859232795,0.051083783888894875,0.04809659545677867
