,training,validation,testing
nrmse,0.06151420041823968,0.14176432371297634,0.15033900048547452
