,training,testing
arv,8.20466761726953,1.408891848108483
