,training,validation,testing
arv,0.18127014208160297,0.9298773422258318,0.7215751652045551
