,training,validation,testing
mape,7711.347483579155,14.09555980587221,21.356875580141686
