,training,testing
smape,40.47553608412949,47.908986524683854
