,training,testing
mae,0.12030954679351871,0.14115024605283719
