,training,validation,testing
mse,0.0017464995038436975,0.004399800182730609,0.004723632181639053
