,training,validation,testing
nrmse,0.04179114145179212,0.14038789408964494,0.15521700112699446
