,training,validation,testing
mape,35538.92733475598,15.636164982880743,19.206435213514947
