,training,validation,testing
smape,23.413176020748498,15.006784445220944,18.534462760700567
