,training,testing
mse,0.027998061898544157,0.024246949869497582
