,training,testing
rmse,0.16732621402082865,0.1557143213371769
