,training,validation,testing
nrmse,0.10467046698352583,0.14325403554847357,0.145285748112858
