,training,validation,testing
mae,0.11372755366420134,0.06862219374960865,0.1258153247475153
