,training,validation,testing
rmse,0.10467046698352583,0.06768519469053717,0.06433121621094395
