,training,validation,testing
mape,5056.379880705609,14.450577727521289,20.83665302795738
