,training,validation,testing
nrmse,0.16040735823471533,0.19181358693159734,0.31784228513998836
