,training,validation,testing
nrmse,0.08576250199608679,0.15025500444763895,0.15195358629273056
