,training,validation,testing
arv,0.7304762257543476,1.2190805335877668,0.8259115408626794
