,training,validation,testing
mae,0.027099354589064276,0.049776191935214105,0.049844999002007416
