,training,validation,testing
arv,0.6254093305016157,1.082238124568384,0.778228399439764
