,training,validation,testing
mape,8623.971122923529,14.01017785654103,21.050227144967568
