,training,validation,testing
mse,0.025730520575840295,0.008213577667180718,0.019807097748819794
