,training,validation,testing
arv,14.93034262083274,188.45752166218037,1.5466259809091956
