,training,validation,testing
rmse,0.04179114145179212,0.06633098961066847,0.06872868528961582
