,training,validation,testing
smape,17.111921379714175,13.736162990324226,19.996612094196625
