,training,validation,testing
rmse,0.08576250199608679,0.07099303827866466,0.06728367469486737
