,training,validation,testing
mse,0.0037839968530953582,0.0044864985889372915,0.004431398568641156
