,training,validation,testing
rmse,0.06151420041823968,0.06698133015204528,0.06656875069160571
