,training,validation,testing
rmse,0.16040735823471533,0.09062879049827774,0.14073769128708838
