,training,testing
nrmse,0.16732621402082865,0.351665536575214
