,training,validation,testing
mse,0.010955906658549371,0.004581285580295921,0.004138505379179217
