,training,validation,testing
mae,0.04357055617766706,0.049972137670947166,0.04961791154036848
