,training,testing
mape,85357.40356507772,72.68999600592618
