,training,validation,testing
mae,0.05700772779900377,0.05441147457721528,0.046975470485323224
