,training,validation,testing
mse,0.007355206748628791,0.0050400114840359455,0.004527092880444737
