,training,validation,testing
mape,80743.07932204941,20.446566254158917,65.17249463794607
