,training,validation,testing
smape,39.14216088144268,18.798745903243173,44.129446163131355
