,training,validation,testing
smape,10.827513316070627,13.807294193685548,20.377421909213243
