,arima,lstm,mlp,rf,svr,xgboost
0,0.0242469498694975,0.0198070977488197,0.0044313985686411,0.004723632181639,0.0041385053791792,0.0045270928804447
