,arima,lstm,mlp,rf,svr,xgboost
0,0.351665536575214,0.3178422851399883,0.1503390004854745,0.1552170011269944,0.145285748112858,0.1519535862927305
