,arima,lstm,mlp,rf,svr,xgboost
0,0.1557143213371769,0.1407376912870883,0.0665687506916057,0.0687286852896158,0.0643312162109439,0.0672836746948673
