,arima,lstm,mlp,rf,svr,xgboost
0,47.908986524683854,44.12944616313136,19.996612094196625,20.377421909213243,19.027095892071493,18.534462760700567
