,training,testing
smape,45.59116647297385,49.11997689527915
