,training,testing
mse,0.10023029391934808,0.09439751991128227
