,training,testing
mae,0.2691094604453007,0.25826792125134057
