,training,testing
arv,26.55709115855466,11.599235881054819
