,training,testing
nrmse,0.31676885777525654,0.3091984067262087
