,training,testing
rmse,0.31659168327571097,0.3072417938876192
