,training,testing
mape,485.20756127904923,81801.46375596478
