,arima,lstm,mlp,rf,svr,xgboost
0,11.59923588105482,1.413740361215301,0.0028866409844335,0.000687293721396,0.0441118049513238,2.5379972111430904
