,arima,lstm,mlp,rf,svr,xgboost
0,1.067197699618006,0.0058046370347022,0.0096592531454452,0.0006722608001229,0.0005882476753152,0.0008665065070759
