,training,validation,testing
mape,1.483199625775875,3.194782861305699,685.9966086727441
