,training,validation,testing
rmse,0.002824782682085716,0.006543041136206188,0.008854131388148187
