,training,testing
smape,187.72518819053332,174.5457477172455
