,training,testing
mae,3.7512264738140817,1.2737740720759911
