,training,validation,testing
smape,2.654220627647175,2.8357792818117478,3.529403279280548
