,training,validation,testing
rmse,0.007682560365705374,0.008013995195242686,0.010031833414486341
