,training,validation,testing
rmse,0.016223587098832013,0.013316933410522676,0.025873883348244846
