,training,validation,testing
mape,9.85894545179869,10.577389613511178,2723.913713876092
