,training,validation,testing
mse,4.353994584750641e-05,3.574079920263029e-05,6.840351141235772e-05
