,training,validation,testing
smape,3.9673280601400664,4.962790269091389,5.178990751502894
