,training,validation,testing
mse,0.00026320477835338853,0.0001773407154602951,0.0006694578395185819
