,training,validation,testing
arv,0.00043995001964210954,0.00039207227578987817,0.0005882476753152011
