,training,validation,testing
mae,0.011228984772292139,0.009808640815786114,0.013681397907372269
