,training,validation,testing
nrmse,0.006602173284972278,0.006016191100097166,0.008323311594721543
