,training,testing
mse,18.858283946320615,2.0610256232547424
