,training,testing
mape,2706.5508722302843,49638.478756502256
