,training,validation,testing
mae,0.002046902052365898,0.0049522821664801835,0.006014834884202077
