,training,validation,testing
nrmse,0.002826363517857664,0.006584444536882789,0.008910517294926689
