,training,validation,testing
mae,0.005691961250554045,0.006020016467076446,0.00697457748080863
