,training,validation,testing
rmse,0.028748472973650227,0.02768780554092323,0.03318915978108052
