,training,validation,testing
mape,10.25302110026718,6.668320182618374,4814.20986619122
