,training,validation,testing
arv,0.0006009047752743717,0.0007104557390796235,0.0008665065070759202
