,training,testing
nrmse,4.345042831850946,1.4447697858379152
