,training,testing
arv,1.006653636165047,1.067197699618006
