,training,validation,testing
rmse,0.006598480571124416,0.005978360912710965,0.008270641535718841
