,training,validation,testing
arv,8.062260630842727e-05,0.00047139903580490684,0.0006722608001229625
