,training,validation,testing
smape,1.2442010739318805,2.5320189601954506,3.9000713855158313
