,training,validation,testing
smape,13.52456142424415,12.55919564278316,16.895956162676782
