,training,validation,testing
smape,5.562178529578626,4.436172130090547,6.88100352865413
