,training,validation,testing
nrmse,0.016232666320039998,0.013401201003878994,0.026038656414118344
