,training,validation,testing
nrmse,0.007686859764141677,0.008064706576568553,0.01009571929994811
