,training,validation,testing
mse,0.0008264746983166974,0.0007666145756719792,0.0011015203269740931
