,training,validation,testing
arv,0.008593695074058515,0.008690037176162504,0.00965925314544521
