,training,validation,testing
mape,2.8866635799236526,3.0407325148052267,635.1749963143949
