,training,validation,testing
mae,0.004762319676887494,0.004700368024656184,0.005425245001047271
