,training,validation,testing
nrmse,0.028764561508444014,0.027863009896635312,0.033400518839065335
