,training,validation,testing
mse,5.902173377270709e-05,6.422411898937285e-05,0.00010063768165600469
