,training,validation,testing
mae,0.02257157693585944,0.02206033510063657,0.02543370512386287
