,training,testing
rmse,4.342612571519663,1.435627257770882
