,training,validation,testing
arv,0.002682708003969603,0.0019647128479188002,0.005804637034702211
