,training,validation,testing
mse,7.979397201011371e-06,4.281138731008637e-05,7.839564263859093e-05
