,training,validation,testing
mape,15.88462574285413,18.741093552778697,2331.6722764898363
