,training,testing
mae,0.8505320413687482,0.785253269173419
