,training,testing
mse,0.8512012284190515,0.7684216678911453
