,training,testing
rmse,0.9226056733074275,0.8765966392196273
