,training,testing
mape,279.91571589129995,34264.89636344123
