,training,testing
arv,1.2845441831583324,1.413740361215301
