,training,testing
nrmse,0.9231219919824944,0.8821790836418497
