,training,testing
smape,179.6687694295835,172.25058741762854
