,arima,lstm,mlp,rf,svr,xgboost
0,1.2737740720759911,0.0136813979073722,0.0254337051238628,0.006014834884202,0.0054252450010472,0.0069745774808086
