,arima,lstm,mlp,rf,svr,xgboost
0,0.2582679212513405,0.785253269173419,0.0112920348969094,0.0059961686186045,0.0590953181240395,0.2612422591458163
