,arima,lstm,mlp,rf,svr,xgboost
0,49638.478756502256,4814.20986619122,2331.6722764898363,685.9966086727441,635.1749963143949,2723.913713876092
