,arima,lstm,mlp,rf,svr,xgboost
0,81801.46375596478,34264.89636344123,434.98835291847337,407.51907575015656,11882.321442099335,42623.12024363066
