,training,testing
mae,0.009832508483220438,0.011292034896909454
