,training,testing
mse,0.0001768135659513402,0.0003357754691518392
