,training,testing
nrmse,0.013304567712228757,0.018440871326393743
