,training,testing
rmse,0.013297126229051907,0.018324177175301465
