,training,testing
mape,6.764216795622017,434.98835291847337
