,training,testing
arv,0.0018245427929252196,0.0028866409844335358
