,training,testing
smape,6.186298975794134,7.9602577473319975
