,arima,lstm,mlp,rf,svr,xgboost
0,2.0610256232547424,0.0006694578395185,0.001101520326974,7.839564263859093e-05,6.840351141235772e-05,0.000100637681656
