,arima,lstm,mlp,rf,svr,xgboost
0,0.0943975199112822,0.7684216678911453,0.0003357754691518,8.010327136952367e-05,0.0039978227172595,0.077363088535012
