,arima,lstm,mlp,rf,svr,xgboost
0,0.3091984067262087,0.8821790836418497,0.0184408713263937,0.0090070397959919,0.063630995966433,0.2799135066806016
