,arima,lstm,mlp,rf,svr,xgboost
0,1.4447697858379152,0.0260386564141183,0.0334005188390653,0.0089105172949266,0.0083233115947215,0.0100957192999481
