,training,testing
arv,7.80215822310316e-05,0.0006872937213960971
