,training,testing
mae,0.0020158664018936575,0.00599616861860452
