,training,testing
mape,1.359764117731666,407.51907575015656
