,training,testing
mse,7.592259770919312e-06,8.010327136952367e-05
