,training,testing
nrmse,0.002756947564893981,0.009007039795991989
