,training,testing
smape,1.176029412410685,3.835453028130278
