,arima,lstm,mlp,rf,svr,xgboost
0,1.435627257770882,0.0258738833482448,0.0331891597810805,0.0088541313881481,0.0082706415357188,0.0100318334144863
