,arima,lstm,mlp,rf,svr,xgboost
0,174.5457477172455,6.88100352865413,16.895956162676782,3.9000713855158313,3.529403279280548,5.178990751502894
