,arima,lstm,mlp,rf,svr,xgboost
0,49.11997689527915,172.25058741762854,7.960257747331997,3.835453028130278,19.866239292011155,51.728636790489865
