,training,testing
rmse,0.06085510503985982,0.06322833792896644
