,training,testing
mape,58.22050585237819,11882.321442099337
