,training,testing
arv,0.04870927316291548,0.04411180495132381
