,training,testing
mse,0.0037033438094123726,0.003997822717259577
