,training,testing
nrmse,0.06088916143915835,0.063630995966433
