,training,testing
mae,0.056311828993758375,0.059095318124039536
