,training,testing
smape,16.872980441622655,19.866239292011155
