,training,testing
arv,1.9581389874459652,2.5379972111430904
