,training,testing
nrmse,0.28364805678069277,0.2799135066806016
