,training,testing
smape,48.37333128120143,51.728636790489865
