,training,testing
mape,254.61893223472117,42623.12024363066
