,training,testing
mse,0.08036624407328233,0.07736308853501206
