,training,testing
mae,0.26940457466163636,0.26124225914581634
