,arima,lstm,mlp,rf,svr,xgboost
microservice4,0.3254903203268242,0.3035247245765846,0.1594990469878919,1.040821029327175,0.1456207087952047,1.0298491784332977
