,arima,lstm,mlp,rf,svr,xgboost
microservice3,0.3282952600096723,0.1977358025192952,0.0510333043171537,0.0777170175325774,0.0452051607381144,0.1307768578091875
