,arima,lstm,mlp,rf,svr,xgboost
microservice2,86019.53842659768,137944.63690382705,25685.967082660063,164389.48361884244,20601.84092711981,201183.6051212053
