,arima,lstm,mlp,rf,svr,xgboost
microservice3,78.77076714559857,130.7506936617261,10.170906075239996,70.37126078889142,4.8632362379979535,48.26054498326471
