,arima,lstm,mlp,rf,svr,xgboost
microservice4,0.123066845193612,0.1223826901392341,0.128441377595321,0.1430702960928237,0.128110874135829,0.1770954915406565
