,arima,lstm,mlp,rf,svr,xgboost
microservice1,7.147808659586063,1.0204618839371409,0.2915487109272054,0.2988387552099141,0.2841313487665994,0.354160164129957
