,arima,lstm,mlp,rf,svr,xgboost
microservice1,0.0001530378910248,6.367142641418264e-06,1.8989715255132567e-06,0.0011200309483113,1.8607903540920744e-06,0.0001941552992569
