,arima,lstm,mlp,rf,svr,xgboost
microservice4,2.7572089764980867,3.0960951705458943,2.0176864447973366,42.638513400567305,1.8596389243788745,50.02272195302435
