,arima,lstm,mlp,rf,svr,xgboost
microservice2,47.908986524683854,26.968773677271983,15.631893476350934,18.125940674154744,15.75425515909017,18.534462760700567
