,arima,lstm,mlp,rf,svr,xgboost
microservice1,0.0634934106847581,0.0415484277282055,0.020677140310276,0.0243270918781287,0.0189598335490688,0.0245653300517258
