,arima,lstm,mlp,rf,svr,xgboost
microservice4,0.0046147252924297,0.0031945776319409,0.0026520861054011,0.0025913122282966,0.0027011512208883,0.0027769402412574
