,arima,lstm,mlp,rf,svr,xgboost
microservice4,0.0741768129431901,0.0561479690200317,0.0376121186092293,0.0826227182337862,0.0324524906519377,0.0514236333539134
