,arima,lstm,mlp,rf,svr,xgboost
microservice4,0.1101616569755576,0.0865289904936915,0.0649469928554555,0.1210438353574495,0.0657316643827522,0.0861255631983474
