,arima,lstm,mlp,rf,svr,xgboost
microservice1,57.783991055085416,65.52560176239818,36.26330168856208,80.2103495612521,34.26339695464191,92.71912375319022
