,arima,lstm,mlp,rf,svr,xgboost
microservice3,33.33588217171306,27.65022885412513,9.768824731698722,10.725838167535208,11.50617841096361,10.602627928048356
