,arima,lstm,mlp,rf,svr,xgboost
microservice4,0.0304832194020369,0.0324070564188612,0.0241913113135815,0.3169703598897538,0.0233436773546274,0.3588783767491034
