,arima,lstm,mlp,rf,svr,xgboost
microservice4,8.361877346265686,1.5458177487937317,0.9389926753630204,1.1870444694526483,0.9849916795940784,1.1547700676214612
