,arima,lstm,mlp,rf,svr,xgboost
microservice1,55.87270105645894,2.0384379708543863,1.0150888491561314,0.9561502232533826,1.029376078437088,0.9839167329974896
