,arima,lstm,mlp,rf,svr,xgboost
microservice1,0.0123708484359326,0.0025233197659865,0.0013780317578028,0.0334668634370076,0.0013641078967926,0.0139339620803611
