,arima,lstm,mlp,rf,svr,xgboost
microservice1,0.3167149337173216,0.3401104701659115,0.18496567194537,0.5384714764780256,0.1764240657288221,0.6934907912813376
