,arima,lstm,mlp,rf,svr,xgboost
microservice4,0.0472857543118132,0.0410666167538349,0.0384432623000639,0.0385266182738561,0.040056398233039,0.0396331763050736
