,arima,lstm,mlp,rf,svr,xgboost
microservice3,0.0327833910432931,0.0229278876700597,0.0053708813371153,0.0065047082944225,0.0056913552912413,0.0074974355227384
