,arima,lstm,mlp,rf,svr,xgboost
microservice2,1.408891848108483,1.2346867014232483,0.3941508664059828,0.4980526320282166,0.4367685369624178,0.4319052553230212
