,arima,lstm,mlp,rf,svr,xgboost
microservice4,0.0963291305251325,0.0966303028440347,0.1008923024268431,0.1131746612448991,0.0998031189012501,0.1426145975660116
