,arima,lstm,mlp,rf,svr,xgboost
microservice3,0.0086776019138911,0.0076870473427204,0.0041381401818939,0.0037368241999885,0.0040829481146555,0.0035286455715499
