,arima,lstm,mlp,rf,svr,xgboost
microservice2,180794.25707074068,11015.688212223416,19790.205038129552,168505.9826523485,29793.68277097095,206701.2116651116
