,arima,lstm,mlp,rf,svr,xgboost
microservice4,0.1870457320927263,0.1556258010062876,0.1417975367890241,0.140163440327977,0.1431031935319322,0.1450969032430537
