,arima,lstm,mlp,rf,svr,xgboost
microservice2,85.84183697514088,48.28468584179047,28.777242455122696,80.3677005146985,25.994334999255177,95.84311207269803
