,arima,lstm,mlp,rf,svr,xgboost
microservice2,0.0242469498694975,0.0069257986630585,0.0026240872071835,0.0037184317881638,0.0026733657855504,0.0036552297689268
