,arima,lstm,mlp,rf,svr,xgboost
microservice3,0.1211290176922793,0.1883612273535875,0.0038198654350164,0.0969236271587921,0.001763220165774,0.0530386470900863
