,arima,lstm,mlp,rf,svr,xgboost
microservice4,0.1335854620727928,0.1049277534047691,0.078756749753314,0.1467815310809608,0.0797082669275023,0.1044385448803071
