,arima,lstm,mlp,rf,svr,xgboost
microservice1,23.76069263320673,21.222747566579663,19.13815560208513,18.005546273709015,18.361633836176896,18.96762737240313
