,arima,lstm,mlp,rf,svr,xgboost
microservice2,1.1333575509016791,0.5609565625047397,0.4159715486888989,1.1492515905706804,0.3075370605300104,1.055879896720726
