,arima,lstm,mlp,rf,svr,xgboost
microservice1,110989.68454131734,12932.462866194332,17089.51944642867,213374.5369750834,57328.89658557916,252584.407984892
