,arima,lstm,mlp,rf,svr,xgboost
microservice1,38.03810889704853,22.363830551854768,10.276882512165326,12.202506106561833,9.423852831450144,13.92113598761929
