,arima,lstm,mlp,rf,svr,xgboost
microservice3,8.061511545893916,2.2782974601432344,0.2334369278613796,0.2988885070577857,0.2709534503127766,0.3904849511272507
