,arima,lstm,mlp,rf,svr,xgboost
microservice4,0.0121355906676004,0.0074872661958573,0.0042181118809665,0.0146516100780413,0.0043206517025267,0.0074176126362325
