,arima,lstm,mlp,rf,svr,xgboost
microservice1,21.0792252521526,20.732219595497646,17.993262107160792,17.392201248929197,18.14698088370867,18.993793390917705
