,arima,lstm,mlp,rf,svr,xgboost
microservice3,0.1810618431456312,0.1514195749236528,0.0732862970623796,0.0806517717996485,0.0754410716469574,0.086587733096198
