,arima,lstm,mlp,rf,svr,xgboost
microservice1,0.0107534079489581,0.0020633977285741,0.0010230340972518,0.0329059915007644,0.0010324309275062,0.0125271156933271
