,arima,lstm,mlp,rf,svr,xgboost
microservice4,38.12384771236799,32.522472886927844,31.554637492375694,32.31498905650771,32.638835119866584,33.40747455638699
