,arima,lstm,mlp,rf,svr,xgboost
microservice3,12.876515927603748,4.1961499633036,0.6632923772307159,0.7165575436970316,0.7071593474297213,0.7553350807495613
