,arima,lstm,mlp,rf,svr,xgboost
microservice4,14.23232963871347,14.28144007632135,14.824138648371289,16.955981550804992,14.725613859080504,21.84051240104781
