,arima,lstm,mlp,rf,svr,xgboost
microservice2,0.2121930644290419,0.3373795561175783,0.1472291182362144,0.4227513431098595,0.1515158700102791,0.5907918288333501
