,arima,lstm,mlp,rf,svr,xgboost
microservice4,16.528729465399618,12.350657698569345,8.514222844412183,18.486333234719982,7.225300689500775,11.217224775088193
