,arima,lstm,mlp,rf,svr,xgboost
microservice1,0.0676243168476405,0.0698942073285651,0.0658984285899156,0.0629554991571629,0.0664013054603655,0.0660072789280854
