,arima,lstm,mlp,rf,svr,xgboost
microservice2,38.21583715530426,1.127114984838958,0.5097906335109508,1.0995273025767534,0.5279417131804411,1.0256196382668403
