,arima,lstm,mlp,rf,svr,xgboost
microservice3,14.82743069917736,13.994618430931228,10.68744026351029,10.350365527082833,10.598565402046347,10.072631145590618
