,arima,lstm,mlp,rf,svr,xgboost
microservice4,0.1863589134175275,0.1853229041467739,0.1944975149794189,0.2166499423970486,0.1939970368409344,0.2681739612544546
