,arima,lstm,mlp,rf,svr,xgboost
microservice3,43.74783352723869,28.035320811723142,10.650378422264794,12.097786945550574,12.36059069940471,11.541988903256438
