,arima,lstm,mlp,rf,svr,xgboost
microservice2,0.1557143213371769,0.0832213834483575,0.0512258451095104,0.0609789454497524,0.0517046012028956,0.0604584962509563
