,arima,lstm,mlp,rf,svr,xgboost
microservice1,0.096066180206709,0.1031625295771774,0.0561039082199335,0.1633295193515579,0.0535130626528406,0.2103500789968673
