,arima,lstm,mlp,rf,svr,xgboost
microservice2,0.0131514488207457,3.894857431988585e-05,1.8022919324160625e-05,0.3371566187141229,1.4699821439716037e-05,0.2965157731579382
