,arima,lstm,mlp,rf,svr,xgboost
microservice1,0.0842646211150261,0.0822275257467441,0.0432269693978187,0.1500398721048074,0.0402638249917267,0.1997306255149779
