,arima,lstm,mlp,rf,svr,xgboost
microservice4,22.182298661248723,0.7710964154904804,0.4318276650111008,1.9066654128354088,0.4442254555959869,1.879444325632669
