,arima,lstm,mlp,rf,svr,xgboost
microservice1,0.1946587691173545,0.1369304921573667,0.0922738275453274,0.0976819577545483,0.0905733759100167,0.095626381712707
