,arima,lstm,mlp,rf,svr,xgboost
microservice2,0.1411502460528371,0.0679018880605581,0.0381768230972583,0.0437869308928627,0.0386951708099869,0.0441141399449947
