,arima,lstm,mlp,rf,svr,xgboost
microservice4,0.0679317693898056,0.0565205947592644,0.0514984087657194,0.0509049332412551,0.0519726006746667,0.0526966815013758
