,arima,lstm,mlp,rf,svr,xgboost
microservice1,1.2652394294903897,0.243178039762208,0.1207044939292629,3.882429861872162,0.1219137386472015,1.4748031634549434
