,arima,lstm,mlp,rf,svr,xgboost
microservice4,2.7888408285589783,3.109391337077158,2.01302410600994,35.00544261008712,1.8698549195376404,39.89082957533472
