,arima,lstm,mlp,rf,svr,xgboost
microservice4,15.300410234667067,14.984649897949671,15.369892385523942,16.49705362974704,15.203893633197133,19.46857085367276
