,arima,lstm,mlp,rf,svr,xgboost
microservice2,0.0974431662739432,0.0038691366988141,0.00266614514369,0.5806007736842571,0.0017637894965221,0.5444781105302335
