,arima,lstm,mlp,rf,svr,xgboost
microservice1,0.0507772365821336,0.0499938286462457,0.043854976169521,0.0426933742273744,0.0439901023401342,0.0458490565049959
