,arima,lstm,mlp,rf,svr,xgboost
microservice3,0.1077777777448183,0.0390994475979497,0.0026043981495272,0.0060399348141589,0.0020435065573587,0.0171025865384444
