,arima,lstm,mlp,rf,svr,xgboost
microservice3,1.326691270915524,1.1539774596205818,0.1304428408191102,1.255507949013015,0.0593107120808336,1.066696998316744
