,arima,lstm,mlp,rf,svr,xgboost
microservice4,0.0009292266651127,0.0010502173057352,0.0005852195430706,0.1004702090486401,0.0005449272724369,0.1287936892980714
