,arima,lstm,mlp,rf,svr,xgboost
microservice1,27.72940668166753,18.71988471432902,9.57872625065156,11.32918691222219,8.7865197929436,11.477079822852248
