,arima,lstm,mlp,rf,svr,xgboost
microservice2,0.351665536575214,0.1879473398052243,0.1156885516518886,0.1377149730816575,0.1167697753763553,0.1365395895640525
