,arima,lstm,mlp,rf,svr,xgboost
microservice1,1.2283507614776534,1.1497342211961117,0.8575118470421554,1.1850186178504414,0.9360037824071208,1.0506995823422207
