,arima,lstm,mlp,rf,svr,xgboost
microservice2,0.0030136198352324,0.0076183973644166,0.0014508199478861,0.0119617876442887,0.0015365345987734,0.023361195082274
