,arima,lstm,mlp,rf,svr,xgboost
microservice1,1.323459429676603,0.1846938255146254,0.0547740356048108,1.0338008764490456,0.0527130922400835,1.0422795063381338
