,arima,lstm,mlp,rf,svr,xgboost
microservice2,72.68999600592618,32.553488128017584,16.60136232399674,19.11128446971599,16.487252570712783,18.44492970473086
