,arima,lstm,mlp,rf,svr,xgboost
microservice1,1.2758853633293177,0.2436190641885147,0.1208096400263684,3.9618324339560673,0.1219537657394052,1.4883349072685763
