,arima,lstm,mlp,rf,svr,xgboost
microservice2,0.0548964464718114,0.0872834312135851,0.0380896304509005,0.1093699576862346,0.0391986555735457,0.1528436949379138
