,arima,lstm,mlp,rf,svr,xgboost
microservice4,16.929295857078966,12.636012116909631,8.481685474451504,16.558819241353607,7.481110711431903,10.786090518870845
