,arima,lstm,mlp,rf,svr,xgboost
microservice1,0.13633144776604,0.1409075746677286,0.1328520359830247,0.1269190543435293,0.1338658418888344,0.1330714795927241
