,arima,lstm,mlp,rf,svr,xgboost
microservice2,39.62048707176511,54.0653407386124,30.66199878209634,63.49484857535182,32.98393941205557,79.23511348807263
