,arima,lstm,mlp,rf,svr,xgboost
microservice2,0.149328612795387,0.0389381478136535,0.0320789220337245,0.1337268922761456,0.0258905780636596,0.1828447755090916
