,arima,lstm,mlp,rf,svr,xgboost
microservice2,9.960341916990409,0.3947390184472039,0.2726873996211452,59.523900623759886,0.1803609727920901,55.8201747897222
