,arima,lstm,mlp,rf,svr,xgboost
microservice2,0.1402683079283583,0.0325670882279364,0.0242048590037709,0.1235247652066739,0.0200107892498619,0.1755018616350718
