,arima,lstm,mlp,rf,svr,xgboost
microservice3,0.3415449391496996,0.2057162282427712,0.053092959115818,0.0808536011859515,0.0470295972993846,0.1360548852923185
