,arima,lstm,mlp,rf,svr,xgboost
microservice1,0.00457304822911,0.0048852002180884,0.0043426028906202,0.0039633948741275,0.0044091333668407,0.00435696087149
