,arima,lstm,mlp,rf,svr,xgboost
microservice3,53.53145793130412,154.43388350490685,22.81312611863188,63.579775827083786,13.448289475579472,143.88681509539737
