,arima,lstm,mlp,rf,svr,xgboost
microservice2,0.0222990345993946,0.0015161793551579,0.0010290572388457,0.0178828817178358,0.0006703220324704,0.03343221193097
