,arima,lstm,mlp,rf,svr,xgboost
microservice4,0.0151454483859084,0.0149775228457157,0.0164971874785838,0.0204691096240882,0.0164123960718462,0.0313628131240267
