,arima,lstm,mlp,rf,svr,xgboost
microservice3,0.1762220704926868,0.1679454538649253,0.0261949680392023,0.0438374555009218,0.0193364554571881,0.0874940194920302
