,arima,lstm,mlp,rf,svr,xgboost
microservice1,0.0058406405921364,0.0028901000327026,0.0013124102330471,0.0014707580939935,0.0012644848995969,0.0014095094223541
