,arima,lstm,mlp,rf,svr,xgboost
microservice4,0.0237087528489598,0.0266434410481855,0.0175136457415944,0.3105119969126834,0.0160663892730703,0.3531871748466154
