,arima,lstm,mlp,rf,svr,xgboost
microservice4,99.16948559156852,2.244016676632908,3.035228230415819,2.132609530167736,3.373917629575047,1.540071436845171
