,arima,lstm,mlp,rf,svr,xgboost
microservice3,0.06936328848383,0.0648053630356597,0.0503546691084765,0.0480254591222816,0.0491867016149829,0.0466003022601926
