,arima,lstm,mlp,rf,svr,xgboost
microservice1,0.0092287109795078,0.010642507508762,0.0031476485175507,0.0266765318916109,0.0028636478744868,0.0442471557339883
