,arima,lstm,mlp,rf,svr,xgboost
microservice2,0.0442410295005694,0.074318968187523,0.0293963276623995,0.0967890579430773,0.0305115156803667,0.1429052732336841
