,arima,lstm,mlp,rf,svr,xgboost
microservice2,3.035166308001707,0.1651739199542985,0.1123591027322207,15.367794268524058,0.1014732856288267,14.411845356322573
