,arima,lstm,mlp,rf,svr,xgboost
microservice1,0.488040088552133,0.0995470285174963,0.054364479897135,1.3202951341573066,0.053815172192364,0.5497062002497045
