,arima,lstm,mlp,rf,svr,xgboost
microservice3,0.1641028444946477,0.1544528852174093,0.1133232045062273,0.1076880668764279,0.1125649487756834,0.1046454299906812
