,arima,lstm,mlp,rf,svr,xgboost
microservice4,51.62780736663005,48.8615322916007,46.5362068448594,44.56325381379251,50.31154810126485,49.66820889816629
