,arima,lstm,mlp,rf,svr,xgboost
microservice3,0.0931536468094036,0.087675808195422,0.0643283777340448,0.0611295689498019,0.0638979507860427,0.0594024037522885
