,arima,lstm,mlp,rf,svr,xgboost
microservice3,3.844257998136479,1.0566126569325056,0.0384843449791803,0.092526725264497,0.0266597597209785,0.2842677899831693
