,arima,lstm,mlp,rf,svr,xgboost
microservice3,0.3480359431039837,0.434006022254977,0.06180505994671,0.3113255966970787,0.0419907152329428,0.2303012094846362
