,arima,lstm,mlp,rf,svr,xgboost
microservice3,17.325800707738196,15.29457096769358,10.95943626323156,10.508795211723738,10.710387927562582,10.243291254639573
