,arima,lstm,mlp,rf,svr,xgboost
microservice4,0.1201703611846125,0.1277544744674982,0.0953665221426135,1.2495544558598388,0.0920249958537907,1.4147634338256752
