,arima,lstm,mlp,rf,svr,xgboost
microservice3,75.1448518002067,78.26860844148118,19.395543396940376,35.622287159624,13.497336234496393,50.26623872089042
