,arima,lstm,mlp,rf,svr,xgboost
microservice3,0.216448855729808,0.181013255791047,0.0876094867048723,0.0964144814574463,0.0901853938374006,0.1035105764047464
