,arima,lstm,mlp,rf,svr,xgboost
microservice2,0.1146797663964559,0.0062408792906036,0.0042453408961072,0.5806518911655442,0.0038340346163951,0.5445326190026987
