,arima,lstm,mlp,rf,svr,xgboost
microservice1,0.0764240838488525,0.053759650600638,0.0362272029426387,0.0383504640649046,0.0355595964487358,0.0375434338114427
