,arima,lstm,mlp,rf,svr,xgboost
microservice2,0.7326186051667423,0.1910337945622201,0.1573818618927527,0.6560752655412025,0.1270213312297301,0.8970516894779246
