,arima,lstm,mlp,rf,svr,xgboost
microservice2,0.9534504655331262,0.6825467460978661,0.293531593181031,1.0001753243390368,0.2554312271795999,1.000195305484595
