,arima,lstm,mlp,rf,svr,xgboost
microservice3,0.1481591820737031,0.1214242895950076,0.0426880203384381,0.0494421385694771,0.0493874253021109,0.0503786917010585
