,arima,lstm,mlp,rf,svr,xgboost
microservice3,54.48842074262858,78.82660141344776,10.626765167537048,51.02020512798352,4.829801055931913,37.70178728776165
