,arima,lstm,mlp,rf,svr,xgboost
microservice2,9.324368198024588,0.3951929967085022,0.2732726947294875,84.74747170005834,0.1804284046310582,77.43299208918503
