,training,testing
rmse,0.01655909134060069,0.0128273523887038
