,training,testing
rmse,0.24305945217730446,0.22930671897478574
