,training,testing
nrmse,0.2750900705442083,0.4709123882356901
