,training,testing
rmse,0.19846349767288718,0.2059238273624882
