,training,testing
smape,36.15540736126006,65.2263245802186
