,training,testing
arv,1.20676097058493,1.4216284541164805
