,training,testing
mae,0.18135285409495075,0.17337728455657425
