,training,testing
mse,0.03938775990855609,0.04240462267561585
