,training,testing
mape,30.05384137912557,46701.01625238056
