,arima,lstm,mlp,rf,svr,xgboost
0,1.4216284541164803,0.9757256461280712,0.413318242136846,1.5012794110426202,1.1652574543127745,1.2126589160171464
