,arima,lstm,mlp,rf,svr,xgboost
0,1.3994936487476115,0.8991133982649459,0.4454660244466887,1.1258892374348126,0.2410676886579084,1.163848130246654
