,training,testing
rmse,0.21608580060171806,0.20979594517617794
