,training,validation,testing
rmse,0.03222181060500952,0.058264829738726494,0.2987404119237927
