,training,validation,testing
arv,0.5884179882168654,1.4991135321596925,1.1638481302466541
