,training,validation,testing
smape,4.297791244850996,12.167095166102419,89.47650320005395
