,training,validation,testing
mape,7.381506958758107,5.76505433020762,21703.148043072604
