,training,validation,testing
smape,7.327615557391957,5.571167384224337,68.21559635251643
