,training,validation,testing
arv,7.053310833408072,0.921458098800374,0.8991133982649459
