,training,validation,testing
mape,7.9331291950474006,6.7195962533535925,26286.530170931797
