,training,validation,testing
rmse,0.06377495248232624,0.03963324195982332,0.1222149883540357
