,training,validation,testing
rmse,0.03684068592844024,0.07520276695481451,0.33521241600974466
