,training,testing
mape,33.15442539708915,47283.0492804687
