,training,validation,testing
mape,3.9106712453144308,10.48456777000852,59065.419837082685
