,training,validation,testing
mse,0.0037040952971516467,0.0012625718575806932,0.007694768297650744
