,training,testing
mae,0.20559867478044222,0.1778124987450819
