,training,testing
nrmse,0.2995163283331026,0.47976725593375824
