,training,validation,testing
arv,7.059521144990675,0.5015306377451042,0.24106768865790842
