,training,validation,testing
nrmse,0.08839840264345702,0.08151169339044638,0.27948466567050617
