,training,validation,testing
nrmse,0.044662621874194286,0.11983034196203332,0.6831679589652674
