,training,validation,testing
mape,4.347983238751095,13.54084717270949,63680.53679668333
