,training,validation,testing
mae,0.02347605126565244,0.046819290176288775,0.27691457759721755
