,training,validation,testing
nrmse,0.08805337014045746,0.06774013164460368,0.3702523954286213
