,training,validation,testing
mse,0.0013572361396779746,0.005655456157660141,0.11236736384709013
