,training,validation,testing
nrmse,0.0510648406875083,0.154665744688461,0.7665731615969381
