,training,validation,testing
mae,0.04458298628896937,0.026919637840018627,0.06848107900973052
