,training,validation,testing
mae,0.026067354798320706,0.05998836684377785,0.31591646588384437
