,training,validation,testing
rmse,0.06352602907618272,0.03293712737632232,0.16190652924303897
