,training,validation,testing
rmse,0.06086127912845446,0.035532687170838816,0.08771982841781409
