,training,validation,testing
smape,7.865341146169615,5.050793832090604,94.44554831206553
