,training,validation,testing
smape,3.8761514300584854,9.661921637766966,83.77209447144821
