,training,validation,testing
smape,7.874221691613037,6.389943924774653,52.578951057430146
