,training,testing
arv,1.10593593186421,1.3994936487476115
