,training,validation,testing
mape,7.973602858880395,5.144787194780684,36721.25974713304
