,training,testing
mse,0.046693073221685456,0.044014338612365866
