,training,validation,testing
mse,0.004035556370188012,0.0010848543598040812,0.026213724211527036
