,training,validation,testing
mse,0.00406724456412297,0.0015707938682458997,0.014936503378377082
