,training,validation,testing
mse,0.0010382450786651037,0.0033947903844827876,0.08924583371639733
