,training,validation,testing
arv,7.670772248359707,0.3869489945887213,0.4454660244466887
