,training,testing
smape,40.180613439188534,66.16971258201433
