,training,validation,testing
mae,0.04792688148988829,0.030572944407835284,0.11166002260686707
