,training,validation,testing
arv,1.1103485198801748,1.822510123539269,1.1258892374348126
