,training,validation,testing
mae,0.04787517744610161,0.02437208791465773,0.13073028652749424
