,training,validation,testing
nrmse,0.08435976270282441,0.07307828879969255,0.20060016572605086
