,training,testing
mse,0.005604309974027151,0.047618013472381766
