,training,testing
nrmse,0.10376606498503167,0.49902137754993586
