,training,testing
mae,0.05757777771366815,0.21190480759452499
