,training,testing
smape,10.074157383292212,74.91313382507562
