,training,testing
mape,10.108090660556385,36886.15088259624
