,training,testing
arv,18.37108265440796,0.9757256461280712
