,arima,lstm,mlp,rf,svr,xgboost
0,0.1778124987450819,0.111660022606867,0.1307302865274942,0.3159164658838443,0.0684810790097305,0.2769145775972175
