,arima,lstm,mlp,rf,svr,xgboost
0,0.1733772845565742,0.2119048075945249,0.0635329926987056,0.1575592172255862,0.3541507890753928,0.2424765790390941
