,arima,lstm,mlp,rf,svr,xgboost
0,46701.01625238056,36886.15088259624,17206.635044303806,44616.96750698027,71987.23579428636,54919.98021723791
