,arima,lstm,mlp,rf,svr,xgboost
0,47283.0492804687,26286.5301709318,36721.25974713304,63680.53679668333,21703.148043072604,59065.419837082685
