,training,testing
mape,8.102388160244601,17206.635044303806
