,training,testing
mae,0.0467365939698397,0.06353299269870565
