,training,testing
mse,0.003945751171655677,0.004984126808241404
