,training,testing
arv,1.3472898849477097,0.41331824213684604
