,training,testing
nrmse,0.08706811070260649,0.16144628484468576
