,training,testing
smape,8.017977509151525,36.82199924911387
