,arima,lstm,mlp,rf,svr,xgboost
0,0.0424046226756158,0.0476180134723817,0.0049841268082414,0.0366379044257557,0.1490457786692758,0.0713008727612053
