,arima,lstm,mlp,rf,svr,xgboost
0,0.0440143386123658,0.014936503378377,0.026213724211527,0.1123673638470901,0.0076947682976507,0.0892458337163973
