,arima,lstm,mlp,rf,svr,xgboost
0,0.4709123882356901,0.4990213775499358,0.1614462848446857,0.4377224553397402,0.8828630768438176,0.6106339364795488
