,arima,lstm,mlp,rf,svr,xgboost
0,0.4797672559337582,0.2794846656705061,0.3702523954286213,0.7665731615969381,0.2006001657260508,0.6831679589652674
