,training,testing
arv,0.09818658531238462,1.5012794110426202
