,training,testing
mape,2.697751180025678,44616.96750698027
