,training,testing
mae,0.015652387383355327,0.15755921722558627
