,training,testing
mse,0.00047033383252201175,0.03663790442575573
