,training,testing
nrmse,0.030060581932192923,0.43772245533974025
