,training,testing
smape,2.680612106331321,61.90907445553101
