,arima,lstm,mlp,rf,svr,xgboost
0,0.2097959451761779,0.1222149883540357,0.1619065292430389,0.3352124160097446,0.087719828417814,0.2987404119237927
