,arima,lstm,mlp,rf,svr,xgboost
0,0.2059238273624882,0.2182155206954394,0.0705983484809765,0.1914103038651674,0.3860644747568413,0.2670222327095729
