,arima,lstm,mlp,rf,svr,xgboost
0,65.2263245802186,74.91313382507562,36.82199924911387,61.90907445553101,92.87400700711444,78.18482920301194
