,arima,lstm,mlp,rf,svr,xgboost
0,66.16971258201433,52.57895105743015,94.44554831206553,89.47650320005395,68.21559635251643,83.77209447144821
