,training,testing
rmse,0.05320016072737718,0.38606447475684136
