,training,testing
mape,7.557895595120394,71987.23579428636
