,training,testing
arv,0.6183193474554771,1.1652574543127743
