,training,testing
smape,7.429995327693395,92.87400700711443
