,training,testing
mse,0.002830257101418766,0.14904577866927582
