,training,testing
nrmse,0.07374069357368142,0.8828630768438176
