,training,testing
mae,0.04311724003676751,0.3541507890753928
