,training,testing
mape,11.271347566461527,54919.98021723791
