,training,testing
arv,2.3953833936046673,1.2126589160171464
