,training,testing
nrmse,0.12197686168016067,0.6106339364795488
