,training,testing
rmse,0.08800010322552268,0.2670222327095729
