,training,testing
smape,12.029014465500385,78.18482920301194
