,training,testing
mae,0.06881222670607752,0.24247657903909414
