,training,testing
mse,0.007744018167702647,0.07130087276120532
