,arima,lstm,mlp,rf,svr,xgboost
0,7.147808659586063,2.7263487231915584,0.3235258661767342,0.3306919547974382,0.3116501731207092,0.7487365724395951
