,arima,lstm,mlp,rf,svr,xgboost
0,0.0634934106847581,0.0481197968874774,0.0228056686435319,0.0259886889874362,0.0206153687052009,0.0331322413937207
