,arima,lstm,mlp,rf,svr,xgboost
0,38.03810889704853,26.852315347888418,11.216163195952182,14.006336409715203,10.10199798337478,20.617575701349104
