,training,validation,testing
mse,0.0013309442025915906,0.004202346482333571,0.0020960078136349762
