,training,validation,testing
nrmse,0.06749385427134366,0.12376343327265393,0.15196605774603142
