,training,validation,testing
mse,0.001320082874540508,0.00268904169761478,0.001379483230560615
