,training,validation,testing
smape,7.028800415814606,9.888201842617834,15.779043559366485
