,training,validation,testing
mse,0.0013593950594445652,0.0027423427842022227,0.0014222842756571167
