,training,testing
smape,37.85881103001872,27.729406681667534
