,training,testing
arv,2.738551901462764,7.147808659586063
