,training,validation,testing
mse,0.0045554203644013755,0.006338940889262381,0.0035596371553156736
