,training,validation,testing
rmse,0.03686997503992327,0.05236738282750268,0.037713184374395074
