,training,validation,testing
mae,0.022205860325366172,0.02997347395310207,0.022805668643531944
