,training,validation,testing
nrmse,0.033266294269886386,0.0828722204058158,0.09956287285091528
