,training,validation,testing
nrmse,0.03633294475459577,0.08060885750225119,0.09460235426966555
