,training,validation,testing
mae,0.021499799835225566,0.045337176868854176,0.03313224139372072
