,training,validation,testing
smape,6.337106851118891,6.365141670773965,9.449741559472587
