,training,validation,testing
rmse,0.033266294269886386,0.053312000277239695,0.03908892148806168
