,training,validation,testing
arv,0.05669505344932849,0.12973736368508226,0.3306919547974382
