,training,testing
mae,0.13498120505036956,0.06349341068475814
