,training,validation,testing
arv,0.06564632177553502,0.11923636892818021,0.31165017312070925
