,training,validation,testing
nrmse,0.0364821079790024,0.10076969079535694,0.11661117738660748
