,training,validation,testing
mae,0.019656289536974854,0.027988905165325186,0.020615368705200962
