,training,testing
mse,0.03328933041457845,0.005840640592136452
