,training,testing
nrmse,0.18245363908285975,0.19465876911735455
