,training,validation,testing
mae,0.019805050613728812,0.03141410255176763,0.025988688987436264
