,training,validation,testing
arv,0.07390352525652821,0.2726295173774951,0.7487365724395951
