,training,validation,testing
mape,43149.0483489736,9.884144808265658,20.617575701349104
