,training,validation,testing
arv,0.26475158097221907,0.3414791671149083,2.7263487231915584
