,training,validation,testing
smape,7.1771113150282675,6.929903843074914,10.477069981650763
