,training,validation,testing
rmse,0.06749385427134366,0.0796174659811676,0.05966269483786056
