,training,testing
rmse,0.18245363908285975,0.07642408384885259
