,training,testing
mape,62373.490427349316,38.03810889704853
