,training,validation,testing
rmse,0.0364821079790024,0.06482550796047472,0.04578217790401606
