,training,validation,testing
mape,7319.901627880643,6.565864949141951,10.10199798337478
