,training,validation,testing
mse,0.0011066463344506757,0.002842169373560405,0.0015279437830998503
