,training,validation,testing
arv,0.0688623388902755,0.125742484524545,0.3235258661767342
