,training,validation,testing
mape,6634.0134032591095,7.11143713592743,11.216163195952182
