,training,validation,testing
mape,25786.93623393329,7.450945225451133,14.006336409715203
