,training,validation,testing
rmse,0.03633294475459577,0.05185597070362081,0.03714139510789296
