,training,validation,testing
nrmse,0.03686997503992327,0.08140383533141059,0.09605875111744389
