,training,validation,testing
mape,51666.47404611648,14.05452926711264,26.852315347888418
