,training,validation,testing
mae,0.0490925127379584,0.059342071135340575,0.04811979688747744
