,training,validation,testing
smape,6.432401137466641,7.274623623613046,12.618597440095508
