,training,validation,testing
smape,14.37054362477395,13.431210075755656,21.565213376950826
