,arima,lstm,mlp,rf,svr,xgboost
0,0.0058406405921364,0.0035596371553156,0.0014222842756571,0.0015279437830998,0.0013794832305606,0.0020960078136349
