,arima,lstm,mlp,rf,svr,xgboost
0,0.1946587691173545,0.1519660577460314,0.0960587511174438,0.0995628728509152,0.0946023542696655,0.1166111773866074
