,arima,lstm,mlp,rf,svr,xgboost
0,0.0764240838488525,0.0596626948378605,0.037713184374395,0.0390889214880616,0.0371413951078929,0.045782177904016
