,arima,lstm,mlp,rf,svr,xgboost
0,27.72940668166753,21.565213376950823,10.477069981650764,12.618597440095508,9.449741559472589,15.779043559366484
