,training,testing
mape,52.833965057766676,15.416633018951542
