,training,testing
arv,1.5431653031667287,11.795123717579527
