,training,testing
mse,0.023568117054577075,0.008587290069031995
