,training,testing
smape,37.75215800274807,12.230056805990117
