,training,testing
rmse,0.15351910973744304,0.09266763226192841
