,training,testing
nrmse,0.23405573178488703,0.11915834572888176
