,training,testing
mae,0.13080916249978994,0.047011901753496683
