,arima,lstm,mlp,rf,svr,xgboost
0,2.085429054245239,0.3117862147787477,0.1610504485259824,0.3074477564171004,0.1227993876550721,0.4260804361258714
