,arima,lstm,mlp,rf,svr,xgboost
0,11.795123717579528,1.2817958882536216,0.2877809047588628,0.3251949156899654,1.3363420740149872,2.111297493421664
