,training,validation,testing
smape,2.9758258796114987,0.5678577981632518,1.3630033499498946
