,training,validation,testing
mape,0.5627343925787289,0.6086079620823609,1.1632865273229465
