,training,validation,testing
rmse,0.015261074428095583,0.001827840192077168,0.031199720785521835
