,training,validation,testing
mse,0.00018413650534333266,1.065176553022934e-05,0.0015785429328916882
