,training,validation,testing
mae,0.003912349295876247,0.001268203173669899,0.007125136710587892
