,training,validation,testing
mape,3.1701552865891007,0.5678805732970148,1.2168638947504786
