,training,validation,testing
mse,0.00023290039269987291,3.3409997677726986e-06,0.0009734225770945231
