,training,validation,testing
arv,0.03488850880757404,0.005591377083476401,0.12279938765507219
