,training,validation,testing
arv,0.028325936254093766,0.01860249542364123,0.3074477564171004
