,training,testing
mae,0.12935070850132008,0.06319882409380682
