,training,validation,testing
mape,0.6279278506865213,0.23265552334386091,0.7943374691734978
