,training,validation,testing
smape,1.1288950445811432,0.3100743275280495,1.3671948675652368
