,training,validation,testing
nrmse,0.0266965340353859,0.023200057739544016,0.04219520536360968
