,training,testing
rmse,0.1600532656354446,0.09219644686574062
