,training,validation,testing
mae,0.002161303429922712,0.0009584236545790303,0.0041691286460973625
