,training,validation,testing
smape,0.5667321263872159,0.6105536114931743,1.2722046861432978
