,training,testing
smape,60.533575544639994,16.21463052686795
