,training,validation,testing
mape,1.9298010000209531,0.4314159057547596,1.717719530325971
