,training,validation,testing
nrmse,0.040583142356730016,0.02859853710993597,0.056918062154713525
