,training,validation,testing
smape,0.6502801873249152,0.2325986208876491,0.7672878447267841
