,training,validation,testing
mse,0.00030661689903980393,4.077981911815186e-06,0.0010767959474710313
