,training,validation,testing
rmse,0.023420264920091794,0.0030174245255262092,0.04545178373211211
