,training,testing
arv,1.2932974608283982,2.085429054245239
