,training,testing
mse,0.025617047840570197,0.008500184814667333
