,training,validation,testing
mae,0.007566374124955279,0.002304495956338334,0.0073154343009717675
