,training,validation,testing
nrmse,0.03570661172959525,0.0346659282779354,0.05844499560145201
