,training,validation,testing
mse,0.0005485088089272822,9.104850767247068e-06,0.002065864644430691
