,training,testing
nrmse,0.24401772702390898,0.11855246349178471
