,training,validation,testing
rmse,0.026618822096094456,0.0024893009233108478,0.04426431082565915
