,training,validation,testing
mape,1.1027837097413473,0.3101061789234003,1.3432907645532643
