,training,validation,testing
rmse,0.01751047969188177,0.0020194013746195148,0.03281456913431946
