,training,validation,testing
rmse,0.013569690687091312,0.003263704265130243,0.039730881350552597
