,training,validation,testing
mse,0.0007085616897835264,6.19661908679624e-06,0.001959329212870566
