,training,validation,testing
nrmse,0.02068839435881048,0.03749533319500891,0.05108867012702724
