,training,validation,testing
smape,1.993605315586156,0.43181788986277986,1.7066268903068256
