,training,validation,testing
arv,0.11547363997631714,0.01137708639854235,0.31178621477874774
