,training,validation,testing
mae,0.006381295939728295,0.0017544342818603708,0.00893289395904242
