,training,validation,testing
arv,0.04681501684053251,0.00687842671283375,0.16105044852598246
