,training,testing
mape,47.924459043075736,15.051645847397996
