,training,validation,testing
mae,0.0018963674814873807,0.0025126343794005176,0.007040923229174616
