,training,validation,testing
arv,0.1065387157197256,0.014416681087275889,0.42608043612587143
