,training,validation,testing
nrmse,0.023267083486873216,0.020999291437463465,0.04011872349881085
