,training,testing
arv,2.539290186389237,1.2817958882536216
