,training,testing
smape,23.87592094669509,42.208750698392
