,training,testing
mae,0.0752623228937771,0.1493467806057341
