,training,testing
mse,0.010446507632845131,0.028010906255053546
