,training,testing
mape,20.795940012804238,34.08471919314692
