,training,testing
nrmse,0.15582688915659418,0.2152087766465108
