,arima,lstm,mlp,rf,svr,xgboost
0,0.0631988240938068,0.0089328939590424,0.0071251367105878,0.0070409232291746,0.0041691286460973,0.0073154343009717
