,arima,lstm,mlp,rf,svr,xgboost
0,0.0470119017534966,0.1493467806057341,0.0133806320192869,0.0055876335763881,0.0444536889502001,0.071037814753653
