,arima,lstm,mlp,rf,svr,xgboost
0,15.051645847397996,1.717719530325971,1.3432907645532643,1.1632865273229465,0.7943374691734978,1.2168638947504786
