,arima,lstm,mlp,rf,svr,xgboost
0,15.416633018951542,34.08471919314692,2.680479873739267,0.8146343406022639,12.210307879117993,20.848592509960977
