,training,testing
mape,1.8919956866391079,2.680479873739267
