,training,testing
nrmse,0.030959757407286227,0.05596049650205914
