,training,testing
smape,1.9257478082793786,2.7252978468515736
