,training,testing
arv,0.05428954974074178,0.2877809047588628
