,training,testing
mse,0.0004123646444832553,0.00189395789841959
