,training,testing
mae,0.006412929364217532,0.013380632019286997
