,arima,lstm,mlp,rf,svr,xgboost
0,0.0085872900690319,0.0280109062550535,0.0018939578984195,0.0016813911880707,0.0043939709910786,0.0089075543751054
