,arima,lstm,mlp,rf,svr,xgboost
0,0.0085001848146673,0.0019593292128705,0.001076795947471,0.0015785429328916,0.0009734225770945,0.0020658646444306
