,arima,lstm,mlp,rf,svr,xgboost
0,0.1191583457288817,0.2152087766465108,0.0559604965020591,0.0527267232119311,0.0852363789263211,0.1213600201233332
