,arima,lstm,mlp,rf,svr,xgboost
0,0.1185524634917847,0.0569180621547135,0.0421952053636096,0.0510886701270272,0.0401187234988108,0.058444995601452
