,training,testing
arv,0.004365339105479772,0.3251949156899654
