,training,testing
mae,0.0008697666394977889,0.0055876335763881445
