,training,testing
mape,0.26599627426038147,0.8146343406022639
