,training,testing
mse,3.5672301230476896e-05,0.0016813911880707983
