,training,testing
nrmse,0.009105890030201446,0.05272672321193112
