,training,testing
rmse,0.005972629339786364,0.04100477030871894
