,training,testing
smape,0.2597801575521035,0.9306670661828276
