,arima,lstm,mlp,rf,svr,xgboost
0,0.0921964468657406,0.0442643108256591,0.0328145691343194,0.0397308813505525,0.0311997207855218,0.0454517837321121
