,arima,lstm,mlp,rf,svr,xgboost
0,16.21463052686795,1.7066268903068256,1.3671948675652368,1.2722046861432978,0.7672878447267841,1.3630033499498946
