,arima,lstm,mlp,rf,svr,xgboost
0,12.230056805990117,42.208750698392,2.7252978468515736,0.9306670661828276,11.256635361291522,17.467184485516484
