,training,testing
smape,23.173344504664385,11.256635361291522
