,training,testing
mae,0.07236964193624512,0.0444536889502001
