,training,testing
nrmse,0.11744359898504379,0.08523637892632115
