,training,testing
rmse,0.07703223767711796,0.06628703486413227
