,training,testing
mape,27.078250078466393,12.210307879117991
