,training,testing
arv,0.6590237815500678,1.3363420740149872
