,training,testing
mse,0.005933965641543993,0.004393970991078688
