,training,testing
nrmse,0.22264911606446897,0.12136002012333326
