,training,testing
mape,51.84529279472826,20.848592509960977
