,training,testing
smape,38.284558940422436,17.467184485516484
