,training,testing
mae,0.1328221051943443,0.07103781475365305
