,training,testing
mse,0.021326926637594033,0.008907554375105486
