,training,testing
arv,1.1899989848984798,2.111297493421664
