,training,testing
arv,1.5384870525029564,11.795123717579527
