,training,testing
mape,53.025977920218814,15.416633018951542
