,training,testing
nrmse,0.2345405964321423,0.11915834572888176
