,training,testing
mae,0.13121127323392956,0.047011901753496683
