,training,testing
smape,37.87949805984489,12.230056805990117
