,training,testing
mse,0.023665864569611863,0.008587290069031995
