,arima,lstm,mlp,rf,svr,xgboost
0,11.795123717579528,1.2268547251307012,0.2809270832355665,0.289358497860976,1.007177531049918,2.1113023679626144
