,arima,lstm,mlp,rf,svr,xgboost
0,2.085429054245239,0.3283210693140597,0.1355426404748457,0.3034761715382921,0.122024045523549,0.4263220175006462
