,training,validation,testing
mse,0.0002515575240443795,3.7886892504586624e-06,0.0009329076233553923
