,training,testing
mape,48.56135080447013,15.051645847397996
