,training,validation,testing
nrmse,0.023419259628686538,0.020607772640563612,0.039581619140999794
