,training,validation,testing
smape,0.9003055777738356,0.2719323086602325,1.0946399297781078
