,training,testing
arv,1.2931935791053901,2.085429054245239
