,training,validation,testing
mae,0.0029634451363708173,0.0011169455922005582,0.005824499433427347
