,training,validation,testing
mape,0.5759791545858596,0.5787051241099503,1.0102414860808449
