,training,testing
nrmse,0.2465831028103287,0.11855246349178471
