,training,validation,testing
smape,2.1547770241314423,0.9102520063197825,2.1927636585817094
