,training,validation,testing
nrmse,0.03553208478682762,0.03554205803818787,0.05845108715414186
