,training,validation,testing
mae,0.0067550554998342255,0.003728428878259614,0.011485303944438712
