,training,validation,testing
rmse,0.028514347309359644,0.0044631258632950675,0.045972093149986654
