,training,validation,testing
mse,0.0008130680024787856,1.9919492471613345e-05,0.0021134333485910498
