,training,validation,testing
mae,0.001924023196634408,0.0023785080196140848,0.006367706394585284
