,training,validation,testing
arv,0.03526234888466423,0.005345125906440095,0.12202404552354901
