,training,validation,testing
mse,0.0001912510068175671,9.867660420895204e-06,0.0015697863283679172
