,training,validation,testing
arv,0.10604760208534354,0.0158449383211032,0.42632201750064624
