,training,testing
rmse,0.16173591704444795,0.09219644686574062
