,training,validation,testing
arv,0.03919246044934564,0.006375329611299003,0.13554264047484574
