,training,testing
smape,61.7536731456233,16.21463052686795
