,training,validation,testing
mape,0.874726292979264,0.27180237554807013,1.0742551934765754
