,training,validation,testing
rmse,0.015360888030763221,0.0017937612425536365,0.030782022899473977
