,training,validation,testing
rmse,0.02330579124036363,0.0030936854409972614,0.04545652103994492
