,training,validation,testing
smape,0.5836353443348336,0.5804893726644395,1.1174072154560903
