,training,validation,testing
nrmse,0.024181068846416,0.02236201379641517,0.03927495713442949
