,training,validation,testing
rmse,0.013829353087457384,0.0031412832442960638,0.03962052912781349
