,training,validation,testing
nrmse,0.021084276495168898,0.036088889291591236,0.0509467717317825
