,training,validation,testing
mse,0.0005431599053394102,9.57088960783842e-06,0.0020662953050549554
