,training,validation,testing
arv,0.02968499673617459,0.016900768501405677,0.3034761715382921
