,training,validation,testing
mape,2.0634649094572284,0.9044274856791304,2.198694896015507
