,training,validation,testing
smape,2.931333650132488,0.5489861261460904,1.3670671774058722
