,training,testing
mae,0.13116579529270694,0.06319882409380682
