,training,validation,testing
nrmse,0.04347306623439096,0.05127498625517534,0.05911404484753446
