,training,validation,testing
rmse,0.015860565060689974,0.0019464555608743454,0.030543536523385637
