,training,validation,testing
arv,0.13340781942835847,0.033821056356418557,0.3283210693140597
