,training,validation,testing
mape,0.6727988468204377,0.22897102475432554,0.7274721158121621
