,training,testing
mse,0.02615850686220855,0.008500184814667333
