,training,validation,testing
mae,0.0074452116252123985,0.0022565329906458756,0.007340728739875053
