,training,validation,testing
smape,0.697114460575855,0.22905334414531903,0.707594706196298
