,training,validation,testing
mse,0.00023595688109364482,3.2175793952875662e-06,0.0009475329337837404
