,training,validation,testing
mape,3.1265212781084446,0.5496053542644448,1.22067874048615
