,training,validation,testing
mae,0.0022158274802396597,0.0009443807445778347,0.003863254779488988
