,training,testing
nrmse,0.16404088939384803,0.22329228240375132
