,training,testing
mape,22.59020034577405,35.77086336486378
