,training,testing
mse,0.011576853965833148,0.030154673352621713
