,training,testing
mae,0.08217007158247323,0.15609940539499909
