,training,testing
rmse,0.10759578972168543,0.17365101022632062
