,training,testing
smape,26.64170868036685,44.69886401774096
