,training,testing
arv,1.7949062618072025,1.2268547251307012
