,arima,lstm,mlp,rf,svr,xgboost
0,0.0470119017534966,0.156099405394999,0.012969358139724,0.0053892947579287,0.0597319407342734,0.0710379564196221
