,arima,lstm,mlp,rf,svr,xgboost
0,0.0631988240938068,0.0114853039444387,0.0058244994334273,0.0063677063945852,0.0038632547794889,0.007340728739875
