,arima,lstm,mlp,rf,svr,xgboost
0,15.051645847397996,2.198694896015507,1.0742551934765754,1.0102414860808449,0.7274721158121621,1.22067874048615
