,arima,lstm,mlp,rf,svr,xgboost
0,15.416633018951542,35.77086336486378,2.6095497452525778,0.7955415448866703,15.781086538919997,20.848638755440536
