,training,testing
rmse,0.019890126535826128,0.04292986244660493
