,training,testing
smape,2.390846489539375,2.6929476013230027
