,training,testing
mae,0.007421313713396001,0.012969358139724099
