,training,testing
mse,0.00039561713361117466,0.0018429730896844206
