,training,testing
arv,0.051497556810230896,0.2809270832355665
