,training,testing
mape,2.3632795645779323,2.6095497452525778
