,training,testing
nrmse,0.03032455131871665,0.05520213764658279
