,arima,lstm,mlp,rf,svr,xgboost
0,0.0085001848146673,0.002113433348591,0.0009329076233553,0.0015697863283679,0.0009475329337837,0.0020662953050549
