,arima,lstm,mlp,rf,svr,xgboost
0,0.0085872900690319,0.0301546733526217,0.0018429730896844,0.0015266433402473,0.0054356845715166,0.0089075931809032
