,arima,lstm,mlp,rf,svr,xgboost
0,0.1191583457288817,0.2232922824037513,0.0552021376465827,0.0502418002450181,0.094803314695094,0.1213602844757621
