,arima,lstm,mlp,rf,svr,xgboost
0,0.1185524634917847,0.0591140448475344,0.0392749571344294,0.0509467717317825,0.0395816191409997,0.0584510871541418
