,training,testing
arv,0.003685431274418101,0.28935849786097606
