,training,testing
mape,0.26435097954268605,0.7955415448866703
