,training,testing
mse,3.0169097452726077e-05,0.0015266433402473774
