,training,testing
mae,0.0008492649729294783,0.0053892947579287365
