,training,testing
nrmse,0.00837409718425872,0.050241800245018106
