,training,testing
smape,0.2603460863059927,0.8979435322097485
