,arima,lstm,mlp,rf,svr,xgboost
0,0.0921964468657406,0.0459720931499866,0.0305435365233856,0.0396205291278134,0.0307820228994739,0.0454565210399449
