,arima,lstm,mlp,rf,svr,xgboost
0,0.0926676322619284,0.1736510102263206,0.0429298624466049,0.0390722835299829,0.0737270952331413,0.0943800465188657
