,arima,lstm,mlp,rf,svr,xgboost
0,16.21463052686795,2.1927636585817094,1.0946399297781078,1.1174072154560903,0.707594706196298,1.3670671774058722
