,arima,lstm,mlp,rf,svr,xgboost
0,12.230056805990117,44.69886401774096,2.6929476013230027,0.8979435322097485,14.4939438549614,17.46721565936154
