,training,testing
nrmse,0.12174574603320641,0.09480331469509401
