,training,testing
smape,24.227412636060567,14.4939438549614
