,training,testing
rmse,0.07985405186537507,0.07372709523314133
