,training,testing
mape,28.27873332612139,15.781086538919997
