,training,testing
arv,0.6002248827224466,1.007177531049918
