,training,testing
mae,0.07708810671300269,0.05973194073427342
