,training,testing
mse,0.006376669599318012,0.005435684571516691
