,training,testing
mae,0.13312269890863096,0.07103795641962214
