,training,testing
smape,38.38968589303812,17.46721565936154
