,training,testing
mse,0.021402600809325587,0.008907593180903253
