,training,testing
mape,52.00433913412225,20.848638755440536
