,training,testing
arv,1.1888858768366775,2.1113023679626144
