,training,testing
nrmse,0.22304377836351466,0.12136028447576211
