,training,testing
rmse,0.1957566714252847,0.33575935784975874
