,training,testing
rmse,0.0027964109091791747,0.34949574288876406
