,arima,lstm,mlp,rf,svr,xgboost
frontend,0.3357593578497587,0.1926900398986051,0.0544840897523015,0.349495742888764,0.4190569984001678,0.2434631977415742
