,training,testing
rmse,0.3037193424875827,0.24346319774157427
