,arima,lstm,mlp,rf,svr,xgboost
0,1.2283507614776534,1.2755416969810898,1.2101733412221272,1.193687446681547,1.2150408195182285,1.0508826047998567
