,arima,lstm,mlp,rf,svr,xgboost
0,0.0842646211150261,0.1207541625880124,0.0689079647917491,0.1500398721048074,0.0548676338183471,0.3429295080929613
