,arima,lstm,mlp,rf,svr,xgboost
0,110989.68454131734,178025.27147806386,92184.59086265728,213374.5369750834,75913.11966543396,381882.2112102796
