,training,validation,testing
rmse,0.026463129889173546,0.03627932157521202,0.0792338811060532
