,training,validation,testing
smape,4.005483762631199,6.882080772041417,50.42214466748498
