,training,validation,testing
smape,3.861717350859877,7.053886318022781,43.20575621668224
