,training,validation,testing
mse,0.0007223972453358104,0.0013330353446087265,0.004269854399840668
