,training,testing
arv,1.1846160963723547,1.2283507614776534
