,training,validation,testing
rmse,0.022670964252242416,0.04708477258103163,0.35557404414610866
