,training,validation,testing
mape,3.8632954858326225,7.146931784896786,75913.11966543396
