,training,testing
rmse,0.609354215026764,0.09606618020670901
