,training,validation,testing
arv,0.15160221324478965,0.18261637523086993,1.2755416969810898
