,training,validation,testing
mae,0.015768484004941553,0.03667831216589138,0.34292950809296135
