,training,validation,testing
mse,0.0007002972435312704,0.0013161891739576445,0.006278007915128173
