,training,validation,testing
arv,0.021233362435095816,0.07578447691293401,1.2101733412221272
