,training,validation,testing
arv,0.016510429268847958,0.14276912481487802,1.0508826047998567
