,training,testing
mae,0.5443174539068986,0.08426462111502615
