,training,validation,testing
mae,0.020569947709386957,0.028376107866055027,0.05486763381834719
