,training,validation,testing
mape,8.72872430962426,9.429360074556055,178025.27147806386
