,training,validation,testing
nrmse,0.03707143281750043,0.07874344259613918,0.5384714764780256
