,training,validation,testing
nrmse,0.11169581725286312,0.09030789617560951,0.4401549191303488
