,training,validation,testing
nrmse,0.03769345387112241,0.09103554724244592,1.1722711320572525
