,training,testing
mape,85.45919746133163,110989.68454131734
