,training,validation,testing
mae,0.05174859393086091,0.03684160096556299,0.12075416258801248
