,training,validation,testing
mse,0.004513172536144762,0.002181676681726929,0.017824406643007804
