,training,validation,testing
mse,0.0005139726201264536,0.002216975809007468,0.12643290087041884
