,training,validation,testing
nrmse,0.043998427004022164,0.07014386418666947,0.26122151779817765
