,training,validation,testing
rmse,0.0671801498669418,0.046708421957147396,0.1335080770702949
