,training,validation,testing
mse,0.0004971493320979354,0.0016586995830598008,0.026676531891610955
