,training,testing
nrmse,1.013131366611964,0.3167149337173216
