,training,validation,testing
arv,0.021881958328939438,0.07328130518258794,1.2150408195182283
