,training,validation,testing
smape,3.259363155190159,8.141060849064958,80.2103495612521
