,training,validation,testing
mae,0.01723548857543515,0.03185143149041411,0.15003987210480746
