,training,validation,testing
arv,0.015160399442786427,0.10123717907964941,1.193687446681547
