,training,testing
smape,145.01813172581905,57.783991055085416
