,training,validation,testing
smape,2.927714920440379,9.777888389856267,116.09729043894781
