,training,validation,testing
mape,3.2730496771112194,8.620313317447778,213374.5369750834
