,training,validation,testing
mape,2.9880900449201127,10.54772244111669,381882.2112102796
