,training,validation,testing
rmse,0.026877448638883313,0.03651075656034433,0.06534412291737236
