,training,validation,testing
rmse,0.02229684578809154,0.04072713570900611,0.16332951935155798
