,training,validation,testing
mape,4.015638739008236,6.9906207173835595,92184.59086265728
