,training,validation,testing
mae,0.02132317092580749,0.027920593194259807,0.06890796479174918
