,training,validation,testing
nrmse,0.0446872863090948,0.07059132967004435,0.21542919177239014
