,training,validation,testing
smape,9.244963097935758,9.103814420291624,71.63107048840709
