,training,testing
mse,0.37131255937088375,0.00922871097950789
