,arima,lstm,mlp,rf,svr,xgboost
0,0.0092287109795078,0.0178244066430078,0.0062780079151281,0.0266765318916109,0.0042698543998406,0.1264329008704188
