,arima,lstm,mlp,rf,svr,xgboost
0,0.3167149337173216,0.4401549191303488,0.2612215177981776,0.5384714764780256,0.2154291917723901,1.1722711320572523
