,arima,lstm,mlp,rf,svr,xgboost
0,0.096066180206709,0.1335080770702949,0.0792338811060532,0.1633295193515579,0.0653441229173723,0.3555740441461086
