,arima,lstm,mlp,rf,svr,xgboost
0,57.783991055085416,71.63107048840709,50.42214466748498,80.2103495612521,43.20575621668224,116.0972904389478
