,arima,lstm,mlp,rf,svr,xgboost
0,8.061511545893916,2.9568211451913022,0.2588598126706004,0.2988885070577857,0.2972255786352996,0.5396428484062177
