,arima,lstm,mlp,rf,svr,xgboost
0,0.1481591820737031,0.1314636430860613,0.0473015484377025,0.0522858805128466,0.0494216644385632,0.0504486723255225
