,arima,lstm,mlp,rf,svr,xgboost
0,43.74783352723869,30.56235637563216,11.474538975673664,12.987696457790546,12.419927615104042,11.541988903256438
