,training,validation,testing
arv,0.16823776630886894,0.3231718769365341,0.2588598126706004
