,training,validation,testing
mse,0.006782373882003454,0.005448191233425608,0.006068035852089954
