,training,validation,testing
nrmse,0.0858678238636228,0.11257692266708783,0.09312202817848896
