,training,testing
mse,0.0761220827800535,0.03278339104329318
