,training,validation,testing
rmse,0.08235516912740483,0.07381186377152123,0.07789759850014603
