,training,validation,testing
mape,18798.921314890198,12.418896802438427,11.541988903256438
