,training,validation,testing
mape,4007.961564869509,13.704587592966998,12.987696457790546
