,training,validation,testing
rmse,0.0644715390067954,0.07712268197342327,0.08342472399540987
