,training,validation,testing
rmse,0.1771256922351424,0.14014223949836813,0.16411604543002267
