,training,validation,testing
mape,34214.3861428477,32.13469168592384,30.56235637563216
