,training,validation,testing
smape,23.083382402689015,12.348980404513533,11.537435784397845
