,training,testing
mae,0.2391417369256126,0.14815918207370318
