,training,validation,testing
nrmse,0.18468054772664327,0.21374317423058262,0.19619114454533657
