,training,validation,testing
mape,10106.41547427312,14.093806007395937,12.419927615104042
