,training,validation,testing
mse,0.03137351084977839,0.019639847291617968,0.026934076367589262
