,training,validation,testing
mse,0.0057188278374477874,0.005233435467731627,0.006009628185949008
