,training,testing
arv,2.0927327119825616,8.061511545893916
