,training,testing
rmse,0.2759023065870481,0.18106184314563126
