,training,validation,testing
arv,0.24385549161581913,0.39181280159964754,0.29722557863529964
