,training,validation,testing
rmse,0.09371942851300318,0.07275356092500596,0.09485500061634417
