,training,validation,testing
nrmse,0.07884843987271849,0.11033584821450099,0.09267277308506253
