,training,validation,testing
smape,13.170581579218219,11.931076034876664,12.176916852831116
