,training,validation,testing
smape,48.90140112570978,29.845717724048708,29.943314217090744
