,training,validation,testing
arv,4.908353701951382,5.422035585523983,2.9568211451913022
