,training,validation,testing
smape,16.364983181143263,10.782975570478023,10.865911096851493
