,training,validation,testing
mse,0.008783331280803911,0.0052930806272685526,0.008997471141926651
