,training,validation,testing
mae,0.053684152285246575,0.04516682385789767,0.04942166443856325
