,training,validation,testing
mae,0.05803207093725623,0.03989838572008628,0.050448672325522574
