,training,validation,testing
mse,0.004156579341904741,0.005947908074773786,0.006959684573710315
