,training,testing
nrmse,0.28767023268367437,0.21644885572980804
