,training,testing
smape,67.2303678282572,33.33588217171306
