,training,validation,testing
rmse,0.07562293195484943,0.07234248729295688,0.07752179168433228
