,training,testing
mape,58773.69428596559,43.74783352723869
