,training,validation,testing
mae,0.034602580893324485,0.044288824509544314,0.05228588051284665
