,training,validation,testing
nrmse,0.09771679744478882,0.11096281252783842,0.11339361174592859
