,training,validation,testing
arv,0.1236068964028213,0.3236411907737452,0.29888850705778575
