,training,validation,testing
mae,0.14404915035783203,0.11394725789850602,0.13146364308606137
