,training,validation,testing
mape,887.297444560282,12.278946601997928,11.474538975673664
