,training,validation,testing
nrmse,0.06722141201711165,0.11762654078585047,0.09972938380980587
