,training,validation,testing
smape,23.51955474229871,10.40025807653502,10.602627928048355
