,training,validation,testing
arv,0.40226923149593025,0.3578584953713356,0.5396428484062177
