,training,validation,testing
mae,0.041986610372651965,0.03993727785077678,0.0473015484377025
