,arima,lstm,mlp,rf,svr,xgboost
0,0.0327833910432931,0.0269340763675892,0.006009628185949,0.0069596845737103,0.0060680358520899,0.0089974711419266
