,arima,lstm,mlp,rf,svr,xgboost
0,0.216448855729808,0.1961911445453365,0.0926727730850625,0.0997293838098058,0.0931220281784889,0.1133936117459285
