,arima,lstm,mlp,rf,svr,xgboost
0,0.1810618431456312,0.1641160454300226,0.0775217916843322,0.0834247239954098,0.077897598500146,0.0948550006163441
