,arima,lstm,mlp,rf,svr,xgboost
0,33.33588217171306,29.943314217090744,10.865911096851493,12.176916852831116,11.537435784397845,10.602627928048356
