,training,testing
rmse,0.2398863908977311,0.15044522944616873
