,training,testing
rmse,0.20345170199936569,0.1261989060668855
