,arima,lstm,mlp,rf,svr,xgboost
0,1.323459429676603,0.1846938255146254,0.0547740356048108,1.0342622994886512,0.0648425641369765,1.1598010258300078
