,arima,lstm,mlp,rf,svr,xgboost
0,0.0107534079489581,0.0020633977285741,0.001125324901377,0.032962401949562,0.001414814558237,0.0152629092838728
