,arima,lstm,mlp,rf,svr,xgboost
0,1.2652394294903897,0.243178039762208,0.1329127484818149,3.889094375846256,0.1670906272239557,1.798018720200846
