,training,validation,testing
arv,0.6251433491258672,0.06439211110354992,0.18469382551462543
