,training,validation,testing
smape,1.3622836683995059,0.12751166740210507,0.2436190641885147
