,training,validation,testing
mape,51191.955429300535,1.4602078120092723,3.889094375846256
