,training,validation,testing
rmse,0.014851592038825785,0.013749485386196362,0.03352233007932821
