,training,testing
arv,4.049278144239901,1.3234594296766027
