,training,validation,testing
mae,0.0011947206252130118,0.012106263943010549,0.03296240194956209
