,training,validation,testing
mae,0.0021285073556312666,0.0009177749307591425,0.001414814558237045
