,training,validation,testing
mse,0.0011970066042536252,1.5093702344686999e-06,1.8989715255132572e-06
