,training,validation,testing
smape,0.3602934900891856,0.11103927015543992,0.16699899339238564
