,training,validation,testing
rmse,0.044852118288540035,0.007043972078881337,0.016437246468635477
