,training,testing
rmse,0.08919646905887985,0.012370848435932608
