,training,validation,testing
rmse,0.05455069998918842,0.0015635169773804685,0.0025233197659865194
