,training,validation,testing
mse,0.0011984239399163393,1.5197703443682525e-06,2.508944722331538e-06
