,training,validation,testing
nrmse,0.04485211828854003,0.2779079100685678,0.6484628167301068
