,training,testing
mae,0.0728636384941531,0.010753407948958177
