,training,validation,testing
mse,0.0020117125149691877,4.961754264805987e-05,0.00027018307147066946
