,training,validation,testing
mae,0.014221321193349921,0.005860138327003361,0.015262909283872826
