,training,validation,testing
rmse,0.034597783227450066,0.001228564298060423,0.001378031757802866
