,training,validation,testing
arv,1.0054136731155598,0.8791064915065253,1.1598010258300078
