,training,validation,testing
smape,1.7563653478762968,0.7097620129911728,1.8169013102197298
