,training,validation,testing
nrmse,0.014851592038825781,0.5424625062970123,1.3224833385613954
