,training,validation,testing
mape,118952.95842811863,0.11739826544588303,0.13291274848181497
