,training,validation,testing
smape,0.3398820670893561,1.4740416765373425,3.968763573450639
