,training,validation,testing
mape,121105.05970596928,0.12734927967304113,0.243178039762208
