,training,validation,testing
mse,0.0029757788693104414,2.4445853385569566e-06,6.367142641418264e-06
