,training,validation,testing
mape,120718.3180904799,0.11100817421878734,0.16709062722395576
