,training,validation,testing
rmse,0.03461826020926441,0.0012327896594181234,0.0015839648740838725
