,training,validation,testing
arv,0.04038942036801955,1.290054557124987,1.0342622994886512
