,training,validation,testing
mape,82885.40501236178,0.7124086132528805,1.798018720200846
