,training,validation,testing
mae,0.0043628538782745615,0.0009699133579543798,0.0011253249013770477
