,training,testing
smape,9.067313633806892,1.2758853633293175
