,training,validation,testing
arv,0.227131610330275,0.033154311467098796,0.06484256413697653
