,training,testing
mse,0.00795601009257171,0.00015303789102481626
