,training,validation,testing
nrmse,0.03459778322745006,0.04847090996888957,0.054364479897135005
