,training,validation,testing
arv,0.24868132623674266,0.03507372858645651,0.05477403560481082
