,training,validation,testing
nrmse,0.0346182602092644,0.048637614398017504,0.062488709761084706
