,training,validation,testing
mse,0.00022056978608771345,0.00018904834838522733,0.0011237466139474327
