,training,validation,testing
smape,0.6348675039777836,0.11741086420988187,0.13293201968179622
