,training,validation,testing
mae,0.009766182936797426,0.00105474955673313,0.0020633977285741682
