,training,testing
nrmse,0.08919646905887983,0.48804008855213304
