,training,testing
mape,101800.88668741043,1.2652394294903895
