,training,validation,testing
nrmse,0.054550699989188406,0.06168589691649316,0.09954702851749636
