,arima,lstm,mlp,rf,svr,xgboost
0,0.0001530378910248,6.367142641418264e-06,1.8989715255132567e-06,0.0011237466139474,2.508944722331538e-06,0.0002701830714706
