,arima,lstm,mlp,rf,svr,xgboost
0,0.488040088552133,0.0995470285174963,0.054364479897135,1.3224833385613954,0.0624887097610847,0.6484628167301068
