,arima,lstm,mlp,rf,svr,xgboost
0,0.0123708484359326,0.0025233197659865,0.0013780317578028,0.0335223300793282,0.0015839648740838,0.0164372464686354
