,arima,lstm,mlp,rf,svr,xgboost
0,1.2758853633293177,0.2436190641885147,0.1329320196817962,3.968763573450639,0.1669989933923856,1.8169013102197296
