,training,testing
rmse,0.3178807618370931,0.3072417938876192
