,training,testing
rmse,0.796249187110133,0.7583062078179188
