,training,testing
rmse,0.02735706091700882,0.028058144961425193
