,training,testing
rmse,0.0027675970435548695,0.009243687993335671
