,training,testing
rmse,0.1228080941933474,0.1252522556410366
