,training,testing
rmse,0.051114367084292886,0.042181675556179694
