,training,testing
rmse,0.018441036284630594,0.04143805408720696
