,arima,lstm,mlp,rf,svr,xgboost
frontend,0.1238710493869579,0.141141902566067,0.0421816755561796,0.0414380540872069,0.0427862341409273,0.1357708384834734
