,training,testing
rmse,0.04905019592738234,0.042786234140927346
