,training,testing
mape,14706.817274057088,36.397540817363485
