,training,testing
mae,0.23327428884633178,0.09504320909939368
