,training,testing
smape,62.09533156077622,34.031265457503956
