,training,testing
nrmse,0.3012222573593225,0.22429382931404432
