,training,testing
rmse,0.3012222573593225,0.12148818327300695
