,training,testing
mse,0.09073484832864592,0.014759378674975726
