,training,testing
arv,3.2212332779854544,10.142554250486638
