,arima,lstm,mlp,rf,svr,xgboost
0,6.761686384323604,0.0679372622324328,0.0284130542480659,0.0292185428699316,0.0280541816365105,0.0306330613590176
