,arima,lstm,mlp,rf,svr,xgboost
0,10.142554250486638,0.4877308462504522,0.0443108381845691,0.0038810520167182,0.085384940945208,1.2440874407756346
