,training,validation,testing
mae,0.019049918984941037,0.013551586758048347,0.015245794271472969
