,training,validation,testing
nrmse,0.024843191497699733,0.06030075662297041,0.03547045438461483
