,training,validation,testing
mape,1610.473988507026,7.159634473776418,5.872012977946037
