,training,validation,testing
rmse,0.024737190537978335,0.017655897000734087,0.019785513043324557
