,training,validation,testing
smape,5.527368307174128,7.131747645360122,5.887587059425369
