,training,testing
smape,73.97883942667306,35.14511959134847
