,training,validation,testing
mae,0.018856742060800517,0.014103502387019125,0.015848629158224475
