,training,validation,testing
mse,0.000607739419828451,0.0002816183870869418,0.0003634282115424486
