,training,testing
nrmse,0.35104783214131985,0.23080098075435065
