,training,validation,testing
rmse,0.024652371484878508,0.016781489418014772,0.01906379320970642
