,training,validation,testing
nrmse,0.01961056157919952,0.06401268832904407,0.03643061681177315
