,training,testing
mse,0.12323458045112028,0.015628191495978192
