,training,validation,testing
mse,0.0006171841637913803,0.00028524778395379216,0.00036911944826502753
