,training,validation,testing
arv,0.006341580805875576,0.08424043353099434,0.029218542869931644
