,training,validation,testing
nrmse,0.024652371484878508,0.05991590525084306,0.03519594305437426
