,training,validation,testing
smape,5.44524438028973,7.094804080277002,5.856473254811639
