,training,testing
mae,0.29398444206712737,0.0978802799430022
