,training,testing
arv,1.9890515196595746,6.761686384323604
