,training,testing
rmse,0.35104783214131985,0.12501276533209796
