,training,validation,testing
mape,1444.6156299215054,7.210951555641494,5.920687177422982
