,training,validation,testing
mse,0.0015178108222062283,0.0008584152143552603,0.0008877992661528107
