,training,validation,testing
mape,3101.9978741585487,13.335692344402588,9.96196421741646
