,training,validation,testing
arv,0.010499809872425629,0.08641636313589494,0.030633061359017652
