,training,validation,testing
nrmse,0.024737190537978335,0.0630378523302595,0.03652839614415615
