,training,validation,testing
rmse,0.03895909165016849,0.02929872376666363,0.029795960567714722
