,training,validation,testing
mse,0.0006119285957122448,0.00031173069890053095,0.0003914665263875661
