,training,validation,testing
smape,4.3754569812894895,7.535235109141973,6.087222997367717
