,training,testing
mape,18750.771784862205,36.097029720344956
