,training,validation,testing
mape,1614.7660498513171,7.550874939898078,6.092116918027628
