,training,validation,testing
rmse,0.01961056157919952,0.017928933015618848,0.019732551116154344
