,training,validation,testing
arv,0.010012564338231257,0.07638583178658868,0.028054181636510543
