,training,validation,testing
mae,0.015013278614672705,0.014371188130163812,0.01571473216950011
