,training,validation,testing
rmse,0.024843191497699733,0.016889280149070658,0.019212481574878024
