,training,validation,testing
mae,0.018829767274827096,0.013479752561250719,0.015129427951220261
