,training,validation,testing
arv,0.010183111407231599,0.07732437814914413,0.028413054248065932
