,training,validation,testing
smape,9.010205587977799,12.246002316428191,9.273159991094365
