,training,validation,testing
mse,0.0003845741254515764,0.00032144663907854754,0.00038937357355164405
