,training,validation,testing
mae,0.031059568169690945,0.023734804308381364,0.02391928320444036
