,training,validation,testing
nrmse,0.03895909165016849,0.10460689831795099,0.055009877617520485
