,training,validation,testing
smape,6.291078603312532,7.379985287397167,6.144698969320557
