,training,validation,testing
mape,6318.028602579691,7.50765798042413,6.233001651376481
