,training,validation,testing
arv,0.024929251872513644,0.2272771901882825,0.06793726223243285
