,training,testing
mse,0.01390780037275008,0.004769990887771779
