,training,testing
nrmse,0.11793133753481337,0.12750935902587252
