,training,testing
mape,7062.6088958008895,29.80068084716826
