,training,testing
smape,27.720887879104723,23.915579902671265
