,training,testing
arv,0.6864345952003665,0.48773084625045227
