,training,testing
mae,0.09390573843226167,0.061439762715971985
