,arima,lstm,mlp,rf,svr,xgboost
0,0.0978802799430022,0.0239192832044403,0.0152457942714729,0.0157147321695001,0.0151294279512202,0.0158486291582244
