,arima,lstm,mlp,rf,svr,xgboost
0,0.0950432090993936,0.0614397627159719,0.0192872078687154,0.0151334256551647,0.0250986279729922,0.1494300044217383
