,arima,lstm,mlp,rf,svr,xgboost
0,36.09702972034496,9.96196421741646,5.920687177422982,6.092116918027628,5.872012977946037,6.233001651376481
