,arima,lstm,mlp,rf,svr,xgboost
0,36.397540817363485,29.80068084716826,7.589313295993523,4575.393291446925,10.588503600700411,75.17026130333959
