,training,testing
nrmse,0.028272086858069027,0.04455140912790174
