,training,testing
arv,0.013001396729393442,0.044310838184569164
