,training,testing
mape,1576.088352492408,7.589313295993523
