,training,testing
mse,0.0007993108953101994,0.0005823127699814173
