,training,testing
smape,7.492736935394771,7.483513862841846
