,training,testing
mae,0.02208935770309333,0.019287207868715472
