,arima,lstm,mlp,rf,svr,xgboost
0,0.0147593786749757,0.0047699908877717,0.0005823127699814,0.0004322132460772,0.0010178901333388,0.0282509076551833
