,arima,lstm,mlp,rf,svr,xgboost
0,0.0156281914959781,0.0008877992661528,0.000369119448265,0.0003893735735516,0.0003634282115424,0.0003914665263875
