,arima,lstm,mlp,rf,svr,xgboost
0,0.2308009807543506,0.0550098776175204,0.0354704543846148,0.0364306168117731,0.0351959430543742,0.0365283961441561
