,arima,lstm,mlp,rf,svr,xgboost
0,0.2242938293140443,0.1275093590258725,0.0445514091279017,0.020789738961259,0.0589025016668947,0.31031265755568
