,training,testing
arv,0.0006494748217424001,0.0038810520167182256
