,training,testing
mse,6.526739320292805e-05,0.00043221324607729215
