,training,testing
mape,707.7615288883201,4575.393291446925
