,training,testing
mae,0.005910103509116022,0.015133425655164736
