,arima,lstm,mlp,rf,svr,xgboost
0,0.1250127653320979,0.0297959605677147,0.019212481574878,0.0197325511161543,0.0190637932097064,0.0197855130433245
