,arima,lstm,mlp,rf,svr,xgboost
0,35.14511959134847,9.273159991094364,5.887587059425369,6.087222997367717,5.856473254811639,6.144698969320557
