,arima,lstm,mlp,rf,svr,xgboost
0,34.03126545750396,23.915579902671265,7.483513862841846,11.36827740222452,9.71190016258784,47.13910209562719
