,training,testing
mse,0.0013608392004636953,0.0010178901333388432
