,training,testing
arv,0.022929611234528854,0.08538494094520803
