,training,testing
smape,10.989932152005707,9.71190016258784
