,training,testing
nrmse,0.03688955408328617,0.058902501666894716
