,training,testing
mape,5816.843300558163,10.588503600700413
