,training,testing
mae,0.029752693926276573,0.02509862797299227
