,training,testing
mse,0.03427433670055821,0.028250907655183333
