,training,testing
mae,0.1609614777799467,0.14943000442173832
