,training,testing
smape,45.41733705395594,47.13910209562719
