,training,testing
nrmse,0.18513329441393897,0.31031265755568
