,training,testing
mape,21840.52015376643,75.17026130333959
