,training,testing
arv,3.971280832310446,1.2440874407756346
