,training,testing
smape,54.367924619449326,10.222314197975901
