,training,testing
nrmse,0.6527512024287984,0.6385511065151733
