,training,testing
mape,87.75665904056306,11.012621511033696
