,training,testing
arv,0.9008885396500258,1.0372418945267803
