,training,testing
rmse,0.5951391924974719,0.12197171980122133
