,training,testing
mse,0.354190658446543,0.014877100431267649
