,training,testing
mae,0.5724989702585305,0.10277316074585155
