,arima,lstm,mlp,rf,svr,xgboost
0,1.0372418945267805,1.0008640406833922,2.5257894533726377,6.616335456758449,1.1522619073792133,1.006330468836831
