,arima,lstm,mlp,rf,svr,xgboost
0,1.0361915572634586,9.01048669860709,15.407056678501965,2.219575724917588,11.762881110061198,1.240801353439054
