,training,validation,testing
smape,2.3570462484220265,1.9026581568372976,2.0999232721953054
