,training,validation,testing
mape,2.2845834202607795,1.8597871813659743,2.159095134404663
