,training,testing
mae,0.5065954994428432,0.10383607480586209
