,training,validation,testing
arv,0.011381825340398475,6.277964232008548,15.407056678501965
