,training,validation,testing
smape,2.134229200260322,3.384920895184755,5.747505038717045
