,training,testing
mape,89.11854654915588,11.125828807549846
