,training,testing
mse,0.2710717976395326,0.015186376304127554
