,training,validation,testing
smape,2.2508596333459825,1.8488035772811064,2.072154066181606
