,training,validation,testing
mae,0.0168150877254517,0.017522743340853308,0.019668898224532577
