,training,validation,testing
rmse,0.015075962757583149,0.024315074583771145,0.033743409388482394
