,training,validation,testing
mape,2.3577318004327155,1.9054303723765253,2.1101371186281264
