,training,validation,testing
mse,0.000441876616844043,0.00046489011600484855,0.0006244495407692079
