,training,validation,testing
mae,0.016175518798364916,0.017027326283473122,0.019407895544831345
