,training,validation,testing
arv,0.011854573750164282,5.581855345655165,9.01048669860709
