,training,testing
rmse,0.5206455585516241,0.12323301629079585
