,training,validation,testing
nrmse,0.02028162865898036,0.2400399883743734,0.3015783522092091
