,training,validation,testing
mape,2.2678918820978113,1.8551498235205208,2.0822908182168693
