,training,validation,testing
arv,0.008493863837862053,1.7394416175828225,1.240801353439054
