,training,validation,testing
rmse,0.017972707340305392,0.0366382675398882,0.057605460077457316
