,training,validation,testing
nrmse,0.0236947479584595,0.14109041600417713,0.1346690530998028
