,training,validation,testing
nrmse,0.01701274452069965,0.15930311699526004,0.17665481340859127
