,training,testing
smape,52.921034850682325,10.3199147966781
