,training,validation,testing
mape,1.608454466186377,2.1096840335577443,2.953027366643938
