,training,validation,testing
arv,0.005869115652439767,4.551109544701119,2.2195757249175876
