,training,validation,testing
mae,0.011436986063850324,0.019571541031073288,0.028019884924910508
