,training,validation,testing
mae,0.016317996273292463,0.017115202108499827,0.020254773128721107
