,training,validation,testing
smape,2.2717388929048905,1.858535236708906,2.162490023493751
