,training,validation,testing
nrmse,0.0241699399186765,0.1441947666301877,0.1343377673485484
