,training,validation,testing
mse,0.0003230182091402673,0.0013423626483244253,0.0033183890307355284
