,training,validation,testing
mae,0.013542107389038585,0.030931792436870525,0.05278231703057229
