,training,validation,testing
rmse,0.021418361606714106,0.022009026385257802,0.025660293045580367
