,training,validation,testing
rmse,0.020997266921713817,0.021535196880667067,0.025723573012389377
