,training,validation,testing
mse,0.00044088521818169723,0.0004637647046890926,0.0006617022085237272
