,training,testing
arv,0.9203320007545652,1.0361915572634586
