,training,validation,testing
mse,0.0004587462139159649,0.0004843972424269742,0.0006584506391850601
