,training,validation,testing
arv,0.01133855082850642,6.73811493331295,11.762881110061198
