,training,validation,testing
mse,0.0002272846530680341,0.0005912228520143536,0.0011386176771587219
