,training,testing
nrmse,0.5875319550667111,0.6451542951098196
