,training,validation,testing
rmse,0.021020861467695443,0.021561310628179554,0.024988988390273182
