,training,validation,testing
nrmse,0.02372137365323746,0.1412615033418217,0.13082332702456362
