,training,validation,testing
smape,1.6007314847713692,2.126461909991786,3.002882600425665
