,training,validation,testing
mape,2.254223614792898,3.3147770585735543,5.562418534861326
