,training,testing
arv,1.0796719511074433,1.0008640406833922
