,training,testing
nrmse,0.8239523732093642,4.587159515046695
