,training,testing
mae,0.7237717718301531,0.8758283363067246
