,training,testing
mape,87.720136872089,93.2158312713672
