,training,testing
smape,159.06923866834208,174.5902401499581
