,training,testing
mse,0.5643466607809549,0.7677408630019277
