,arima,lstm,mlp,rf,svr,xgboost
0,0.103836074805862,0.0196688982245325,0.0202547731287211,0.0280198849249105,0.0194078955448313,0.0527823170305722
