,arima,lstm,mlp,rf,svr,xgboost
0,0.1027731607458515,0.8758283363067246,0.025338524153494,0.0211079016582178,0.0665753279025185,0.315157886191192
