,arima,lstm,mlp,rf,svr,xgboost
0,11.125828807549846,2.1101371186281264,2.159095134404663,2.953027366643938,2.0822908182168693,5.562418534861326
