,arima,lstm,mlp,rf,svr,xgboost
0,11.012621511033696,93.2158312713672,2.720450639241003,2.242510837567677,7.025318501484773,33.49628035894127
