,training,testing
mape,2.813843153430016,2.720450639241003
