,training,testing
mse,0.0007499798287294391,0.0010271829610057723
