,training,testing
arv,0.021510003675707705,2.5257894533726377
