,training,testing
smape,2.7785212823097547,2.6972884841558087
