,training,testing
nrmse,0.030036817826846095,0.16778781468990514
