,training,testing
mae,0.021283761864804216,0.025338524153494097
