,arima,lstm,mlp,rf,svr,xgboost
0,0.0151863763041275,0.000658450639185,0.0006617022085237,0.0011386176771587,0.0006244495407692,0.0033183890307355
