,arima,lstm,mlp,rf,svr,xgboost
0,0.0148771004312676,0.7677408630019277,0.0010271829610057,0.0007021020454285,0.0050069919838743,0.0999597732717316
