,arima,lstm,mlp,rf,svr,xgboost
0,0.6451542951098196,0.1343377673485484,0.1346690530998028,0.1766548134085912,0.1308233270245636,0.3015783522092091
