,arima,lstm,mlp,rf,svr,xgboost
0,0.6385511065151733,4.587159515046695,0.1677878146899051,0.1387192185189304,0.3704460449680678,1.6551949231605534
