,training,testing
arv,0.0018864410788594374,6.616335456758449
