,training,testing
mape,0.8159717965011072,2.242510837567677
