,training,testing
mse,6.445268472543211e-05,0.0007021020454285258
