,training,testing
mae,0.006216073385471461,0.02110790165821788
