,training,testing
nrmse,0.008805411069248124,0.13871921851893043
