,training,testing
smape,0.8149774825228434,2.2543435561680596
