,arima,lstm,mlp,rf,svr,xgboost
0,0.1232330162907958,0.0256602930455803,0.0257235730123893,0.0337434093884823,0.0249889883902731,0.0576054600774573
