,arima,lstm,mlp,rf,svr,xgboost
0,10.3199147966781,2.0999232721953054,2.162490023493751,3.002882600425665,2.072154066181606,5.747505038717045
