,arima,lstm,mlp,rf,svr,xgboost
0,10.2223141979759,174.5902401499581,2.6972884841558087,2.25434355616806,7.310761548664181,40.26344192190001
