,training,testing
mape,5.815423649813039,7.025318501484773
