,training,testing
mae,0.03468246222980605,0.06657532790251858
