,training,testing
arv,0.06389730492910276,1.1522619073792133
