,training,testing
smape,5.485254645192775,7.310761548664181
