,training,testing
rmse,0.04091139075997992,0.07076010163838334
