,training,testing
mse,0.0016737418939157703,0.005006991983874341
