,training,testing
nrmse,0.04487178772338164,0.3704460449680678
