,training,testing
arv,1.300910977655085,1.006330468836831
