,training,testing
smape,34.28614068040198,40.26344192190001
