,training,testing
mae,0.23662803214750366,0.31515788619119206
