,training,testing
mape,32.93215772677476,33.49628035894127
