,training,testing
nrmse,0.27281864028020775,1.6551949231605534
