,training,testing
mse,0.06187138272679907,0.09995977327173167
