,arima,lstm,mlp,rf,svr,xgboost
0,99.16948559156852,4.525216353644589,8.386373204824979,2.132609530167736,3.373917629575047,1.5655215592579423
