,arima,lstm,mlp,rf,svr,xgboost
0,0.0963291305251325,0.111281563701297,0.1008923024268431,0.1397978751512665,0.1070332567523763,0.1715323443245655
