,arima,lstm,mlp,rf,svr,xgboost
0,15.300410234667067,18.43345773314844,16.57467909751885,19.20005813906369,16.59610669086056,23.246600539712396
