,training,validation,testing
mae,0.14889476617782843,0.09591401612951525,0.11128156370129706
