,training,validation,testing
mse,0.03183216183429243,0.015180513093391648,0.019576584488427178
