,training,validation,testing
mae,0.05696787232917732,0.11018167583294516,0.13979787515126652
