,training,validation,testing
arv,1.7590032450716009,1.7415925396799887,4.525216353644589
