,training,validation,testing
smape,29.435612563946812,20.75866828547785,15.817303338456751
