,training,testing
nrmse,0.44302978136257937,0.18635891341752753
