,training,validation,testing
mape,104681.7718587961,20.200236769332992,16.57467909751885
