,training,validation,testing
smape,33.41679935215478,19.574317183660167,14.824138648371289
