,training,validation,testing
rmse,0.12518920733736574,0.12164165336936554,0.13700924396805678
