,training,testing
mape,176220.7654386192,15.300410234667067
