,training,validation,testing
mse,0.01567233763375795,0.01479669183443288,0.018771532932698502
