,training,validation,testing
mse,0.005106597911416882,0.018184604165256645,0.02942523227897145
