,training,validation,testing
mae,0.09420991063099256,0.09941658106661437,0.10703325675237638
