,training,validation,testing
arv,1.6051857889887893,0.8690831039089797,8.386373204824979
