,training,validation,testing
mae,0.0336490244395877,0.12940600242238803,0.17153234432456554
