,training,validation,testing
rmse,0.07146046397426259,0.1348503028000184,0.1715378450341832
