,training,testing
mae,0.34740493631828223,0.09632913052513256
