,training,validation,testing
nrmse,0.14674720253092635,0.15864661564696894,0.20747175076987603
