,training,validation,testing
mape,125468.34348204754,23.71895290260815,18.43345773314844
