,training,testing
rmse,0.377946197263551,0.12306684519361206
