,training,validation,testing
nrmse,0.16503476891449917,0.15793626101029126,0.196290780841485
