,training,validation,testing
smape,41.470467146707705,19.380533804059922,16.18218992560537
