,training,testing
smape,71.4499867558546,14.23232963871347
