,training,validation,testing
nrmse,0.08376619201306415,0.1758735068589563,0.2597580718044922
