,training,testing
arv,1.2093629880907526,99.16948559156853
