,training,validation,testing
mape,51505.22068955258,21.505954324748032,19.200058139063692
