,training,validation,testing
nrmse,0.05547461258015307,0.20522897523314232,0.30930443936006763
