,training,validation,testing
arv,0.45318064374195854,1.2188448673406307,2.132609530167736
