,training,validation,testing
mse,0.00223966298848476,0.024761694345011433,0.041720941730606295
