,training,validation,testing
mae,0.11176249542338319,0.0964929727136388,0.10089230242684312
