,training,validation,testing
mse,0.01982188791810314,0.014664481426320125,0.016802797805298378
