,training,validation,testing
arv,0.1374543159749006,0.9347911438428792,1.5655215592579423
