,training,validation,testing
mape,28690.081183235372,25.135167338683047,23.246600539712393
