,training,validation,testing
arv,1.1015123118676169,0.7922021977181504,3.373917629575047
