,training,validation,testing
mape,47470.35328709182,21.556987276401763,16.59610669086056
