,training,validation,testing
smape,18.99630956250323,22.084151148314998,21.36004849490347
