,training,validation,testing
smape,11.966816025826974,27.930690697318234,26.996080998551598
