,training,validation,testing
rmse,0.14079022664270108,0.12109699181367027,0.12962560628710046
