,training,testing
mse,0.14284332802597902,0.015145448385908478
