,training,validation,testing
nrmse,0.20913947255232726,0.16069106264913732,0.21187395009125662
