,training,validation,testing
rmse,0.047325077796922424,0.15735848990445808,0.20425704817852994
