,training,validation,testing
rmse,0.17841569951742597,0.1232092248713206,0.1399163481814301
