,arima,lstm,mlp,rf,svr,xgboost
0,0.0151454483859084,0.0195765844884271,0.0168027978052983,0.0294252322789714,0.0187715329326985,0.0417209417306062
