,arima,lstm,mlp,rf,svr,xgboost
0,0.1863589134175275,0.2118739500912566,0.196290780841485,0.2597580718044922,0.207471750769876,0.3093044393600676
