,arima,lstm,mlp,rf,svr,xgboost
0,0.123066845193612,0.1399163481814301,0.1296256062871004,0.1715378450341832,0.1370092439680567,0.2042570481785299
