,arima,lstm,mlp,rf,svr,xgboost
0,14.23232963871347,16.18218992560537,14.824138648371289,21.36004849490347,15.817303338456751,26.9960809985516
