,training,testing
rmse,0.04349903863012471,0.06891464346840183
