,arima,lstm,mlp,rf,svr,xgboost
0,1.326691270915524,1.1539774596205818,0.5859773009385649,1.3314480102499642,0.2048221598678339,1.3978633908287184
