,arima,lstm,mlp,rf,svr,xgboost
0,0.3021935631849862,0.4213164235548612,0.0828376470096204,0.2935654570262979,0.0476468651023633,0.2165212503824575
