,arima,lstm,mlp,rf,svr,xgboost
0,54.48842074262858,82.34634296761158,14.479406010987883,52.89236317295198,8.54298285981656,38.07752866388604
