,training,testing
mse,0.02071594646306015,0.12112901769227939
