,training,validation,testing
mape,13833.26321174995,45.19285846782874,82.34634296761158
