,training,validation,testing
mae,0.021854519576398786,0.06674166077842512,0.42131642355486126
