,training,testing
nrmse,0.3478178836922196,0.43699580299684615
