,training,validation,testing
nrmse,0.05900694878547231,0.10365902348198136,0.32345248612038796
