,training,validation,testing
nrmse,0.0872807398271985,0.3650463859183948,0.5683635630944656
