,training,validation,testing
smape,10.543283557304756,14.309115468596048,75.46890757342736
