,training,validation,testing
mse,0.0005783351312206691,0.0003574106241447411,0.004377085169087835
