,training,validation,testing
mae,0.005332416359847647,0.016782336994320635,0.29356545702629794
