,training,validation,testing
mape,1529.4589068631194,10.738870123608397,8.54298285981656
