,training,validation,testing
smape,23.267229646505992,13.817743670011955,49.28215602602618
