,training,validation,testing
rmse,0.0361176013850032,0.0828742211844688,0.4526609806111811
