,training,validation,testing
rmse,0.012717688820676466,0.023617977608092828,0.33878406378413956
