,training,validation,testing
mse,0.0006722174389733146,0.0004311411019351583,0.011388657959031335
