,training,testing
smape,112.96917571193701,78.77076714559857
