,training,validation,testing
mse,0.0013044811298059853,0.006868136536932258,0.20490196336787608
