,training,testing
rmse,0.1439303528205922,0.3480359431039837
