,training,testing
mape,48020.40736531657,54.48842074262858
