,training,validation,testing
arv,0.5585632009764636,0.13027556830737724,0.20482215986783397
