,training,testing
mae,0.14110530926485731,0.3021935631849862
