,training,validation,testing
arv,0.8601947278246406,0.16246089064836533,1.3978633908287184
