,training,validation,testing
smape,25.124930124536597,12.5341562645986,15.968151312345189
