,training,validation,testing
mape,844.850535827951,13.74055007797231,52.89236317295198
