,training,validation,testing
mse,0.00016173960893955917,0.0005578088662963743,0.11477464187409595
