,training,validation,testing
mae,0.01373263026132961,0.0147681202168356,0.0828376470096204
