,training,validation,testing
nrmse,0.06265480833173265,0.09146149726728539,0.13399526229603587
