,training,validation,testing
mae,0.009291512236417936,0.01151363616630207,0.047646865102363385
