,training,validation,testing
rmse,0.02441763737794148,0.023533066402504226,0.25760680144804476
