,training,validation,testing
mse,0.0005962210151206448,0.0005538052143046732,0.06636126415229235
