,training,validation,testing
arv,0.9650133258872807,0.17982515943612715,0.5859773009385649
