,training,validation,testing
smape,37.63553897624099,61.02276186939252,140.66879254221357
