,training,testing
arv,1.068540314650236,1.326691270915524
