,training,validation,testing
nrmse,0.058115142300065384,0.083274555261862,0.08307027857678889
