,training,validation,testing
rmse,0.02592715639967705,0.02076393753446485,0.10671765532952518
