,training,validation,testing
nrmse,0.030733195079273263,0.10403304242636574,0.4253790935370497
