,training,validation,testing
rmse,0.02404859936089146,0.0189053067720347,0.06615954329564129
