,training,validation,testing
arv,617.4992272493455,1.6408488040097076,1.1539774596205818
