,training,validation,testing
arv,0.1810420362936819,0.22265620443840914,1.3314480102499642
