,training,validation,testing
mae,0.01215574703477275,0.016846267895741555,0.21652125038245754
