,training,validation,testing
mape,7968.410764454012,13.410915914539867,38.07752866388604
