,training,validation,testing
smape,16.554441455242845,10.803993214197199,9.029242856471246
