,training,validation,testing
mape,3155.204597721682,12.163103053892014,14.479406010987883
