,arima,lstm,mlp,rf,svr,xgboost
0,0.1211290176922793,0.204901963367876,0.0113886579590313,0.1147746418740959,0.0043770851690878,0.0663612641522923
