,arima,lstm,mlp,rf,svr,xgboost
0,0.4369958029968461,0.5683635630944656,0.1339952622960358,0.4253790935370497,0.0830702785767888,0.3234524861203879
