,arima,lstm,mlp,rf,svr,xgboost
0,0.3480359431039837,0.4526609806111811,0.1067176553295251,0.3387840637841395,0.0661595432956412,0.2576068014480447
