,arima,lstm,mlp,rf,svr,xgboost
0,78.77076714559857,140.66879254221357,15.968151312345189,75.46890757342736,9.029242856471246,49.28215602602618
