,training,testing
smape,58.202446224289794,69.1582566783767
