,training,testing
arv,32.31505076243136,22.207291778331015
