,training,testing
rmse,0.22833091273209893,0.2412555347459479
