,training,testing
mse,0.052135005709073375,0.058204233045553284
