,training,testing
mae,0.20097331690788436,0.21696087298704156
