,training,testing
mape,231924.93674760612,174973.35420650107
