,training,testing
nrmse,0.28932351797002465,0.2412555347459479
