,arima,lstm,mlp,rf,svr,xgboost
0,1.0063432893979032,0.0270181561401395,0.0261583580519863,0.0271653677032069,0.0258015219649491,0.0335590416716672
