,arima,lstm,mlp,rf,svr,xgboost
0,22.20729177833101,0.383221665548479,0.0318148934010011,0.0265964246933641,0.0708022770055632,3.479104941763103
