,training,testing
mae,8.016038024617753,2.6779708118891317
