,training,validation,testing
smape,8.5987604746915,10.001617026217211,14.426385439209016
