,training,validation,testing
nrmse,0.043770669554976056,0.04456859964362523,0.038480124969048686
