,training,validation,testing
mape,9871.998761741144,4926.366292962011,7948.503367130731
