,training,validation,testing
arv,0.02413194329583977,0.024223528161413106,0.026158358051986373
