,training,validation,testing
rmse,0.03454332713947633,0.033460049568816055,0.038480124969048686
