,training,validation,testing
nrmse,0.025306523118761783,0.04534242032752426,0.03901882937431162
