,training,validation,testing
mae,0.02493110246318713,0.024249363448135535,0.02475579272169472
