,training,validation,testing
rmse,0.019971627478902233,0.03404099845766767,0.03901882937431162
