,training,validation,testing
smape,13.353900438245493,11.084254895333206,14.857507090070518
