,training,validation,testing
nrmse,0.04329879243365762,0.04486059577263871,0.03846193602090926
