,training,validation,testing
arv,0.010956726442754833,0.030879145730549496,0.03355904167166728
