,training,validation,testing
mape,6663.934164795954,3532.0452704637837,6705.936002250326
