,training,validation,testing
mse,0.001193241449864882,0.0011195749171476275,0.001480720017633604
