,training,validation,testing
arv,0.023478577579482147,0.024396461650184286,0.025801521964949104
