,training,validation,testing
arv,0.008050237802529767,0.02522439404366755,0.02716536770320697
