,training,validation,testing
mape,4952.323449895771,3857.3029596474294,5921.728717762748
