,training,validation,testing
mape,3752.683240357967,4361.469338569178,6119.132588271199
