,training,validation,testing
rmse,0.03417092694690299,0.033679266798632944,0.03846193602090926
