,training,validation,testing
mape,7592.533255422604,2583.849628662637,6772.5447669822215
