,training,validation,testing
mae,0.01679864037380276,0.027695993641061973,0.027948151280024574
