,training,validation,testing
smape,14.50965398736096,12.37543298226154,15.49857318502344
