,training,validation,testing
rmse,0.023208827099794566,0.03753785013419148,0.04268938313805423
