,training,validation,testing
mae,0.013890589804115944,0.02492240999021394,0.025084464285061035
