,training,testing
rmse,9.236577312499142,3.07178790016515
