,training,validation,testing
smape,13.705363061553905,11.750078357638653,15.48246526946922
