,training,testing
mape,5793341.943149947,1305602.3180244688
