,training,testing
smape,198.08941264744746,195.07800080233994
