,training,validation,testing
mse,0.0005386496553481586,0.0014090901926970194,0.001822383432707589
