,training,validation,testing
mae,0.026043075672967927,0.025029814167273304,0.025435443051038387
