,training,testing
mse,85.31436044977387,9.435880903601022
