,training,validation,testing
arv,0.025945993129117252,0.026008769400572604,0.027018156140139537
