,training,validation,testing
mae,0.02415292233272545,0.024129362693746256,0.024658891590681974
