,training,validation,testing
rmse,0.0356893873713328,0.034551459211203506,0.03888698455991365
