,training,validation,testing
mse,0.001273732370941049,0.0011938033336234598,0.0015121975681629625
