,training,validation,testing
nrmse,0.045222869671546796,0.04602235120782172,0.03888698455991365
