,training,validation,testing
nrmse,0.029408455579333678,0.050000207282190866,0.04268938313805423
