,training,testing
arv,1.0003667218251324,1.0063432893979032
