,training,testing
nrmse,11.703886302902253,3.07178790016515
