,training,validation,testing
mse,0.0011676522484105809,0.0011342930120934996,0.0014793205224765177
