,training,validation,testing
mse,0.0003988659041560427,0.0011587895759949327,0.0015224690457416434
