,training,validation,testing
smape,12.12956561571532,12.639864425299042,16.47714223632725
