,training,testing
smape,33.84511064355018,41.801363659265725
