,training,testing
rmse,0.09041612812599156,0.09903419699231159
