,training,testing
mae,0.07441566635393132,0.08190442849920795
