,training,testing
mape,83677.71300377167,72832.93170225716
