,training,testing
mse,0.008175076225295723,0.009807772173911978
