,training,testing
arv,0.377488044959934,0.38322166554847903
