,training,testing
nrmse,0.11456842158439305,0.09903419699231159
