,arima,lstm,mlp,rf,svr,xgboost
0,0.2169608729870415,0.0819044284992079,0.0300665296581587,0.0246558500913969,0.0461783767765897,0.1510576986554059
