,arima,lstm,mlp,rf,svr,xgboost
0,2.677970811889132,0.0254354430510383,0.0247557927216947,0.025084464285061,0.0246588915906819,0.0279481512800245
