,arima,lstm,mlp,rf,svr,xgboost
0,1305602.3180244688,6772.5447669822215,5921.728717762748,6119.132588271199,6705.936002250326,7948.503367130731
