,arima,lstm,mlp,rf,svr,xgboost
0,174973.35420650107,72832.93170225716,10963.04370084812,5700.384103882911,40871.19910274818,169055.6460371409
