,training,testing
mape,10477.160490522267,10963.043700848119
