,training,testing
rmse,0.041523455527733906,0.04380027756726509
