,training,testing
mae,0.03068690522360707,0.030066529658158786
