,training,testing
arv,0.03319500215282296,0.03181489340100112
