,training,testing
smape,15.934570904147044,17.75786009357102
