,training,testing
mse,0.0017241973589636954,0.0019184643149694652
