,training,testing
nrmse,0.05261535587891049,0.04380027756726509
