,arima,lstm,mlp,rf,svr,xgboost
0,9.435880903601022,0.0015121975681629,0.0014807200176336,0.0015224690457416,0.0014793205224765,0.0018223834327075
