,arima,lstm,mlp,rf,svr,xgboost
0,0.0582042330455532,0.0098077721739119,0.0019184643149694,0.0014919273216083,0.0031733604246168,0.0349907145498731
