,arima,lstm,mlp,rf,svr,xgboost
0,3.07178790016515,0.0388869845599136,0.0384801249690486,0.0390188293743116,0.0384619360209092,0.0426893831380542
