,training,testing
arv,0.0035279886143566065,0.02659642469336416
