,training,testing
mse,0.00017287063842907134,0.0014919273216083813
