,training,testing
mae,0.009491346173210364,0.024655850091396977
