,training,testing
mape,2173.215782885148,5700.3841038829105
