,training,testing
nrmse,0.01666017820079446,0.03862547503408057
