,training,testing
rmse,0.013148027929277887,0.03862547503408057
