,training,testing
smape,5.849768627604677,14.385560730136593
