,arima,lstm,mlp,rf,svr,xgboost
0,0.2412555347459479,0.0990341969923115,0.043800277567265,0.0386254750340805,0.0563325875902828,0.1870580512832129
