,arima,lstm,mlp,rf,svr,xgboost
0,195.07800080233997,15.48246526946922,15.49857318502344,14.426385439209016,14.857507090070518,16.47714223632725
