,arima,lstm,mlp,rf,svr,xgboost
0,69.1582566783767,41.801363659265725,17.75786009357102,14.385560730136593,31.62003753128292,54.94180067530723
