,training,testing
smape,24.91065923297433,31.620037531282918
