,training,testing
arv,0.0600861922669931,0.07080227700556323
