,training,testing
nrmse,0.062301130949964194,0.05633258759028287
