,training,testing
mse,0.0024174294693515863,0.003173360424616891
