,training,testing
mape,47194.72831743092,40871.19910274818
