,training,testing
mae,0.0408333988804258,0.046178376776589786
