,training,testing
mae,0.12788259456007828,0.15105769865540594
