,training,testing
mape,199184.23949257444,169055.6460371409
