,training,testing
smape,43.9490726718326,54.94180067530723
