,training,testing
nrmse,0.20888871286111382,0.1870580512832129
