,training,testing
mse,0.027176398288701113,0.03499071454987311
