,training,testing
arv,4.2913694688277575,3.479104941763103
