,arima,lstm,mlp,rf,svr,xgboost
0,8.061511545893916,3.088700443879808,0.2644528518342168,0.316566816955367,0.2957498615961058,0.524613484284256
