,arima,lstm,mlp,rf,svr,xgboost
0,0.1481591820737031,0.1233679870722239,0.0478320756351477,0.0515247590538346,0.0493874253021109,0.0508622415260855
