,arima,lstm,mlp,rf,svr,xgboost
0,43.74783352723869,29.50983382914053,11.511799475254444,12.612384457010032,12.36059069940471,11.7220512939794
