,training,validation,testing
arv,0.1697150661144457,0.328779398777108,0.26445285183421685
