,training,validation,testing
arv,3.7502490806529765,5.356679067042694,3.0887004438798082
