,training,validation,testing
arv,0.4006916469518072,0.3456484152933323,0.524613484284256
