,training,validation,testing
mae,0.05871776765085335,0.03981656898189691,0.05086224152608555
