,training,validation,testing
mae,0.04249379250766397,0.04075050268440228,0.04783207563514779
