,training,validation,testing
mae,0.038017600188368875,0.04338951267851366,0.05152475905383469
