,training,validation,testing
smape,23.686792932234564,10.487052750161002,10.813352611343715
