,training,validation,testing
mae,0.05366043543179114,0.04497451222251276,0.04938742530211099
