,training,testing
rmse,0.27452043224553596,0.18106184314563126
