,training,validation,testing
mse,0.008899357511593218,0.005341004772783631,0.009056973988279293
