,training,validation,testing
rmse,0.17110883492079118,0.13304159488307607,0.1538397396862301
