,training,validation,testing
rmse,0.07619350991308219,0.07258961928617039,0.07712289469412205
