,training,validation,testing
mse,0.029278233387950565,0.017700065969032532,0.02366666550672704
