,training,validation,testing
rmse,0.09433640607736346,0.07308217821592096,0.09516813536199652
