,training,validation,testing
nrmse,0.07944335441344637,0.11071277081023274,0.09219591503708816
