,training,validation,testing
arv,0.24038687690163024,0.3881408446847888,0.2957498615961058
