,training,validation,testing
arv,0.14835926302617772,0.3263826412628649,0.31656681695536704
