,training,validation,testing
rmse,0.07068794589110318,0.07692023248088561,0.08397022025340689
