,training,testing
mae,0.2373727658190601,0.14815918207370318
