,training,validation,testing
mape,4532.93491708152,13.476414322853064,12.612384457010032
