,training,validation,testing
rmse,0.08225973378902202,0.07371560755690153,0.07790146377238831
