,training,validation,testing
mape,19451.43829534547,12.511148041762985,11.7220512939794
