,training,validation,testing
mape,9940.559771647484,13.992322662633065,12.36059069940471
