,training,validation,testing
mse,0.004996785694303531,0.005916722164913489,0.007050997889405665
