,training,validation,testing
mape,37335.41072924988,31.83946237568659,29.509833829140526
