,training,validation,testing
mape,1308.1374121073927,12.489574834539512,11.511799475254444
