,training,validation,testing
smape,14.122217513902632,11.627346217791859,11.731310982524706
