,training,validation,testing
nrmse,0.08576831796844403,0.1124301139038921,0.09312664888564287
