,training,testing
nrmse,0.28622941793196083,0.21644885572980804
