,training,validation,testing
mae,0.13793123179257838,0.10829256742983123,0.12336798707222398
