,training,testing
smape,66.59112121525726,33.33588217171306
