,training,validation,testing
smape,16.237312147281955,10.916362319323088,10.845531097042198
