,training,testing
arv,2.1364832437061385,8.061511545893916
