,training,validation,testing
smape,22.918761506423483,12.27753698796999,11.50617841096361
