,training,validation,testing
mse,0.005805450952874953,0.005269252828111159,0.005947940886000638
