,training,validation,testing
smape,46.816129803490426,28.37699515374853,27.977096513593963
