,training,validation,testing
mse,0.006766663803040771,0.005433990797483118,0.006068638057880729
