,training,testing
mse,0.0753614677202759,0.03278339104329318
