,training,validation,testing
nrmse,0.0983600906513432,0.11146401547078158,0.1137679460408202
