,training,validation,testing
nrmse,0.17840705634103288,0.20291336071690966,0.1839064213771066
