,training,testing
mape,60151.09704583277,43.74783352723869
