,training,validation,testing
nrmse,0.0737029642628556,0.11731776737598304,0.10038149271799465
