,arima,lstm,mlp,rf,svr,xgboost
0,0.0327833910432931,0.023666665506727,0.0059479408860006,0.0070509978894056,0.0060686380578807,0.0090569739882792
