,arima,lstm,mlp,rf,svr,xgboost
0,0.216448855729808,0.1839064213771066,0.0921959150370881,0.1003814927179946,0.0931266488856428,0.1137679460408202
