,arima,lstm,mlp,rf,svr,xgboost
0,0.1810618431456312,0.1538397396862301,0.077122894694122,0.0839702202534068,0.0779014637723883,0.0951681353619965
