,arima,lstm,mlp,rf,svr,xgboost
0,33.33588217171306,27.977096513593963,10.845531097042198,11.731310982524706,11.50617841096361,10.813352611343715
