,training,testing
rmse,0.19539512416652244,0.33575935784975874
