,training,testing
mse,0.038179254548050726,0.11273434638368235
