,training,testing
mape,20.90097459257808,91813.58364595109
