,training,testing
arv,0.9537654803600898,1.829943699494279
