,training,testing
mae,0.1942083512305428,0.24840882938069112
