,training,testing
smape,23.385845851862534,45.86970605516668
