,training,testing
nrmse,0.950026612268891,0.40376752321187354
