,arima,lstm,mlp,rf,svr,xgboost
0,1.829943699494279,1.3245686636935057,0.0417678261691186,1.8591838415331812,1.4778467647406797,21.990067445911748
