,arima,lstm,mlp,rf,svr,xgboost
0,1.8141691296124367,0.4058739022412488,0.0135710752175866,1.459628876751913,0.0009077773581089,1.4928180507322448
