,training,testing
nrmse,0.9868378425150932,0.4269330451028434
