,training,validation,testing
rmse,0.01167170814585936,0.010426473602114034,0.11181647932589632
