,training,validation,testing
mse,0.00013622877104211976,0.00010871135177558082,0.0125029250488386
