,training,validation,testing
rmse,0.008861647439455346,0.008396811384362591,0.029663068063165206
