,training,testing
mae,0.13527428328900445,0.26436017578751103
