,training,validation,testing
smape,0.5930274623146093,0.7213262874573035,14.769921992417881
