,training,testing
mse,0.01874325716818919,0.126041344026452
