,training,validation,testing
mae,0.007931676923714687,0.007299891036682753,0.07724778327664202
