,training,testing
rmse,0.13690601582176434,0.3550230190092637
