,training,validation,testing
mse,8.941917390241572e-05,0.0009151116688114075,0.1713444949067636
