,training,validation,testing
smape,0.8342702720982454,0.8418739709734749,24.168852294862536
