,training,validation,testing
arv,0.16251082421179158,0.04628474796651966,0.0009077773581089509
