,training,validation,testing
rmse,0.008126975473923662,0.005384770829319816,0.00718183822176137
