,training,testing
smape,15.294058592175233,47.41382315060848
