,training,validation,testing
arv,0.069724464688752,1.6925914442048695,1.459628876751913
