,training,validation,testing
mae,0.002641632509470786,0.030127548960374992,0.3508094544342251
