,training,validation,testing
mape,0.5944811170524369,0.718765501101857,11628.369402080254
