,training,validation,testing
mae,0.006342230772247285,0.021585347993528847,0.3387908238213807
