,training,validation,testing
rmse,0.009456171207334167,0.030250812696709612,0.4139377911072672
