,training,validation,testing
smape,0.6649281186561352,2.4813083190225993,55.00711483767083
