,training,validation,testing
mse,2.7479690178610117e-05,0.001505863249396581,0.1796325459216325
