,training,validation,testing
smape,0.45369326534848975,0.4341988083980417,2.5626258484154762
