,training,validation,testing
mape,0.662173815586205,2.543864727043676,105016.92553387368
