,training,validation,testing
smape,0.2782117043221529,3.433376655270945,56.16301502254474
