,training,validation,testing
mse,6.604773035375675e-05,2.899575688429362e-05,5.1578800243552515e-05
