,training,validation,testing
mape,0.454587167979921,0.4347158995858894,7.594993533712548
