,training,validation,testing
mae,0.004307951941824857,0.0037637890529545214,0.005620823096435392
