,training,validation,testing
nrmse,0.058580383737855735,0.040694087699152566,0.008636521851481877
