,training,testing
mape,14.187822461639549,96139.64788738498
