,training,validation,testing
mape,0.27887036405649807,3.5361306460761988,106435.58178468487
