,training,validation,testing
nrmse,0.06387600272924818,0.06345684704127999,0.035671331990361946
