,training,validation,testing
arv,0.2752466013748733,2.2735183276864053,1.4928180507322448
