,training,validation,testing
arv,0.19070709021516702,0.10471159699640789,0.013571075217586617
