,training,validation,testing
mse,7.852879534120548e-05,7.05064414245612e-05,0.0008798976069199716
