,training,validation,testing
mape,0.8360328888865955,0.8428943339096063,36349.466562850466
