,training,validation,testing
nrmse,0.037785848512612144,0.2932627204943743,0.5096778625785321
