,training,validation,testing
mae,0.0056351619413974275,0.006241671043790859,0.021346376066073695
