,training,validation,testing
nrmse,0.06816141377489056,0.22861311351406907,0.49778102313968264
