,training,validation,testing
nrmse,0.08413131604180848,0.07879552252197206,0.13446494299018513
