,training,validation,testing
rmse,0.005242107417690915,0.03880545386149453,0.4238307986940455
