,training,validation,testing
arv,0.3567410589760703,0.21225410836946304,0.40587390224124886
