,training,testing
arv,1.0242703017633157,1.8141691296124367
