,training,testing
smape,11.615350163976638,42.06956567390691
