,training,testing
nrmse,0.5333848693273525,0.30567917303613773
