,training,testing
mape,10.90676444701342,54119.54036980787
