,training,testing
mae,0.10307853013948891,0.20176382059961998
