,training,testing
arv,1.1372218966365903,1.3245686636935055
