,training,testing
mse,0.012034755905323687,0.06461378513142343
