,training,testing
rmse,0.10970303507799448,0.25419241753329985
