,arima,lstm,mlp,rf,svr,xgboost
0,0.2484088293806911,0.2017638205996199,0.0461951184917311,0.2561958188967612,0.3447130902023744,0.1983173947608027
