,arima,lstm,mlp,rf,svr,xgboost
0,0.264360175787511,0.077247783276642,0.0213463760660736,0.3508094544342251,0.0056208230964353,0.3387908238213807
