,arima,lstm,mlp,rf,svr,xgboost
0,96139.64788738498,36349.46656285047,11628.369402080254,106435.58178468488,7.594993533712548,105016.92553387368
