,arima,lstm,mlp,rf,svr,xgboost
0,91813.58364595108,54119.54036980787,3439.764378100448,95034.75489981048,105675.35326446612,71126.6878137728
