,training,testing
rmse,0.012974010952638915,0.05416690153925528
