,training,testing
mae,0.009380987730169718,0.046195118491731114
