,training,testing
arv,0.08340194539787081,0.041767826169118644
