,training,testing
nrmse,0.06308067166696897,0.06513842477728649
