,training,testing
smape,1.019016417171083,25.796448489113967
