,training,testing
mse,0.00016832496019919454,0.0029340532223633762
