,training,testing
mape,1.0173192600690966,3439.764378100448
