,arima,lstm,mlp,rf,svr,xgboost
0,0.1127343463836823,0.0646137851314234,0.0029340532223633,0.1215201488668609,0.1756091537640864,0.0592743286545529
