,arima,lstm,mlp,rf,svr,xgboost
0,0.126041344026452,0.0125029250488386,0.0008798976069199,0.1796325459216325,5.157880024355252e-05,0.1713444949067636
