,arima,lstm,mlp,rf,svr,xgboost
0,0.4269330451028434,0.1344649429901851,0.0356713319903619,0.5096778625785321,0.0086365218514818,0.4977810231396826
