,arima,lstm,mlp,rf,svr,xgboost
0,0.4037675232118735,0.3056791730361377,0.0651384247772864,0.4192059176327324,0.5039376811446968,0.2927767463426743
