,training,testing
arv,0.0051040120852338736,1.8591838415331814
