,training,testing
mape,0.1785257912711753,95034.75489981048
