,training,testing
mse,8.027643387584415e-06,0.12152014886686095
