,training,testing
mae,0.0016578693564095134,0.25619581889676124
