,training,testing
nrmse,0.01377577638506032,0.41920591763273246
