,training,testing
smape,0.1784295280833376,46.51492991473121
