,arima,lstm,mlp,rf,svr,xgboost
0,0.3550230190092637,0.1118164793258963,0.0296630680631652,0.4238307986940455,0.0071818382217613,0.4139377911072672
