,arima,lstm,mlp,rf,svr,xgboost
0,47.41382315060848,24.168852294862536,14.76992199241788,56.16301502254474,2.562625848415476,55.00711483767083
