,arima,lstm,mlp,rf,svr,xgboost
0,45.86970605516668,42.06956567390691,25.796448489113967,46.51492991473121,55.54871245109855,41.66616503789467
