,training,testing
mae,0.04549150120133463,0.34471309020237445
