,training,testing
mape,4.83002370229385,105675.35326446613
