,training,testing
smape,4.941081170047283,55.548712451098545
