,training,testing
arv,2.3511335520548453,1.4778467647406797
