,training,testing
mse,0.002619149116556143,0.17560915376408648
