,training,testing
rmse,0.05117762320151399,0.4190574587858883
