,training,testing
nrmse,0.2488296686086824,0.5039376811446968
