,training,testing
smape,38.64147058790022,41.66616503789467
