,training,testing
mse,0.09220006944129171,0.0592743286545529
