,training,testing
mape,32.363898442395325,71126.6878137728
