,training,testing
rmse,0.30364464336011543,0.24346319774157427
