,training,testing
mae,0.3022075068246164,0.1983173947608027
