,training,testing
arv,1.0080941880204306,21.990067445911748
