,training,testing
nrmse,1.4763443719258909,0.29277674634267437
