,training,testing
arv,3.2633256017406542,10.142554250486638
