,training,testing
mae,0.23150700059769735,0.09504320909939368
