,training,testing
nrmse,0.29930165503617706,0.22429382931404432
