,training,testing
rmse,0.29930165503617706,0.12148818327300695
