,training,testing
smape,61.85705226606228,34.031265457503956
