,training,testing
mse,0.08958148070739475,0.014759378674975726
