,training,testing
mape,14792.224913919375,36.397540817363485
