,arima,lstm,mlp,rf,svr,xgboost
0,6.761686384323604,0.040076003752711,0.0283899396205095,0.0300341989585191,0.0279504474115759,0.0311513044819198
