,arima,lstm,mlp,rf,svr,xgboost
0,10.142554250486638,1.2051992256547832,0.0622912246799096,0.0038817556868643,0.0874248000695852,1.2445436662826992
