,training,validation,testing
mse,0.0003591036820421407,0.00032924384777771327,0.0004022599160617699
