,training,testing
mse,0.12186966285674179,0.015628191495978192
