,training,testing
smape,73.73158125436419,35.14511959134847
