,training,validation,testing
nrmse,0.022883398658467086,0.06645349462890855,0.037147295242828435
