,training,validation,testing
mae,0.018629721606710815,0.013463928051758398,0.015075636991083495
