,training,validation,testing
nrmse,0.025050872411323883,0.06141924931703436,0.03546105983434604
