,training,validation,testing
smape,5.7784632941173175,7.848853635125352,6.368909288202548
