,training,validation,testing
mape,1567.1104561179452,7.627461954535591,6.227791599246121
