,training,validation,testing
nrmse,0.02878653459574658,0.07886943253346101,0.04243766055391082
