,training,testing
mae,0.29202810978121735,0.0978802799430022
