,training,validation,testing
mse,0.0005236499341623332,0.00034642753604833155,0.000404844104466704
