,training,validation,testing
nrmse,0.024558071841346386,0.05995900378592652,0.03514229621364616
