,training,validation,testing
mae,0.014455079981700248,0.01451261773674809,0.016001146991195387
