,training,testing
nrmse,0.349098356995191,0.23080098075435065
