,training,validation,testing
mape,2910.5993112755814,9.259352593914052,7.210154810143556
