,training,validation,testing
arv,0.013377384285597363,0.1308535510084811,0.040076003752711045
