,training,validation,testing
mape,5172.997668521389,7.875745799798923,6.430744908541193
