,training,validation,testing
mse,0.0006030988925647302,0.00028202367864294014,0.00036232115687253555
