,training,validation,testing
mape,1778.8035356814032,7.153706323816561,5.86072773061648
