,training,validation,testing
mae,0.01756124223040279,0.01489206969649289,0.01609507769077714
