,training,validation,testing
mse,0.000627546208568428,0.0002959277992010694,0.00036892394741506004
