,training,validation,testing
rmse,0.025050872411323883,0.01720255211301711,0.019207393040573208
