,training,validation,testing
mae,0.022534228088384543,0.017733987051052155,0.018478839662745265
