,training,validation,testing
rmse,0.024558071841346386,0.016793560630281482,0.01903473553460976
