,training,validation,testing
arv,0.009990757323868874,0.0769344358334094,0.027950447411575933
