,training,validation,testing
smape,5.612687592654273,7.258644852129302,5.928110113800323
