,training,validation,testing
arv,0.010372424333815699,0.08210708084964019,0.02838993962050955
