,training,validation,testing
mape,1876.3155729767202,7.273442981529088,5.928162737870613
