,training,testing
mape,18895.75875014222,36.097029720344956
