,training,validation,testing
rmse,0.022883398658467086,0.018612563929999854,0.020120738169031076
