,training,validation,testing
rmse,0.02878653459574658,0.022090070106159043,0.02298625111006717
