,training,validation,testing
arv,0.005942395680166485,0.08539563923648774,0.030034198958519116
