,training,validation,testing
mse,0.0008286645740321146,0.00048797119729502143,0.0005283677400950642
