,training,validation,testing
rmse,0.01895003118842132,0.01814507778373279,0.020056418325856935
