,training,validation,testing
arv,0.00878736667841165,0.09194885355043989,0.03115130448191985
