,training,testing
rmse,0.349098356995191,0.12501276533209796
