,training,testing
arv,2.003982917423979,6.761686384323604
