,training,validation,testing
smape,4.238607352096517,7.608483842242117,6.210339173192034
