,training,validation,testing
smape,6.690777035221272,9.144615598172736,7.1356130781588645
