,training,validation,testing
nrmse,0.01895003118842132,0.0647844022767273,0.037028546706651976
