,training,validation,testing
mae,0.019343122450296065,0.013798537931189375,0.015295645296132612
