,training,validation,testing
smape,5.410989188015204,7.082322391905879,5.838107112678541
