,training,testing
arv,3.8833303036165043,1.2051992256547832
