,training,testing
mae,0.14477482664367994,0.0698237737705713
