,training,testing
mape,10765.388647893338,34.10688570173453
