,training,testing
rmse,0.19003098853852673,0.07937761439777352
