,training,testing
mse,0.03611177660492968,0.006300805667481622
