,training,testing
smape,38.90721147308976,26.48987502507542
