,training,testing
nrmse,0.19003098853852673,0.1465484841030299
