,arima,lstm,mlp,rf,svr,xgboost
0,0.0950432090993936,0.0698237737705713,0.0227773573114425,0.0149460420709276,0.0250722522414054,0.1494485445444376
