,arima,lstm,mlp,rf,svr,xgboost
0,0.0978802799430022,0.0184788396627452,0.0152956452961326,0.0160011469911953,0.0150756369910834,0.0160950776907771
