,arima,lstm,mlp,rf,svr,xgboost
0,36.397540817363485,34.10688570173453,8.760093211007304,3984.877750235785,10.64300647946244,75.17379614544856
