,arima,lstm,mlp,rf,svr,xgboost
0,36.09702972034496,7.210154810143556,5.928162737870613,6.227791599246121,5.86072773061648,6.430744908541193
