,training,testing
mape,1703.2445948050845,8.760093211007304
