,training,testing
smape,8.61274389672066,8.865671495834933
