,training,testing
mae,0.025865880764155864,0.022777357311442575
