,training,testing
mse,0.0011203890705332954,0.0008035680075722706
