,training,testing
arv,0.018633839580938703,0.062291224679909676
