,training,testing
nrmse,0.033472213409532624,0.05233528660422786
