,arima,lstm,mlp,rf,svr,xgboost
0,0.0156281914959781,0.000528367740095,0.000368923947415,0.0004022599160617,0.0003623211568725,0.0004048441044667
