,arima,lstm,mlp,rf,svr,xgboost
0,0.0147593786749757,0.0063008056674816,0.0008035680075722,0.0004309849325141,0.0010224575446748,0.0282515569193878
