,arima,lstm,mlp,rf,svr,xgboost
0,0.2308009807543506,0.0424376605539108,0.035461059834346,0.0370285467066519,0.0351422962136461,0.0371472952428284
