,arima,lstm,mlp,rf,svr,xgboost
0,0.2242938293140443,0.1465484841030299,0.0523352866042278,0.0207601766012282,0.0590345055170664,0.3103162233480725
