,training,testing
mse,6.311603083661845e-05,0.00043098493251418613
