,arima,lstm,mlp,rf,svr,xgboost
0,0.1250127653320979,0.0229862511100671,0.0192073930405732,0.0200564183258569,0.0190347355346097,0.020120738169031
