,arima,lstm,mlp,rf,svr,xgboost
0,35.14511959134847,7.1356130781588645,5.928110113800323,6.210339173192034,5.838107112678541,6.368909288202548
