,arima,lstm,mlp,rf,svr,xgboost
0,34.03126545750396,26.48987502507542,8.865671495834933,11.135911497978382,9.717524440799664,47.1427546073196
