,training,testing
mape,5866.949100204924,10.64300647946244
