,training,testing
mae,0.031435171527182164,0.025072252241405447
