,training,testing
rmse,0.0389304453316378,0.03197589005289516
