,training,testing
mse,0.0015155795737196395,0.0010224575446748398
