,training,testing
nrmse,0.0389304453316378,0.059034505517066495
