,training,testing
arv,0.025990449615030997,0.08742480006958521
