,training,testing
smape,11.770475199507398,9.717524440799663
