,training,testing
mse,0.03423015801965755,0.028251556919387848
