,training,testing
arv,3.90716343384984,1.2445436662826992
