,training,testing
mae,0.16072581600780542,0.14944854454443762
