,training,testing
mape,21967.796348139414,75.17379614544856
