,training,testing
smape,45.512173644236995,47.142754607319596
