,training,testing
rmse,0.18501394006846497,0.16808199463175064
