,training,testing
nrmse,0.18501394006846497,0.3103162233480725
