,training,testing
rmse,0.1983651235074903,0.2059238273624882
