,training,testing
rmse,0.22146265145116564,0.13495651583251222
