,training,testing
rmse,0.02166791681579882,0.18144475836653579
