,arima,lstm,mlp,rf,svr,xgboost
0,99.16948559156852,5.2973752141840444,3.035228230415819,2.5567079286395518,4.9011794514838325,1.7112141192336718
