,arima,lstm,mlp,rf,svr,xgboost
0,0.0963291305251325,0.1050367713354858,0.1082797562962521,0.1296418009221591,0.0998031189012501,0.1590006319786339
