,arima,lstm,mlp,rf,svr,xgboost
0,15.300410234667067,17.18408109938097,16.493036836549944,18.01788191840481,15.4008815275804,21.56623677748245
