,training,validation,testing
mse,0.013473131195182116,0.015598945065346297,0.017856179927285266
