,training,validation,testing
smape,31.13933856356237,21.071472113792485,14.725613859080505
