,training,validation,testing
smape,19.19555587712909,26.94869521382287,24.71441480762781
