,training,validation,testing
rmse,0.09398457353961252,0.13443413780646277,0.16092790832373693
