,training,testing
arv,1.1991024937661503,99.16948559156853
