,training,validation,testing
nrmse,0.08772457016730797,0.19779125599394318,0.2904240264026563
