,training,validation,testing
rmse,0.1566290640293049,0.11871152009164754,0.13289052626623835
