,training,validation,testing
mape,53609.29778885335,21.754749725639183,15.400881527580399
