,training,validation,testing
arv,1.0475802052741237,1.1402690428328908,2.5567079286395513
