,training,validation,testing
mae,0.07616141433883626,0.10965006619307807,0.12964180092215918
