,training,testing
mape,163853.42554016205,15.300410234667067
