,training,validation,testing
mae,0.056547867540372596,0.12472100652755266,0.15900063197863396
