,training,validation,testing
nrmse,0.13606211287664002,0.16289063326371622,0.2023500791781823
