,training,validation,testing
mape,102801.51199690458,22.032391261988813,17.18408109938097
