,training,testing
mae,0.35199412809794206,0.09632913052513256
