,training,testing
smape,72.57052326662786,14.23232963871347
