,training,validation,testing
smape,37.95996803448778,18.79416996646695,15.351544318285127
