,training,validation,testing
mse,0.008833100063422835,0.01807253740776702,0.025897791677453076
