,training,validation,testing
rmse,0.1275294347624711,0.12568172934422578,0.12811087413582908
