,training,validation,testing
arv,0.4744653661981795,0.8786586074256343,1.7112141192336718
