,training,validation,testing
nrmse,0.14949042485195996,0.1639157349216139,0.19399703684093447
