,training,validation,testing
mae,0.09388534253896204,0.1003383057746367,0.1082797562962521
