,training,validation,testing
nrmse,0.11016902767690673,0.175330739098493,0.2436915489836883
