,training,testing
rmse,0.38165155694576086,0.12306684519361206
