,training,testing
mse,0.14565791091912336,0.015145448385908478
