,training,validation,testing
nrmse,0.18360110643880917,0.15482509797577299,0.20123481705814505
