,training,validation,testing
arv,1.4230017812554212,0.9295622607890394,4.9011794514838325
