,training,testing
nrmse,0.44737321622649584,0.18635891341752753
