,training,validation,testing
mse,0.005600626553989372,0.02299943576561373,0.03678297740501127
