,training,validation,testing
mae,0.12959648550933914,0.09294864989970868,0.1050367713354858
