,training,validation,testing
mse,0.016263756730835372,0.015795897090955226,0.016412396071846243
