,training,validation,testing
mape,54482.62642071505,21.73097248283839,18.01788191840481
