,training,validation,testing
rmse,0.0748373339583217,0.15165564864393852,0.19178888759521828
