,training,validation,testing
rmse,0.116073817871138,0.12489573677810743,0.1336270179540248
