,training,validation,testing
mape,54375.344847033855,21.848442769134184,16.493036836549944
