,training,validation,testing
smape,24.666726093061314,22.123068641953207,19.646747237752457
