,training,validation,testing
arv,1.9221285928255583,1.3364984026132938,5.2973752141840444
