,training,validation,testing
mae,0.09912846749787163,0.10142595460004612,0.0998031189012501
