,training,validation,testing
arv,1.3215212358932962,0.9317850001769051,3.035228230415819
