,training,validation,testing
smape,29.82448344337245,20.487096884138918,15.949163548588718
