,training,validation,testing
mse,0.024532663698696094,0.014092425002469638,0.01765989197131778
