,training,validation,testing
mape,36068.6861286441,24.474163260641,21.56623677748245
