,arima,lstm,mlp,rf,svr,xgboost
0,0.0151454483859084,0.0176598919713177,0.0178561799272852,0.025897791677453,0.0164123960718462,0.0367829774050112
