,arima,lstm,mlp,rf,svr,xgboost
0,0.1863589134175275,0.201234817058145,0.2023500791781823,0.2436915489836883,0.1939970368409344,0.2904240264026563
