,arima,lstm,mlp,rf,svr,xgboost
0,0.123066845193612,0.1328905262662383,0.1336270179540248,0.1609279083237369,0.128110874135829,0.1917888875952182
