,arima,lstm,mlp,rf,svr,xgboost
0,14.23232963871347,15.351544318285129,15.949163548588718,19.646747237752457,14.725613859080504,24.71441480762781
