,training,testing
mape,156.9730231410606,15.568608245281082
