,training,testing
mse,0.2401719375925364,0.012825337394968222
