,training,testing
nrmse,0.501101861361602,0.24722522400866506
