,training,testing
rmse,0.49007340020912826,0.11324900615443927
