,training,testing
arv,0.9043524530767094,1.4132288293957762
