,training,testing
smape,72.21167315481912,14.048895485404698
