,training,testing
mae,0.4829063036441793,0.09549796862554458
