,arima,lstm,mlp,rf,svr,xgboost
0,1.4214606724378842,9.899276661446082,15.186588560790447,7.5403308568461584,19.65582576950433,1.859775231402187
