,arima,lstm,mlp,rf,svr,xgboost
0,1.4132288293957762,1.2618757595502572,2.8495170655361037,13.137970194066805,3.535364477911318,1.328851776933936
