,training,validation,testing
rmse,0.028837128012909708,0.045974988732198865,0.06263682099012283
