,training,validation,testing
nrmse,0.018857354208457158,0.12325878566251083,0.1438611375607417
