,training,validation,testing
rmse,0.01844233360214507,0.04608025072346024,0.06589995385110901
