,training,validation,testing
mape,3.097294713973756,5.7845591584711045,7.600239529982085
