,training,validation,testing
arv,0.031077072495982922,2.7720876851587417,1.859775231402187
