,training,validation,testing
nrmse,0.029141819341606527,0.1545540361869835,0.20498825811877375
