,training,validation,testing
mae,0.02058774309499832,0.036406816163547344,0.048792705611875715
