,training,validation,testing
mae,0.019840223755617063,0.045874366933321094,0.07573274451942774
