,training,validation,testing
mse,0.0008315799520329418,0.0021136995889258128,0.003923371343748692
