,training,testing
arv,0.9372973317236075,1.4214606724378842
