,training,validation,testing
smape,3.0770301834645695,5.825971627372277,7.783422630825966
