,training,testing
mae,0.45140753730024397,0.09482752415430606
