,training,validation,testing
nrmse,0.02991398317762291,0.12348267433908493,0.13867742775188097
