,training,validation,testing
rmse,0.02886846498217173,0.04572250440583089,0.06260873146846041
