,training,validation,testing
mse,0.0008558915132059276,0.0021311104108100525,0.004035476251784243
