,training,validation,testing
mse,0.0003401196686928092,0.0021233895067369578,0.004342803917578298
