,training,validation,testing
arv,0.012060532781394575,12.195084712794657,7.5403308568461584
