,training,validation,testing
mae,0.01999880153132573,0.036484328426896716,0.0484891570938262
