,training,validation,testing
mape,8.791300019557546,7.126364275253465,11.14802077858914
