,training,validation,testing
mape,5.126212030854099,5.911340671375368,7.5798052567197685
