,training,testing
rmse,0.4561427637019281,0.11256655510195622
