,training,validation,testing
mae,0.011997135932235305,0.03620580373227289,0.05020994995783682
