,training,validation,testing
arv,0.029414401167870342,16.16949523569261,19.655825769504332
