,training,validation,testing
smape,6.820512613687921,7.442290905024859,12.043677367117187
