,training,validation,testing
smape,5.063081195854348,5.86846798691591,7.506112334878039
