,training,testing
nrmse,0.46640766024053243,0.24573541743062707
