,training,validation,testing
mape,5.21558104350673,5.869114287261234,7.540790632758056
