,training,testing
mse,0.20806622087763302,0.012671229327521745
