,training,validation,testing
mape,5.350644205189052,5.814940919058457,7.479968764819571
