,training,validation,testing
mae,0.020211172829319963,0.0362487594507482,0.0482569440665875
