,training,validation,testing
nrmse,0.029518112044125244,0.122301859951519,0.13667632227235837
