,training,validation,testing
mse,0.0008122758718327005,0.0033385247456955433,0.008817413560213249
