,training,validation,testing
arv,0.03012474625207409,9.597264268162874,9.899276661446082
