,training,validation,testing
smape,5.401870632025738,5.858501826061083,7.557718713116077
