,training,testing
mape,177.79122084699122,15.459359565328676
