,training,validation,testing
arv,0.02957310911290535,13.067013199033177,15.186588560790447
