,training,validation,testing
rmse,0.028500453888187473,0.057779968377419035,0.09390108391394238
