,training,validation,testing
mse,0.0008333882704268753,0.002090547409141225,0.003919853256089784
