,training,validation,testing
rmse,0.02925562361676687,0.04616395142110403,0.06352539847796504
