,training,testing
smape,75.07767045586067,13.959893624761488
