,training,validation,testing
smape,5.139746088248041,5.83097208804915,7.469367886794098
