,training,validation,testing
nrmse,0.029486069877339764,0.12297722327915579,0.13673764235384162
