,training,testing
mape,45.00593255824315,18.190058741415857
