,training,testing
smape,26.128437357818434,20.371072920797936
