,training,testing
arv,4.479943884431534,1.2618757595502572
