,training,testing
mse,0.013839694010574067,0.01849769597515833
