,training,testing
mae,0.0969933331913505,0.12183728773085944
