,training,testing
nrmse,0.12028961341320289,0.296904785931593
