,training,testing
rmse,0.11764222885755807,0.13600623505986162
