,arima,lstm,mlp,rf,svr,xgboost
0,0.0954979686255445,0.1218372877308594,0.0560835332142419,0.0490885765568674,0.0555199047244361,0.1097789359848545
