,arima,lstm,mlp,rf,svr,xgboost
0,0.094827524154306,0.0487927056118757,0.0482569440665875,0.0502099499578368,0.0484891570938262,0.0757327445194277
