,arima,lstm,mlp,rf,svr,xgboost
0,15.568608245281082,18.190058741415857,8.737284378782395,7.540143055301662,8.439246021155272,16.317300651923468
