,arima,lstm,mlp,rf,svr,xgboost
0,15.459359565328676,7.479968764819571,7.540790632758056,7.600239529982085,7.579805256719768,11.14802077858914
