,training,testing
arv,0.05487095994688727,2.8495170655361033
