,training,testing
nrmse,0.04033702544609913,0.15619887579545638
