,training,testing
mse,0.0015562449961663914,0.00511963557699347
