,training,testing
rmse,0.0394492711740837,0.0715516287515069
