,training,testing
mae,0.02879657724472603,0.056083533214241976
