,training,testing
mape,6.361622413480009,8.737284378782395
