,training,testing
smape,6.306659553338682,8.697614748029174
