,arima,lstm,mlp,rf,svr,xgboost
0,0.0128253373949682,0.0184976959751583,0.0051196355769934,0.0040841912248035,0.0051371378392784,0.0156881275431675
