,arima,lstm,mlp,rf,svr,xgboost
0,0.0126712293275217,0.0040354762517842,0.0039198532560897,0.0043428039175782,0.0039233713437486,0.0088174135602132
