,arima,lstm,mlp,rf,svr,xgboost
0,0.245735417430627,0.1386774277518809,0.1366763222723583,0.1438611375607417,0.1367376423538416,0.2049882581187737
