,arima,lstm,mlp,rf,svr,xgboost
0,0.247225224008665,0.296904785931593,0.1561988757954563,0.1395119514621597,0.1564656429441356,0.2734285978299689
