,training,testing
arv,0.005731684137051947,13.137970194066803
