,training,testing
mae,0.009136243454097887,0.04908857655686743
