,training,testing
mse,0.00016168936173536772,0.004084191224803577
