,training,testing
mape,2.0309406474347935,7.540143055301662
