,training,testing
nrmse,0.013001863683049265,0.13951195146215978
