,training,testing
rmse,0.012715713182333412,0.06390767735416127
