,training,testing
smape,2.0235950940905756,7.603286650459264
