,arima,lstm,mlp,rf,svr,xgboost
0,0.1125665551019562,0.063525398477965,0.0626087314684604,0.065899953851109,0.0626368209901228,0.0939010839139423
