,arima,lstm,mlp,rf,svr,xgboost
0,0.1132490061544392,0.1360062350598616,0.0715516287515069,0.0639076773541612,0.0716738295284855,0.1252522556410366
