,arima,lstm,mlp,rf,svr,xgboost
0,13.959893624761488,7.557718713116077,7.469367886794098,7.783422630825966,7.506112334878039,12.043677367117189
