,arima,lstm,mlp,rf,svr,xgboost
0,14.048895485404698,20.371072920797936,8.697614748029174,7.603286650459264,8.665857556779196,18.124713003937977
