,training,testing
nrmse,0.04280869044827737,0.15646564294413567
