,training,testing
mae,0.033505121328401284,0.05551990472443616
