,training,testing
rmse,0.04186653873023294,0.07167382952848557
