,training,testing
smape,10.274153361531813,8.665857556779196
