,training,testing
mape,13.106935586267845,8.439246021155272
