,training,testing
mse,0.0017528070652500947,0.00513713783927841
