,training,testing
arv,0.07615086257492198,3.535364477911318
