,training,testing
arv,5.655597488759099,1.328851776933936
