,training,testing
mape,50.17738349472807,16.317300651923468
