,training,testing
nrmse,0.1255717297945506,0.2734285978299689
