,training,testing
mse,0.015081827999402088,0.015688127543167583
