,training,testing
smape,25.607308374382697,18.124713003937977
