,training,testing
mae,0.09458258823126096,0.10977893598485455
