,arima,lstm,mlp,rf,svr,xgboost
0,55.87270105645894,5.062343199878134,1.4076846352955406,1.5733399445069336,1.785277721977903,1.3674560360233667
