,arima,lstm,mlp,rf,svr,xgboost
0,0.0507772365821336,0.0517355803994084,0.046449249171786,0.0458338699090126,0.0439901023401342,0.0458490565049959
