,arima,lstm,mlp,rf,svr,xgboost
0,23.76069263320673,22.946651929337214,19.277554611250924,18.92325209430256,18.361633836176896,18.96762737240313
