,training,validation,testing
mse,0.004533205762067548,0.007660852383751346,0.0044091333668407695
