,training,validation,testing
arv,0.48028342220602727,1.360522882133723,5.062343199878134
