,training,validation,testing
smape,19.515451853358627,18.78836581976229,18.14698088370867
