,training,validation,testing
mape,31772.675823375834,17.30265089849684,19.277554611250924
