,training,validation,testing
mape,28493.51317621551,18.542388688235818,18.361633836176896
