,training,validation,testing
nrmse,0.08505403832545493,0.10916015330041011,0.13386584188883444
