,training,testing
mape,55945.856015403595,23.760692633206734
