,training,testing
mae,0.11598510235475658,0.05077723658213366
