,training,validation,testing
mae,0.03993702737602616,0.0652031938388319,0.04584905650499598
