,training,validation,testing
mse,0.0037895488306085236,0.0073195433120082165,0.004440894138297581
