,training,validation,testing
smape,19.70377866833008,17.64907490126459,19.58521150942225
