,training,validation,testing
arv,0.1685137287918711,0.7640830937399545,1.5733399445069336
