,training,validation,testing
nrmse,0.06827470189620329,0.11800197632687595,0.13771375970946462
