,training,validation,testing
mae,0.03661668998501816,0.06255950529365095,0.04583386990901264
