,training,validation,testing
smape,15.819462284139012,19.545049492355695,18.898173428749278
