,training,validation,testing
mse,0.0032724267881281636,0.009693974972876327,0.004510698298880644
