,training,validation,testing
smape,18.11057897266056,20.35319443237351,18.993793390917705
