,training,validation,testing
nrmse,0.07226486439252705,0.12279382760540322,0.13539887187484298
