,training,validation,testing
rmse,0.06155931148582255,0.08555432959241874,0.0666400340508435
