,training,validation,testing
smape,27.217976328094,24.90282604821198,21.399916990578262
