,training,validation,testing
mae,0.04475816198229732,0.05979135128747583,0.043990102340134236
