,training,testing
nrmse,0.18631342145158164,0.13633144776604
