,training,validation,testing
mape,48157.5782549177,18.9877370567238,18.92325209430256
