,training,validation,testing
arv,0.2190302111216567,0.4683457800813391,1.4076846352955406
