,training,validation,testing
rmse,0.06732908555793364,0.08752629538459483,0.06640130546036553
