,training,testing
arv,33.438630730108834,55.87270105645894
