,training,testing
rmse,0.147486380899455,0.06762431684764053
