,training,validation,testing
mape,41721.20631561381,26.758685288196908,22.946651929337218
