,training,validation,testing
nrmse,0.07776532229742732,0.10670077709545085,0.13434712163967222
