,training,validation,testing
arv,0.2616094813206231,0.5564010835792214,1.785277721977903
