,training,testing
mse,0.021752232550819126,0.004573048229110079
