,training,validation,testing
rmse,0.08680581292370593,0.11261332005028041,0.07223795781112922
