,training,validation,testing
mse,0.007535249157345431,0.012681759852746888,0.005218322548722486
