,training,validation,testing
rmse,0.05720512903689811,0.09845798582581469,0.06716173239934065
