,training,validation,testing
mae,0.06402772104914493,0.08035493848500046,0.05173558039940848
