,training,validation,testing
arv,0.20842294537312708,0.8526333059568715,1.3674560360233667
