,training,validation,testing
rmse,0.05404650191707753,0.09461580552684427,0.06830998330520535
