,training,validation,testing
mae,0.04434717330748383,0.05731824069439918,0.04644924917178606
