,training,testing
smape,44.834292427819875,21.079225252152597
