,training,validation,testing
mape,42154.01995216643,19.854617636422763,18.96762737240313
