,training,validation,testing
mse,0.0029210243694726646,0.008952150655493617,0.004666253819157434
