,training,validation,testing
nrmse,0.1096581793455706,0.1404479331193124,0.1456326042337976
