,arima,lstm,mlp,rf,svr,xgboost
0,0.00457304822911,0.0052183225487224,0.0044408941382975,0.0046662538191574,0.0044091333668407,0.0045106982988806
