,arima,lstm,mlp,rf,svr,xgboost
0,0.13633144776604,0.1456326042337976,0.1343471216396722,0.1377137597094646,0.1338658418888344,0.1353988718748429
