,arima,lstm,mlp,rf,svr,xgboost
0,0.0676243168476405,0.0722379578111292,0.0666400340508435,0.0683099833052053,0.0664013054603655,0.0671617323993406
