,arima,lstm,mlp,rf,svr,xgboost
0,21.0792252521526,21.399916990578262,19.58521150942225,18.89817342874928,18.14698088370867,18.993793390917705
