,arima,lstm,mlp,rf,svr,xgboost
0,0.3254903203268242,0.3195860889434182,0.1747112022858892,1.042030755892428,0.1513924885317334,1.0298491784332977
