,arima,lstm,mlp,rf,svr,xgboost
0,0.0237087528489598,0.0280913457553868,0.0185990949971564,0.3105119969126834,0.0160663892730703,0.3684646201629301
