,arima,lstm,mlp,rf,svr,xgboost
0,2.7888408285589783,3.2970834880872437,2.140000442632224,35.00544261008712,1.8698549195376404,41.63976738471317
