,training,validation,testing
arv,0.008528466962354875,0.028413294013037525,0.1747112022858892
