,training,validation,testing
mae,0.018232556874500077,0.012960136942740804,0.02809134575538681
