,training,testing
mae,0.7435511421121909,0.02370875284895982
