,training,validation,testing
nrmse,0.02807441047859608,0.042681793726232944,0.09242437744947592
