,training,validation,testing
mape,14.570059596076417,23.70944175184172,41.639767384713174
