,training,validation,testing
mae,0.011683429979092415,0.009458456968344226,0.018599094997156486
