,training,validation,testing
smape,2.666529565900421,17.25399000999986,42.638513400567305
