,training,validation,testing
smape,9.362222878793782,1.877477167362371,3.2246212165095414
