,training,validation,testing
nrmse,0.043748783173508256,0.0662875938297945,0.14431605558728353
