,training,testing
mape,665.8047885255128,2.7888408285589783
