,training,validation,testing
nrmse,0.02855969035083408,0.6427853881027981,1.4740735089315466
