,training,testing
smape,114.70570163689904,2.7572089764980867
