,training,validation,testing
mse,0.0002763377835959705,0.00017836903547151383,0.0006227355997255868
