,training,validation,testing
nrmse,0.02854915017172986,0.04581512065374025,0.09837582362090054
