,training,validation,testing
mse,0.00026722383404747217,0.0001548057614330371,0.0005496674232850077
