,training,validation,testing
mape,6.596489640538718,1.3769512298859636,2.140000442632224
