,training,validation,testing
mape,2.730871795329405,15.360961760313707,35.00544261008712
