,training,validation,testing
mse,6.047123350480108e-05,0.0189338888963866,0.1004702090486401
