,training,validation,testing
mse,0.0006489120756160152,0.0003733931138519677,0.0013401587044813265
