,training,validation,testing
mae,0.010431580943143778,0.00807005613348476,0.01606638927307039
