,training,validation,testing
mae,0.005062262474707009,0.11223482018798134,0.31051199691268344
