,training,validation,testing
rmse,0.01662954797478893,0.18737726391208756,0.3739233679963718
