,training,testing
mse,0.5556710227448408,0.0009292266651127217
