,training,validation,testing
nrmse,0.01335510982689383,0.4720293626849544,1.2495544558598388
