,training,testing
rmse,0.7454334462209492,0.030483219402036948
