,training,validation,testing
mape,10.28743776163874,1.8732764747499624,3.2970834880872433
