,training,testing
nrmse,1.2802120919643127,0.12017036118461259
