,training,validation,testing
arv,0.01981732296021252,0.05943619993959175,0.3195860889434182
