,training,validation,testing
arv,0.009057829642630263,1.2369958756184274,1.0298491784332975
