,training,validation,testing
smape,10.033580478985566,27.52475267733897,52.77691269570261
