,training,validation,testing
smape,5.390792545480467,1.1828856212984615,1.8596389243788745
