,training,validation,testing
arv,0.008193691473602011,0.02408635904503759,0.15139248853173348
