,training,validation,testing
mape,5.573750193115235,1.181271808267506,1.8698549195376404
