,training,validation,testing
rmse,0.016346982414117663,0.012442096343986294,0.02344498716751638
