,training,testing
arv,0.9580904752026583,0.3254903203268242
