,training,validation,testing
rmse,0.007776325192840194,0.13760046837270068,0.31697035988975386
