,training,validation,testing
rmse,0.016623410708875914,0.013355487092259638,0.024954670899965538
