,training,validation,testing
arv,0.0018594213268568755,1.5109142318355728,1.042030755892428
