,training,validation,testing
mae,0.012209323313229783,0.1684554213273207,0.3684646201629301
