,training,validation,testing
smape,6.275049337994545,1.384768015739534,2.1443530910895765
