,training,validation,testing
rmse,0.025473752680278874,0.019323382567551874,0.03660817810928764
