,training,validation,testing
mse,0.00027654186584580667,0.035110239031180115,0.1398186851337501
