,arima,lstm,mlp,rf,svr,xgboost
0,0.0009292266651127,0.0013401587044813,0.0006227355997255,0.1004702090486401,0.000549667423285,0.1398186851337501
