,arima,lstm,mlp,rf,svr,xgboost
0,0.1201703611846125,0.1443160555872835,0.0983758236209005,1.2495544558598388,0.0924243774494759,1.4740735089315466
