,arima,lstm,mlp,rf,svr,xgboost
0,0.0304832194020369,0.0366081781092876,0.0249546708999655,0.3169703598897538,0.0234449871675163,0.3739233679963718
