,arima,lstm,mlp,rf,svr,xgboost
0,2.7572089764980867,3.2246212165095414,2.1443530910895765,42.638513400567305,1.8596389243788745,52.77691269570261
