,training,testing
rmse,0.06914737889230094,0.01296068032711872
