,training,testing
rmse,0.011032845001834683,0.0036914309718951697
