,training,testing
rmse,0.0028362252351388046,0.0030032510932545284
