,training,testing
rmse,0.06294208588064523,0.04855231399237505
