,training,testing
rmse,0.24230442021136814,0.22919929399968345
