,training,testing
smape,113.51095050036382,56.365154932758976
