,training,testing
mae,0.14100142494927612,0.010311496430993262
