,training,testing
nrmse,0.19789718881492535,0.42915718808104275
