,training,testing
mse,0.03807964076030077,0.00016750326647716097
