,training,testing
arv,1.9519844207378205,1.8532453897552248
