,training,testing
rmse,0.195140054218248,0.01294230529995182
