,training,testing
mape,68.39670102344732,153.78665694545575
