,arima,lstm,mlp,rf,svr,xgboost
0,1.8532453897552248,0.8991763841353384,0.1880516671236055,0.6361403484856433,1.0171174052422804,1.0006614097603472
