,arima,lstm,mlp,rf,svr,xgboost
0,1.12913624703298,0.5961151139176313,0.0039053841626421,1.0850270510281856,0.0022674287734503,1.0376517225823627
