,training,validation,testing
smape,13.494169931766976,43.94155446991743,117.01368160409022
