,training,validation,testing
mse,0.0005675050014384928,0.00040921205988321996,0.0009841649659592796
