,training,validation,testing
arv,0.7366509588301755,0.29577673608648963,0.5961151139176313
