,training,validation,testing
smape,3.5877972512374923,3.2508674171696366,4.138730018706138
