,training,validation,testing
mape,1.4312211121986858,78.37791213289368,343.73967738505695
