,training,validation,testing
rmse,0.031462734340261415,0.03446761389328848,0.04610261997017262
