,training,validation,testing
arv,0.0672542948283424,1.0720830117331872,1.0376517225823627
