,training,validation,testing
mape,12.607472419894435,30.744615683765026,233.70138650333723
