,training,validation,testing
smape,2.95678345573376,74.93724244402667,117.04804105982683
