,training,validation,testing
nrmse,0.0805621446147772,0.25477847525196134,0.6491406205073251
