,training,validation,testing
nrmse,0.03300502523929384,1.0070992317341139,1.5287284831429424
