,training,validation,testing
mae,0.034944632453560096,0.0068575475730128016,0.016411080061829376
