,training,validation,testing
nrmse,0.05504730913113671,0.04652586120121622,0.013881715615764423
