,training,validation,testing
mse,0.0009899036521658648,0.001188016407496813,0.0021254515681141594
