,training,validation,testing
nrmse,0.04802152762015968,0.0517409121975879,0.018352177823261616
