,training,validation,testing
arv,0.1670117839701136,0.031497798473768254,0.0022674287734503517
