,training,validation,testing
smape,1.4004089693591275,50.57964686411852,98.51422056706951
