,training,validation,testing
mape,2.9858313470496998,135.22845270469628,485.20641899105215
