,training,testing
mape,107.82269115730227,786.2756275576818
