,training,validation,testing
arv,0.1459834962733613,0.03801900218993901,0.003905384162642162
