,training,testing
rmse,0.20269210282084857,0.06785950685214287
