,training,validation,testing
mae,0.007719712764969556,0.033288713561249135,0.045258462995360474
