,training,validation,testing
mae,0.007825000690897553,0.0006614461423081817,0.00025544651926149155
