,training,validation,testing
rmse,0.023822363472974145,0.020228990579937992,0.0313714036338714
