,training,validation,testing
mse,0.002753626146195401,2.535518308183856e-06,1.752575695719142e-07
