,training,validation,testing
mape,2.317324131965253,2.330126449465041,2.38436814854451
