,training,validation,testing
mape,3.6372747701090122,3.2123891184906737,4.010380865506004
