,training,validation,testing
mse,0.005897864978939241,7.603321904117238e-05,0.00038323756416616136
