,training,validation,testing
nrmse,0.02499012638831602,0.5910650193217791,1.0402523397217167
