,training,validation,testing
smape,1.975450651469169,2.3094243970056207,2.362294657752954
