,training,testing
smape,80.99155457009334,115.25750306866449
