,training,validation,testing
mse,0.0020955823446752544,3.1357835067721766e-06,3.0631320249518686e-07
