,training,testing
mse,0.041084088545937446,0.004604912670216024
