,training,validation,testing
arv,0.0371560616927007,1.2422268851884377,1.0850270510281856
