,training,testing
mae,0.15858290896495655,0.05835627831121393
