,training,testing
arv,5.037053263474702,1.12913624703298
