,training,testing
nrmse,0.21262799021402745,2.250170620325291
