,training,validation,testing
mae,0.004935720238951954,0.018153633551645572,0.030117135829084637
