,training,validation,testing
rmse,0.045777531002395205,0.001770814362594842,0.0005534556915374408
