,training,validation,testing
rmse,0.05247500496613031,0.0015923310925130666,0.00041863775459448734
