,training,validation,testing
mae,0.012079884724434381,0.0008914023364880033,0.0004105759479540867
