,training,validation,testing
rmse,0.07679755841782498,0.008719702921612203,0.019576454330806726
