,training,testing
mae,0.025272907725272412,0.02036281450064634
