,training,testing
mse,0.004010751699416862,0.0004178661081441808
