,training,testing
rmse,0.06333049580902445,0.02044177360563855
