,training,testing
mape,25.15628886608452,202.4695818194791
