,training,testing
smape,20.109672882570486,83.58223119176131
