,training,testing
nrmse,0.06422529263440865,0.6778339620853927
