,training,testing
arv,0.3483022276256095,0.8991763841353384
