,arima,lstm,mlp,rf,svr,xgboost
0,0.0583562783112139,0.0164110800618293,0.000410575947954,0.0301171358290846,0.0002554465192614,0.0452584629953604
