,arima,lstm,mlp,rf,svr,xgboost
0,0.0103114964309932,0.0203628145006463,0.0031245974726011,0.0030386827654709,0.0965010468713667,0.3416912568367021
