,arima,lstm,mlp,rf,svr,xgboost
0,786.2756275576818,233.70138650333723,4.010380865506004,343.7396773850569,2.38436814854451,485.20641899105215
