,arima,lstm,mlp,rf,svr,xgboost
0,153.78665694545575,202.4695818194791,39.02316871907837,60.83977956419952,1000.7729301336057,3252.4068822235904
