,training,testing
smape,5.198587137876961,26.81872626771929
