,training,testing
mape,5.29862923462109,39.02316871907837
