,training,testing
mse,0.0015213362557349366,1.1994569971558851e-05
