,training,testing
nrmse,0.03955540279309923,0.11484103340807578
