,training,testing
mae,0.010218648820180434,0.003124597472601126
