,training,testing
arv,0.09174516943178909,0.1880516671236055
