,arima,lstm,mlp,rf,svr,xgboost
0,0.004604912670216,0.0003832375641661,3.063132024951869e-07,0.0009841649659592,1.752575695719142e-07,0.0021254515681141
