,arima,lstm,mlp,rf,svr,xgboost
0,0.0001675032664771,0.0004178661081441,1.1994569971558853e-05,2.4711395018846644e-05,0.0094954470294427,0.1168301365161741
