,arima,lstm,mlp,rf,svr,xgboost
0,0.4291571880810427,0.6778339620853927,0.1148410334080757,0.1648364991550442,3.231189719825695,11.333973498448357
