,arima,lstm,mlp,rf,svr,xgboost
0,2.250170620325291,0.6491406205073251,0.0183521778232616,1.0402523397217167,0.0138817156157644,1.5287284831429424
