,training,testing
arv,0.011742339727796187,0.6361403484856433
