,training,testing
mse,0.00020980328620346053,2.4711395018846644e-05
