,training,testing
mape,1.065241710349894,60.839779564199524
