,training,testing
mae,0.0027858949342505594,0.003038682765470934
