,training,testing
nrmse,0.014689240684609308,0.16483649915504422
