,training,testing
rmse,0.014484587885178526,0.004971055724777851
