,training,testing
smape,1.0455589636788458,28.20542182979561
