,arima,lstm,mlp,rf,svr,xgboost
0,0.0678595068521428,0.0195764543308067,0.0005534556915374,0.0313714036338714,0.0004186377545944,0.0461026199701726
