,arima,lstm,mlp,rf,svr,xgboost
0,115.25750306866448,117.01368160409022,4.138730018706138,98.51422056706951,2.362294657752954,117.04804105982684
