,arima,lstm,mlp,rf,svr,xgboost
0,56.365154932758976,83.58223119176131,26.81872626771929,28.20542182979561,147.7863174978101,181.7308264751889
