,training,testing
mse,0.007581995485158395,0.009495447029442789
