,training,testing
mape,115.68299507897373,1000.7729301336055
