,training,testing
nrmse,0.08830493280538183,3.231189719825695
