,training,testing
smape,58.508201766929865,147.7863174978101
