,training,testing
arv,0.3363071599579291,1.0171174052422804
