,training,testing
mae,0.08377950356549083,0.09650104687136675
