,training,testing
mape,434.6131738259151,3252.4068822235904
