,training,testing
rmse,0.25336849063837197,0.3418042371243724
