,training,testing
arv,1.1433962367278587,1.0006614097603472
