,training,testing
mae,0.24276543931693176,0.3416912568367021
