,training,testing
smape,99.48090241744568,181.7308264751889
