,training,testing
mse,0.06419559204836678,0.11683013651617419
