,training,testing
nrmse,0.25694833504317915,11.333973498448357
