,arima,lstm,mlp,rf,svr,xgboost
0,7.147808659586063,1.6310813726118092,0.2915487109272054,0.3555739815142684,0.2841313487665994,0.3675449215490801
