,arima,lstm,mlp,rf,svr,xgboost
0,38.03810889704853,27.264111008639077,10.276882512165326,12.202506106561833,9.423852831450144,13.92113598761929
