,training,validation,testing
nrmse,0.037007827088600995,0.08041389993785596,0.09227382754532742
