,training,validation,testing
nrmse,0.037109323598106266,0.08371848621552183,0.09562638171270708
