,training,validation,testing
nrmse,0.03567395946744338,0.08032918564683583,0.09057337591001678
