,training,validation,testing
mse,0.0013771018979089667,0.002900512482879129,0.0014095094223541798
