,training,validation,testing
arv,0.06138991055134479,0.11876403897016277,0.2841313487665994
