,training,validation,testing
rmse,0.03567395946744338,0.051676056783607226,0.035559596448735825
