,training,validation,testing
mse,0.0012726313840847932,0.002670414844702598,0.0012644848995969455
