,training,validation,testing
nrmse,0.06065712017110442,0.11729091494148135,0.14747838886431572
