,training,validation,testing
smape,13.958178804193185,12.264690380210679,21.562406793510192
