,training,validation,testing
mape,34962.28226105982,7.591996058306598,13.92113598761929
