,training,validation,testing
mae,0.018909071057695518,0.026836042137620208,0.018959833549068814
