,training,validation,testing
mae,0.045192941002284506,0.05390719062428911,0.04761032214171729
