,training,validation,testing
mae,0.022240524922374195,0.032816660466632355,0.02456533005172588
