,training,testing
nrmse,0.18037796063017641,0.19465876911735455
