,training,validation,testing
mse,0.0013695792658197895,0.002676050195895879,0.0013124102330471347
