,training,validation,testing
mape,39239.51406126438,12.612803692050456,27.264111008639073
