,training,validation,testing
mse,0.0009167898728414235,0.0028354889788187077,0.0014815685674793506
