,training,testing
mse,0.03253620868110147,0.005840640592136452
