,training,testing
mae,0.1338005173575807,0.06349341068475814
