,training,validation,testing
mape,6085.95352272819,6.675153413249903,10.276882512165326
