,training,testing
arv,3.0616458712122667,7.147808659586063
