,training,validation,testing
rmse,0.037109323598106266,0.05385640614522221,0.03754343381144271
