,training,testing
mape,60225.1664456389,38.03810889704853
