,training,validation,testing
rmse,0.03027853815562144,0.05324930965579467,0.038491149209647545
