,training,validation,testing
mae,0.021482019394966367,0.02857886615570564,0.02067714031027608
