,training,validation,testing
mse,0.003679286227451802,0.005693256533546508,0.003352504007442009
