,training,validation,testing
smape,7.000379488470459,6.559607451713307,9.578726250651561
