,training,validation,testing
nrmse,0.03027853815562144,0.08277476934468975,0.09804029501853058
