,training,validation,testing
mape,7527.075272755056,6.274610059432535,9.423852831450144
