,training,validation,testing
rmse,0.06065712017110442,0.07545367143848275,0.057900811802961874
