,training,validation,testing
rmse,0.037007827088600995,0.05173055379459879,0.036227202942638766
