,training,validation,testing
arv,0.23210548057702068,0.30589562351801136,1.6310813726118092
