,training,validation,testing
mae,0.018249028083943623,0.03134401719716809,0.02432709187812872
