,training,validation,testing
arv,0.07178766821336093,0.14392043971963606,0.36754492154908014
