,training,validation,testing
arv,0.06679620052468262,0.12107343041914122,0.29154871092720547
