,training,validation,testing
mape,14840.135354215905,7.314963561305415,12.202506106561831
