,training,validation,testing
smape,6.034748430661077,7.177418561152916,11.32918691222219
