,training,validation,testing
smape,7.338948709928866,7.489769695792294,11.477079822852247
