,training,validation,testing
smape,6.204881317304636,6.16676144816066,8.84738073428491
