,training,validation,testing
arv,0.04461033684482134,0.12864347605188514,0.35557398151426844
