,training,testing
smape,38.26332674211503,27.729406681667534
