,arima,lstm,mlp,rf,svr,xgboost
0,0.0058406405921364,0.003352504007442,0.0013124102330471,0.0014815685674793,0.0012644848995969,0.0014095094223541
