,arima,lstm,mlp,rf,svr,xgboost
0,0.1946587691173545,0.1474783888643157,0.0922738275453274,0.0980402950185305,0.0905733759100167,0.095626381712707
