,arima,lstm,mlp,rf,svr,xgboost
0,0.0764240838488525,0.0579008118029618,0.0362272029426387,0.0384911492096475,0.0355595964487358,0.0375434338114427
