,arima,lstm,mlp,rf,svr,xgboost
0,27.72940668166753,21.562406793510192,9.57872625065156,11.32918691222219,8.84738073428491,11.477079822852248
