,training,testing
rmse,0.024788479343095502,0.02429477192161886
