,arima,lstm,mlp,rf,svr,xgboost
frontend,1.0105839120625335,0.2511748660671574,0.0242947719216188,0.0206790551683697,0.0566669364974907,0.2372235158677776
