,training,testing
rmse,0.05217466494808777,0.05666693649749074
