,training,testing
rmse,0.22698942752908555,0.23722351586777762
