,training,testing
rmse,0.49458106036463306,0.11324900615443927
