,arima,lstm,mlp,rf,svr,xgboost
frontend,0.1132490061544392,0.6504452776461191,0.0709577724916299,0.0637974061817186,0.0703465879683545,0.1256323943884338
