,training,testing
rmse,0.04286854480944509,0.07034658796835459
