,arima,lstm,mlp,rf,svr,xgboost
0,55.87270105645894,5.626712670454663,1.057044379941776,1.009802033965791,1.029376078437088,0.988017755282078
