,arima,lstm,mlp,rf,svr,xgboost
0,0.0507772365821336,0.0514871325369971,0.043854976169521,0.0450762242788614,0.0479553237336781,0.0490117261435332
