,arima,lstm,mlp,rf,svr,xgboost
0,23.76069263320673,22.96389123404302,19.614105213020927,18.97880464989577,21.81999079997806,20.01178396043811
