,training,validation,testing
arv,0.20789205574693895,0.3575021719892207,1.029376078437088
