,training,validation,testing
rmse,0.0600194337372168,0.07000063677760153,0.06690048544991123
