,training,testing
mse,0.021937979998274,0.004573048229110079
