,training,validation,testing
nrmse,0.05297188995640345,0.11503343000071661,0.12731607871699188
