,training,validation,testing
mse,0.003602332426136158,0.004900089149269701,0.004475674953433784
