,training,validation,testing
smape,14.150296035971882,24.040099365585366,21.21125149595128
