,training,validation,testing
arv,0.0760490769127015,0.6981855612369323,1.009802033965791
