,training,validation,testing
arv,0.5167723596301016,1.5005140666222994,5.626712670454663
