,training,validation,testing
rmse,0.0436744591091694,0.10012894514650658,0.0682236048903593
