,training,validation,testing
mae,0.024484699177481698,0.06393902435751124,0.045076224278861404
