,training,validation,testing
smape,11.201612526320432,20.395452758424465,19.008303315452597
