,training,validation,testing
nrmse,0.08450020383450614,0.08730268096225424,0.13487219483764024
