,training,validation,testing
arv,0.15992636055100737,0.2962266962012508,1.057044379941776
