,training,validation,testing
mape,17860.00497841127,20.098290186023306,18.97880464989577
