,training,validation,testing
mae,0.040251129278939694,0.04437659759145346,0.043854976169521075
