,training,validation,testing
rmse,0.05414848202353772,0.06474152841709507,0.06638903101441863
