,training,testing
arv,37.46814909067933,55.87270105645894
