,training,validation,testing
mse,0.007924417679553972,0.014116373407796487,0.005076476936618066
