,training,testing
mae,0.11874043286834884,0.05077723658213366
