,training,validation,testing
mae,0.029520985793047978,0.07366359999288635,0.04901172614353328
