,training,testing
smape,46.33920481224384,21.079225252152597
