,training,validation,testing
mape,57022.422028416346,28.71604944056797,22.96389123404302
