,training,validation,testing
smape,21.343814816520496,15.622993939349463,19.8231402209078
