,training,validation,testing
mape,15895.852346693016,14.188492604926184,19.614105213020927
