,training,validation,testing
mse,0.0029320581054533873,0.00419146550178153,0.004407503439033439
