,training,validation,testing
rmse,0.03762526828219548,0.09223557927440185,0.0631524346585987
