,training,validation,testing
nrmse,0.07623460408425715,0.08074367978056599,0.13384109645606004
