,training,testing
mape,59969.20545878949,23.760692633206734
