,training,validation,testing
mape,23265.532944711606,24.228282548876606,20.01178396043811
