,training,validation,testing
nrmse,0.06148842911855424,0.12487779762611519,0.13753961977133805
