,training,validation,testing
mse,0.00190745837847851,0.010025805656152123,0.004654460264235856
