,training,validation,testing
mse,0.001415660813307185,0.008507402084084468,0.003988230003308577
