,training,validation,testing
arv,0.10733573147274361,0.7672214822692105,0.9880177552820779
