,training,validation,testing
smape,18.548842106847903,13.845345585406879,18.234156738406696
