,training,validation,testing
rmse,0.08901919837627147,0.11881234535096295,0.07124939955268442
