,training,testing
rmse,0.1481147528042835,0.06762431684764053
