,training,testing
nrmse,0.20852790543904623,0.13633144776604
