,training,validation,testing
nrmse,0.1253284134754333,0.14817917033393727,0.14363965872458825
