,training,validation,testing
mae,0.06615767586860048,0.08550414559746175,0.05148713253699716
