,training,validation,testing
smape,28.465377741438903,26.11548493846089,21.282530196494797
