,training,validation,testing
mape,23029.159471480147,16.711531099878783,21.81999079997806
