,training,validation,testing
mae,0.04720406981035536,0.049018256120428705,0.04795532373367811
