,arima,lstm,mlp,rf,svr,xgboost
0,0.00457304822911,0.005076476936618,0.0044075034390334,0.0039882300033085,0.0044756749534337,0.0046544602642358
