,arima,lstm,mlp,rf,svr,xgboost
0,0.13633144776604,0.1436396587245882,0.13384109645606,0.1273160787169918,0.1348721948376402,0.137539619771338
