,arima,lstm,mlp,rf,svr,xgboost
0,0.0676243168476405,0.0712493995526844,0.0663890310144186,0.0631524346585987,0.0669004854499112,0.0682236048903593
