,arima,lstm,mlp,rf,svr,xgboost
0,21.0792252521526,21.2825301964948,18.234156738406696,19.0083033154526,19.8231402209078,21.21125149595128
