,arima,lstm,mlp,rf,svr,xgboost
0,0.9534504655331262,0.7851779519229278,0.3778075224739582,1.0001753243390368,0.3824872814828866,1.0001975524707634
