,arima,lstm,mlp,rf,svr,xgboost
0,0.0974431662739432,0.0092751505239895,0.0034688814106474,0.5818713579480671,0.0040443103260167,0.5481593827985288
