,arima,lstm,mlp,rf,svr,xgboost
0,9.960341916990409,0.9501337987147932,0.3547968340066845,59.65417606170668,0.4140231292364226,56.19762268563386
