,training,validation,testing
smape,5.6792562906217325,1.435778294325571,0.3558535815849688
