,training,testing
rmse,1.0494842729291627,0.11467976639645597
