,training,validation,testing
smape,3.145822025229592,53.02132356866605,85.01178085985673
