,training,validation,testing
mae,0.0029069866783766754,0.0060959595637137,0.00404431032601674
