,training,validation,testing
mae,0.011282451993445375,0.02888570368190729,0.00927515052398951
