,training,validation,testing
mse,0.0001068927048635721,0.17111532903507834,0.30053806926142895
