,training,validation,testing
rmse,0.010769691564303237,0.027536845258437862,0.005192523124058171
