,training,validation,testing
mse,4.358055776762433e-05,0.19399466850846328,0.33863363751169256
