,training,validation,testing
nrmse,0.02618332162516557,0.696047722128579,14.509265877485717
