,training,testing
arv,0.9751757561989708,0.9534504655331262
