,training,validation,testing
smape,3.107684185451639,0.9039988274927123,0.41500325641272956
