,training,validation,testing
mape,3.2080443750595564,0.8573022681617276,0.4140231292364226
