,training,validation,testing
mae,0.006933971039292256,0.3323815041803306,0.5481593827985288
