,training,validation,testing
rmse,0.006601557222930384,0.44044825860532505,0.5819223638181408
