,training,validation,testing
mae,0.005158235854938192,0.009728562655282222,0.0034688814106474744
