,training,testing
mse,1.1014172391256531,0.013151448820745712
