,training,testing
smape,136.3314546989885,9.324368198024588
