,training,validation,testing
rmse,0.008812301044830764,0.021867641813564234,0.005139310166370464
