,training,validation,testing
mse,0.00047090168841446776,0.007106211752981382,0.00011001753486603349
