,training,testing
mae,1.04228205192396,0.09744316627394327
