,training,validation,testing
mape,19.902954224336987,3.708485348857684,0.9501337987147933
