,training,validation,testing
arv,0.0020981587015552364,1.5588339348879772,1.0001753243390368
