,training,validation,testing
rmse,0.010338892825809352,0.4136608865182667,0.5482135252448894
