,training,validation,testing
arv,0.023985009718967373,0.09585090364094274,0.7851779519229278
