,training,validation,testing
mse,0.00011598625639022433,0.0007582778467871517,2.6962296393878828e-05
