,training,validation,testing
rmse,0.021700269316634477,0.08429834964565666,0.010488924390328757
