,training,validation,testing
mape,3.5342565206840995,37.72769062252149,59.65417606170668
