,training,validation,testing
nrmse,0.022317216785398296,0.03679565259545736,0.13601929576149133
