,training,testing
mape,1428.8384451399738,9.960341916990407
