,training,validation,testing
smape,13.721425184603698,48.749516977234606,78.16117072463011
