,training,testing
nrmse,2.657826589522287,3.035166308001707
