,training,validation,testing
arv,0.005577569231012091,0.010782358604509528,0.37780752247395827
