,training,validation,testing
mape,23.19678602577163,35.61429491840197,56.19762268563386
