,training,validation,testing
arv,0.0055108275650044645,1.5690732958917397,1.0001975524707634
