,training,validation,testing
nrmse,0.01671849190306216,0.7411215735142944,15.401419169511978
