,training,validation,testing
nrmse,0.027274322578144113,0.0463349546486466,0.13742765384764663
