,training,validation,testing
nrmse,0.05495609060302582,0.1418448689793319,0.27760459335647053
