,training,validation,testing
mae,0.002590965940400241,0.3532602991847469,0.5818713579480671
