,training,validation,testing
mape,5.785278121621543,1.3840647642221635,0.3547968340066845
