,training,validation,testing
arv,0.003712808531992652,0.0068077436720817945,0.3824872814828866
