,training,validation,testing
smape,14.515022734791799,4.343441486103049,0.9452618400605652
