,training,validation,testing
mse,7.765664970472537e-05,0.0004781937584863428,2.64125089861588e-05
