,arima,lstm,mlp,rf,svr,xgboost
0,0.0131514488207457,0.000110017534866,2.6962296393878828e-05,0.3386336375116925,2.64125089861588e-05,0.3005380692614289
