,arima,lstm,mlp,rf,svr,xgboost
0,3.035166308001707,0.2776045933564705,0.1374276538476466,15.401419169511978,0.1360192957614913,14.509265877485715
