,arima,lstm,mlp,rf,svr,xgboost
0,0.1146797663964559,0.0104889243903287,0.0051925231240581,0.5819223638181408,0.0051393101663704,0.5482135252448894
