,arima,lstm,mlp,rf,svr,xgboost
0,9.324368198024588,0.9452618400605652,0.3558535815849688,85.01178085985673,0.4150032564127295,78.16117072463011
