,training,testing
rmse,0.12085003460811461,0.08183530143984824
