,arima,lstm,mlp,rf,svr,xgboost
frontend,0.1214881832730069,0.0818353014398482,0.0274039507520321,0.0206877117904448,0.0334723431842996,0.1681030490282759
