,training,testing
rmse,0.0410272727493606,0.03347234318429963
