,training,testing
rmse,0.18419518996279233,0.16810304902827597
