,training,testing
rmse,0.11793133753481337,0.0690651206309797
