,training,testing
rmse,0.028272086858069027,0.02413115765937095
