,arima,lstm,mlp,rf,svr,xgboost
frontend,0.1214881832730069,0.0690651206309797,0.0241311576593709,0.020789738961259,0.0319043905025443,0.1680800632293531
