,training,testing
rmse,0.03688955408328617,0.031904390502544365
