,training,testing
rmse,0.18513329441393897,0.1680800632293531
