,training,testing
rmse,0.6690053524323174,0.08132194871084243
