,training,testing
rmse,0.11564775259828523,0.1790432132327456
