,training,testing
rmse,0.01964866476441105,0.03831687674307115
