,arima,lstm,mlp,rf,svr,xgboost
frontend,0.0813219487108424,0.1790432132327456,0.0383168767430711,0.0448611642597005,0.10079636504935,0.2538840702538724
