,arima,lstm,mlp,rf,svr,xgboost
0,0.9534504655331262,0.9599561362097492,0.4971324694726812,1.0001759657587803,0.4968507599865618,1.0002002328463568
