,arima,lstm,mlp,rf,svr,xgboost
0,0.0974431662739432,0.0243750952833595,0.004947629707319,0.5808098886180971,0.0056027713375102,0.5444781105302335
