,arima,lstm,mlp,rf,svr,xgboost
0,9.960341916990409,2.500760293460828,0.5069361414883272,59.54534157841608,0.5737160383300018,55.8201747897222
