,training,validation,testing
smape,6.614575035669621,48.71729300127936,77.43299208918503
