,training,validation,testing
rmse,0.023807810582718813,0.08707304821737215,0.025200360795624998
