,training,validation,testing
nrmse,0.0161279577241794,0.7396948346461928,15.373328311418314
