,training,validation,testing
smape,2.609318071783347,1.0444494780057485,0.575607089110191
