,training,validation,testing
mae,0.0030421755756552655,0.007312948853527296,0.005602771337510259
