,training,validation,testing
arv,0.004380481071607541,0.007217413415062956,0.49685075998656186
