,training,testing
mape,1024.3268698054335,9.960341916990407
