,training,validation,testing
mse,0.0005668118447426179,0.007581715725864815,0.0006350581842296734
