,training,validation,testing
mape,8.370504881555208,35.75740621417923,55.8201747897222
