,training,validation,testing
mape,2.81554312700894,37.69236531598671,59.54534157841608
