,training,validation,testing
rmse,0.008974611395047051,0.022468699416875494,0.006389176118386576
