,training,validation,testing
smape,9.063801931313854,5.14632704013867,2.467818399201846
