,training,validation,testing
mae,0.0024828324048332927,0.3527174374921531,0.5808098886180971
