,training,validation,testing
arv,0.0024542479530873626,1.5888894758813583,1.0002002328463568
