,training,validation,testing
mse,4.3237561282567746e-05,0.16924616107627136,0.2965157731579382
