,training,validation,testing
nrmse,0.016791183947910866,0.6922356657310017,14.411845356322571
