,training,validation,testing
arv,0.002186533875506078,1.5649809432646773,1.0001759657587805
