,training,testing
mae,1.0126816434435124,0.09744316627394327
