,training,validation,testing
rmse,0.006315804120899089,0.43960034825917216,0.580860987696653
