,training,validation,testing
smape,2.594606818532703,52.91304924085859,84.79093844662664
