,training,validation,testing
mape,2.533630541817597,0.995527709239676,0.5737160383300018
