,training,testing
smape,132.1279282985098,9.324368198024588
