,training,validation,testing
rmse,0.00657552745280314,0.4113953829058748,0.5445326190026987
