,training,validation,testing
mse,8.054364969210838e-05,0.0005048424534859012,4.082157147176135e-05
