,training,testing
rmse,1.0202931197726428,0.11467976639645597
