,training,validation,testing
mae,0.006950701251423779,0.015029779701784903,0.004947629707319078
