,training,validation,testing
nrmse,0.031694024577840055,0.052468613200704554,0.1755877123297973
