,training,validation,testing
mse,0.00015404703105695183,0.000972321870832851,4.401460970004857e-05
