,training,testing
arv,0.9777282927199457,0.9534504655331262
