,training,validation,testing
arv,0.008372742277094166,0.013610193137155861,0.4971324694726812
