,training,validation,testing
smape,6.094360672692533,2.0735465621890556,0.5056507734552869
