,training,validation,testing
mae,0.011013325204813103,0.037253622132816876,0.024375095283359526
