,training,validation,testing
arv,0.03070988492752542,0.09952155978120433,0.9599561362097493
