,training,validation,testing
nrmse,0.022917454436451507,0.03780702396095965,0.169098810537997
