,training,validation,testing
mape,5.892684509047496,2.0114388867437576,0.5069361414883272
