,training,validation,testing
mse,3.988938169356592e-05,0.19324846618958544,0.33739948702793127
