,training,validation,testing
mape,9.620937674486969,4.513316136549595,2.500760293460828
