,training,validation,testing
rmse,0.012411568436622014,0.031182076114858855,0.0066343507368881675
