,training,testing
mse,1.0409980502553926,0.013151448820745712
