,training,testing
nrmse,2.6054076388331366,3.035166308001707
