,training,validation,testing
mae,0.003975794205371381,0.33188758767897647,0.5444781105302335
