,training,validation,testing
nrmse,0.06079532474935266,0.14651372379103936,0.6669640900029932
