,arima,lstm,mlp,rf,svr,xgboost
0,0.0131514488207457,0.0006350581842296,4.401460970004857e-05,0.3373994870279312,4.082157147176135e-05,0.2965157731579382
