,arima,lstm,mlp,rf,svr,xgboost
0,3.035166308001707,0.6669640900029932,0.1755877123297973,15.373328311418314,0.169098810537997,14.411845356322573
