,arima,lstm,mlp,rf,svr,xgboost
0,0.1146797663964559,0.0252003607956249,0.0066343507368881,0.580860987696653,0.0063891761183865,0.5445326190026987
