,arima,lstm,mlp,rf,svr,xgboost
0,9.324368198024588,2.467818399201846,0.5056507734552869,84.79093844662664,0.575607089110191,77.43299208918503
