,arima,lstm,mlp,rf,svr,xgboost
0,7.147808659586063,1.0204618839371409,0.3269840509181542,0.2988387552099141,0.3307539969028911,1.176206494672559
