,arima,lstm,mlp,rf,svr,xgboost
0,0.0634934106847581,0.0466898648277239,0.0249060856285257,0.0261313348207735,0.0208046157852547,0.0397358275812845
