,arima,lstm,mlp,rf,svr,xgboost
0,38.03810889704853,26.286193214285543,12.338301296364367,14.273563595308763,10.285030398177945,25.528971414660155
