,training,validation,testing
rmse,0.03647460207492725,0.05349426463243219,0.03899549933792881
