,training,validation,testing
smape,6.3949363584291845,7.318400164157797,12.962384131259942
