,training,validation,testing
smape,6.058231909441694,6.624792062025028,9.620759380032768
