,training,validation,testing
mse,0.0011099157897803678,0.0028755844255198256,0.0015125138230942176
