,training,validation,testing
mae,0.020162766094056286,0.04960189398855024,0.03973582758128459
