,training,validation,testing
nrmse,0.03331539868859996,0.08335795637989651,0.09905887874654713
