,training,validation,testing
arv,0.06824259669749752,0.12585463867769747,0.33075399690289115
