,training,testing
rmse,0.18409072793292322,0.07642408384885259
