,training,validation,testing
smape,12.936494107136445,12.958538989949187,20.70586196044952
