,training,validation,testing
mse,0.0034287138247594802,0.006015303826325965,0.0034175986238400755
