,training,validation,testing
mse,0.0012475224836463114,0.004613734115805627,0.0028487084479466174
