,training,validation,testing
mse,0.0013526147537786081,0.0028536300587124943,0.0014929535469610058
