,training,validation,testing
arv,0.05829511599607779,0.1306155158552598,0.29883875520991415
