,training,validation,testing
nrmse,0.03647460207492725,0.0831555459561063,0.09932491853288737
