,training,validation,testing
mape,5328.919888829495,6.842480262125158,10.285030398177943
