,training,validation,testing
mape,47340.31735366671,10.91779388599551,25.528971414660155
