,training,validation,testing
mse,0.0013303965965242872,0.0028616363485646857,0.0015206489686144062
