,training,validation,testing
rmse,0.03677791122098437,0.05341937905584915,0.03863875705766175
