,training,validation,testing
arv,0.06919077510627362,0.13602246603780135,0.32698405091815425
