,training,validation,testing
rmse,0.03331539868859996,0.053624475992962634,0.03889105068128422
