,training,testing
smape,37.79789443495038,27.729406681667534
