,training,validation,testing
mae,0.019826041277080493,0.03155844294621423,0.02613133482077353
