,training,validation,testing
nrmse,0.03677791122098437,0.08303913813093498,0.09841626500808694
