,training,validation,testing
arv,0.07077203070394691,0.3320482342554632,1.176206494672559
