,training,validation,testing
nrmse,0.0353202843086846,0.10558695826560975,0.13594640685223017
