,training,testing
mse,0.033889396110873556,0.005840640592136452
