,training,testing
arv,2.564424379877304,7.147808659586063
