,training,validation,testing
arv,0.17658782313694746,0.2879360521570412,1.0204618839371409
