,training,validation,testing
mae,0.04455179727842405,0.05672414047467474,0.046689864827723936
