,training,validation,testing
nrmse,0.05855522030322728,0.12056264892162469,0.14890327840500955
