,training,validation,testing
mape,5481.476956562872,7.578532792639208,12.338301296364369
