,training,validation,testing
mape,49551.84144269771,14.10244389347875,26.286193214285543
