,training,validation,testing
mae,0.02330252736699051,0.032320718216003436,0.024906085628525743
