,training,testing
nrmse,0.18409072793292322,0.19465876911735455
