,training,testing
mape,63893.464927758614,38.03810889704853
