,training,validation,testing
mae,0.019048714656565133,0.029267071939498807,0.02080461578525476
