,training,validation,testing
smape,6.490959897995594,10.871837071258845,18.781809255486532
