,training,validation,testing
smape,7.290404295530682,7.447206529482944,11.634313342661894
