,training,validation,testing
rmse,0.05855522030322728,0.0775583897868307,0.058460231130573505
