,training,validation,testing
mape,29389.454438443092,7.486603879126647,14.273563595308763
