,training,validation,testing
rmse,0.0353202843086846,0.06792447361449058,0.05337329339610417
