,training,testing
mae,0.13620359075981436,0.06349341068475814
