,arima,lstm,mlp,rf,svr,xgboost
0,0.0058406405921364,0.00341759862384,0.0015206489686144,0.0015125138230942,0.001492953546961,0.0028487084479466
