,arima,lstm,mlp,rf,svr,xgboost
0,0.1946587691173545,0.1489032784050095,0.0993249185328873,0.0990588787465471,0.0984162650080869,0.1359464068522301
