,arima,lstm,mlp,rf,svr,xgboost
0,0.0764240838488525,0.0584602311305735,0.0389954993379288,0.0388910506812842,0.0386387570576617,0.0533732933961041
