,arima,lstm,mlp,rf,svr,xgboost
0,27.72940668166753,20.70586196044952,11.634313342661894,12.962384131259942,9.620759380032768,18.78180925548653
