,training,testing
mape,68.32502419457153,153.78665694545575
