,training,testing
nrmse,0.19639285557942304,0.42915718808104275
