,training,testing
mae,0.14015123005729033,0.010311496430993262
