,training,testing
smape,113.33441587048674,56.365154932758976
