,training,testing
arv,1.9461483424334414,1.8532453897552248
