,training,testing
mse,0.037502909549337445,0.00016750326647716097
