,training,testing
rmse,0.19365667958874397,0.01294230529995182
