,arima,lstm,mlp,rf,svr,xgboost
0,1.12913624703298,1.1168351937063663,0.0027781209273273,1.0880998425615305,0.0046432356188434,1.0376958811477366
