,arima,lstm,mlp,rf,svr,xgboost
0,1.8532453897552248,0.2417411169341853,0.0467674991535433,0.7912016404289605,1.015033353816024,1.0006614097603472
