,training,validation,testing
rmse,0.019276908384366517,0.01975508360812169,0.030863063587151376
