,training,validation,testing
arv,0.1003023766854845,0.03132773090288824,0.004643235618843449
