,training,validation,testing
smape,3.7461913109826335,2.8109494224767544,2.970667571943817
