,training,validation,testing
mse,0.00610798744915887,0.00023752695717824888,0.0005930566015272547
