,training,validation,testing
nrmse,0.08198467396548473,0.45031612442480734,0.8075191365539076
