,training,validation,testing
arv,0.5723755742808371,1.272566410084935,1.1168351937063663
