,training,testing
mape,107.61615910847733,786.2756275576818
