,training,testing
rmse,0.2010721257836166,0.06785950685214287
