,training,validation,testing
mae,0.03174647645512531,0.013546574319407626,0.022983707996988924
