,training,validation,testing
rmse,0.0781536144343873,0.01541190958895908,0.024352753469110113
