,training,validation,testing
smape,16.014948596414413,41.133294136215646,87.10928035148832
