,training,validation,testing
arv,0.02477738627167927,1.2563687013826765,1.0880998425615305
