,training,testing
arv,5.0092871796654705,1.12913624703298
