,training,validation,testing
mae,0.004181926972651273,0.017629059173412853,0.029587253988378207
