,training,validation,testing
rmse,0.026852933013963506,0.034442004914574116,0.046076589160287534
