,training,validation,testing
rmse,0.037295651082335735,0.0015699111307351658,0.0005941481040180052
