,training,validation,testing
mape,2.843998249942025,135.12886876978416,484.9586719295513
