,training,validation,testing
mae,0.006992349452255144,0.03326219694490468,0.04523194637901602
