,training,validation,testing
mse,0.00037159919685926014,0.0003902633283638783,0.0009525286939845491
