,training,validation,testing
mae,0.012594278168446462,0.0007896338010214952,0.0002986831149090465
