,training,validation,testing
smape,2.793432650708222,74.90157719224038,117.02155741806732
