,training,validation,testing
mape,1.3418824959646753,2.8750131844140943,4.890548518223481
