,training,validation,testing
mae,0.005073509203917916,0.0007877762653066609,0.00048140360719969145
