,training,validation,testing
mse,0.0022886832842520643,2.7851618902958666e-06,2.1834743940675657e-07
