,training,validation,testing
nrmse,0.028169253259746035,1.0063509703990363,1.5278653209075563
