,training,validation,testing
mape,14.163187141522847,59.49330897234228,266.22323970484814
