,training,validation,testing
arv,0.16675980564443005,0.03369305279905247,0.002778120927327329
