,training,testing
mse,0.04042999976714254,0.004604912670216024
