,training,validation,testing
smape,1.1938738179188872,49.562510880149176,97.71226119932717
