,training,validation,testing
mse,0.0013909655896553305,2.4646209584061664e-06,3.530119695081903e-07
