,training,testing
mae,0.15765945364729478,0.05835627831121393
