,training,validation,testing
mse,0.0007210800114524112,0.0011862517025355477,0.0021230520686459265
