,training,validation,testing
mape,1.2165793586162705,76.39917931343867,338.78894508677587
