,training,validation,testing
nrmse,0.02022185487379625,0.5772180687116422,1.02339616302187
