,training,validation,testing
nrmse,0.05018529192603979,0.0487625341374493,0.015494544098558135
