,training,validation,testing
arv,0.04948614902614266,1.0721979866672315,1.0376958811477366
