,training,validation,testing
rmse,0.04784018482669213,0.0016688804301974022,0.0004672766197946957
