,training,testing
smape,80.92406392348406,115.25750306866449
