,training,validation,testing
smape,1.5001339017207482,2.8223166300432827,4.563297408423299
