,training,validation,testing
mape,3.836483696919446,2.812339426711535,2.934668689020358
