,training,testing
nrmse,0.21092860253771548,2.250170620325291
