,training,validation,testing
nrmse,0.039123869272646314,0.04587077882876256,0.0197015078623589
