,training,testing
rmse,0.056380273996077604,0.005987992820919081
