,training,testing
mape,11.344107410487247,66.60696742232727
