,training,testing
smape,11.516564082268937,75.14590209279012
