,training,testing
nrmse,0.05717687111001956,0.19855737457257097
