,training,testing
mae,0.021631382444164567,0.005597371060308945
