,training,testing
mse,0.0031787352958727844,3.585605802337846e-05
