,training,testing
arv,0.20936927827776908,0.24174111693418535
