,arima,lstm,mlp,rf,svr,xgboost
0,0.0583562783112139,0.0229837079969889,0.000298683114909,0.0295872539883782,0.0004814036071996,0.045231946379016
