,arima,lstm,mlp,rf,svr,xgboost
0,0.0103114964309932,0.0055973710603089,0.0016792877381767,0.0033371000238479,0.0969567935681903,0.3416912568367021
