,arima,lstm,mlp,rf,svr,xgboost
0,153.78665694545575,66.60696742232727,25.590636155368017,66.09245008617556,997.6107867392892,3252.4068822235904
