,arima,lstm,mlp,rf,svr,xgboost
0,786.2756275576818,266.22323970484814,2.934668689020358,338.78894508677587,4.890548518223481,484.9586719295513
