,training,testing
mse,0.002135047287803598,4.801242674959325e-06
