,training,testing
mape,5.060441772131434,25.590636155368017
