,training,testing
nrmse,0.04685942474841297,0.07265768887506785
