,training,testing
smape,4.970693304153503,33.84075098141544
