,training,testing
arv,0.1361845397667534,0.04676749915354338
