,training,testing
mae,0.013188847614205426,0.0016792877381767567
