,arima,lstm,mlp,rf,svr,xgboost
0,0.004604912670216,0.0005930566015272,2.1834743940675657e-07,0.0009525286939845,3.530119695081903e-07,0.0021230520686459
