,arima,lstm,mlp,rf,svr,xgboost
0,0.0001675032664771,3.585605802337846e-05,4.801242674959325e-06,2.9391176673578928e-05,0.0095566285731165,0.1168301365161741
