,arima,lstm,mlp,rf,svr,xgboost
0,2.250170620325291,0.8075191365539076,0.0154945440985581,1.02339616302187,0.0197015078623589,1.5278653209075563
