,arima,lstm,mlp,rf,svr,xgboost
0,0.4291571880810427,0.1985573745725709,0.0726576888750678,0.1797683521289985,3.241582687945779,11.333973498448357
