,training,testing
arv,0.012500792354143345,0.7912016404289605
