,training,testing
mse,0.00021825181079724665,2.9391176673578928e-05
