,training,testing
mae,0.0028240322764860938,0.0033371000238479483
