,training,testing
mape,1.048347410026696,66.09245008617556
