,training,testing
nrmse,0.014982080680843123,0.17976835212899858
