,training,testing
rmse,0.014773347988768377,0.005421362990390787
