,training,testing
smape,1.030088029922823,29.826604406619513
