,arima,lstm,mlp,rf,svr,xgboost
0,0.0678595068521428,0.0243527534691101,0.0004672766197946,0.0308630635871513,0.000594148104018,0.0460765891602875
