,arima,lstm,mlp,rf,svr,xgboost
0,0.0129423052999518,0.005987992820919,0.0021911738121288,0.0054213629903907,0.0977580102759694,0.3418042371243724
