,arima,lstm,mlp,rf,svr,xgboost
0,56.365154932758976,75.14590209279012,33.84075098141544,29.826604406619516,148.14730983740313,181.7308264751889
