,arima,lstm,mlp,rf,svr,xgboost
0,115.25750306866448,87.10928035148832,2.970667571943817,97.71226119932716,4.563297408423299,117.02155741806732
