,training,testing
smape,59.48043724435509,148.14730983740313
