,training,testing
arv,0.35025390429365355,1.0150333538160239
