,training,testing
mae,0.08504906019925396,0.09695679356819033
