,training,testing
mse,0.0077365812240229575,0.009556628573116547
