,training,testing
mape,118.56681078365858,997.6107867392891
