,training,testing
nrmse,0.08920059440057317,3.241582687945779
