,training,testing
mape,435.7525484729572,3252.4068822235904
