,training,testing
mse,0.06428506953351101,0.11683013651617419
