,training,testing
nrmse,0.2571273433230444,11.333973498448357
