,training,testing
smape,99.66311286068355,181.7308264751889
