,training,testing
mae,0.2429636782016494,0.3416912568367021
