,training,testing
arv,1.1399178865415687,1.0006614097603472
