,training,testing
rmse,0.6020956885173249,0.12197171980122133
