,training,testing
rmse,0.5538943511673554,0.6758116149622418
