,arima,lstm,mlp,rf,svr,xgboost
frontend,0.1219717198012213,0.6758116149622418,0.0289284655777847,0.0264660071291392,0.0714584402081661,0.3161743173708715
