,training,testing
rmse,0.04040510104496452,0.07145844020816618
