,arima,lstm,mlp,rf,svr,xgboost
0,1.326691270915524,1.1558385778124918,1.317726887625102,1.329774698553886,1.1027256845866265,1.3156067438384689
