,arima,lstm,mlp,rf,svr,xgboost
0,0.3021935631849862,0.4247895090333043,0.4187334081510743,0.3000917995648494,0.1063520429217407,0.2435897090161293
