,arima,lstm,mlp,rf,svr,xgboost
0,54.48842074262858,82.9474602562849,74.12511488964793,54.04165031863423,17.613554423161997,43.86959802345069
