,training,validation,testing
mse,0.0012699009600358531,0.00684117256155254,0.2085940283130612
