,training,validation,testing
mape,7454.104987335058,14.058357669182111,43.86959802345069
