,training,validation,testing
smape,37.31540169286347,60.698062299054875,142.4933735195546
