,training,validation,testing
rmse,0.022967502658722484,0.022176531823699618,0.49278644129651555
