,training,validation,testing
arv,0.8355752834640283,0.22962001920255207,1.3156067438384689
