,training,validation,testing
mape,3727.541237088817,12.659290970562864,74.12511488964793
