,training,validation,testing
smape,16.844624119979837,9.73458816405527,20.186804615354642
