,training,validation,testing
mape,13350.16364939488,44.95513475731561,82.9474602562849
