,training,validation,testing
mse,0.0005275061783784244,0.0004917985637275619,0.24283847672568415
