,training,validation,testing
mae,0.00930355443710782,0.010553336012437832,0.10635204292174073
