,training,validation,testing
mse,0.0004164765343537738,0.0005463865481881549,0.11975297771927908
