,training,validation,testing
mse,0.0005707853896041155,0.000611093424362707,0.07957708745092375
