,training,testing
mse,0.020513218025771916,0.12112901769227939
