,training,validation,testing
nrmse,0.04931678839277365,0.10296238462489693,0.43450655124189475
