,training,validation,testing
smape,15.140548018000835,13.984548072199187,77.92143630632415
