,training,testing
nrmse,0.34611180822210164,0.43699580299684615
