,training,validation,testing
rmse,0.03563566977111351,0.08271138108841213,0.45672095234734
