,training,testing
mape,46364.86522987626,54.48842074262858
