,training,validation,testing
arv,0.6888581207526512,0.23181071757439914,1.317726887625102
