,training,validation,testing
smape,23.04545251153379,14.746517453427387,58.4520444987768
