,training,validation,testing
nrmse,0.05467516198134218,0.08049357107723107,0.1778081979453422
