,training,validation,testing
rmse,0.022625102743311414,0.018273957148211457,0.1416115290790873
