,training,testing
mae,0.14040889734762374,0.3021935631849862
