,training,validation,testing
mae,0.008342783272145455,0.016404227500768198,0.30009179956484944
