,training,testing
smape,112.14320802674924,78.77076714559857
