,training,validation,testing
arv,382.559049124327,1.6421025462140737,1.1558385778124918
