,training,testing
arv,1.067750963172637,1.326691270915524
