,training,validation,testing
nrmse,0.05773457088753372,0.10888859604947645,0.3541988837416818
