,training,testing
rmse,0.14322436254273194,0.3480359431039837
