,training,validation,testing
mae,0.021792525844655217,0.06651520270036727,0.4247895090333043
