,training,validation,testing
nrmse,0.08611611797543085,0.36432910390115836,0.5734612854537254
