,training,validation,testing
arv,0.5506182208419865,0.21586370172433889,1.329774698553886
