,training,validation,testing
arv,0.5478295148928646,0.12143665833653117,1.1027256845866265
