,training,validation,testing
mse,0.0005118952741453976,0.0003339375098546686,0.020053825168117188
