,training,validation,testing
mae,0.012271328961993067,0.017634276830833216,0.2435897090161293
