,training,validation,testing
mae,0.011822528388327532,0.015931680101038927,0.41873340815107435
