,training,validation,testing
nrmse,0.05550259560893233,0.09768372696289011,0.6187453074523098
