,training,validation,testing
mape,1955.2024015714562,9.63663346641569,17.613554423161997
