,training,validation,testing
smape,22.370924353246295,13.045125025389549,128.8247685236695
