,training,validation,testing
mape,1714.267761198051,13.535231044526745,54.041650318634225
