,training,validation,testing
rmse,0.020407756720271186,0.02337491279530589,0.34605343188484505
