,training,validation,testing
rmse,0.023891115285898972,0.02472030388896356,0.2820941109823524
