,arima,lstm,mlp,rf,svr,xgboost
0,0.1211290176922793,0.2085940283130612,0.2428384767256841,0.119752977719279,0.0200538251681171,0.0795770874509237
