,arima,lstm,mlp,rf,svr,xgboost
0,0.4369958029968461,0.5734612854537254,0.6187453074523098,0.4345065512418947,0.1778081979453422,0.3541988837416818
