,arima,lstm,mlp,rf,svr,xgboost
0,0.3480359431039837,0.45672095234734,0.4927864412965155,0.346053431884845,0.1416115290790873,0.2820941109823524
