,arima,lstm,mlp,rf,svr,xgboost
0,78.77076714559857,142.4933735195546,128.8247685236695,77.92143630632415,20.18680461535464,58.4520444987768
