,arima,lstm,mlp,rf,svr,xgboost
0,1.408891848108483,1.6989357435505943,0.4541820394419913,0.5358346027252852,0.5967182863959518,0.5052707797315306
