,arima,lstm,mlp,rf,svr,xgboost
0,0.1411502460528371,0.1097578641839928,0.0399642397430882,0.0440582695005302,0.0393166404489735,0.0459714937543649
