,arima,lstm,mlp,rf,svr,xgboost
0,72.68999600592618,56.31627007817072,17.35779524904272,19.286694912837643,16.487252570712783,19.190641862247293
