,training,validation,testing
nrmse,0.1512901433192015,0.19013534857152184,0.2813434338631511
