,training,validation,testing
rmse,0.04181425845445333,0.06246431877291911,0.0640785412827685
