,training,validation,testing
arv,0.15682370285973982,0.5746284982765278,0.4541820394419913
