,training,validation,testing
smape,16.232269103612033,14.038722373262704,15.817407733448222
