,training,testing
mse,0.029157048959934997,0.024246949869497582
