,training,validation,testing
mae,0.026854134313925006,0.04385739859554379,0.04405826950053026
