,training,validation,testing
arv,0.08736253112777322,0.7770616941583551,0.5052707797315306
