,training,validation,testing
mae,0.10971382135625445,0.06748613241594072,0.1097578641839928
