,training,validation,testing
mse,0.022888707465544528,0.008070479990611706,0.01551926194855227
