,training,validation,testing
arv,0.0814942079094681,0.6248912103972,0.5358346027252852
