,training,validation,testing
arv,10.002816839566153,10.34409981296376,1.6989357435505945
