,training,validation,testing
arv,0.18736156038870208,0.8044132508544655,0.5967182863959518
