,training,validation,testing
mse,0.003709872533578538,0.0041596467099386655,0.0029413700995912875
