,training,validation,testing
mae,0.028045918508227328,0.048512577130996104,0.04597149375436491
