,training,validation,testing
mape,9858.47528314533,12.8663994271249,19.286694912837643
