,training,validation,testing
nrmse,0.04181425845445333,0.13220418117904836,0.14471510654673309
