,training,validation,testing
mape,74655.35351060056,19.6605199214708,56.31627007817072
