,training,testing
nrmse,0.17075435268225228,0.351665536575214
