,training,validation,testing
nrmse,0.05882152937740121,0.13203699089085227,0.12016005941740826
