,training,validation,testing
nrmse,0.04216399194276432,0.11777485933769455,0.13771497308165756
