,training,validation,testing
smape,39.022541061478336,18.399439029276397,39.789561521109505
