,training,testing
rmse,0.17075435268225228,0.1557143213371769
