,training,validation,testing
mae,0.0407909920780155,0.050482259448194046,0.039316640448973504
