,training,validation,testing
nrmse,0.060908722967884805,0.13650275158974393,0.12248307715790795
