,training,validation,testing
smape,13.166770012557166,13.395190015648998,19.502848113864506
