,training,testing
smape,41.85803344038414,47.908986524683854
