,training,validation,testing
rmse,0.060908722967884805,0.06449532316330127,0.05423439959648569
