,training,validation,testing
mape,19585.577424078034,14.761374744548592,19.190641862247293
