,training,validation,testing
mse,0.001777802216549495,0.0030965551773584083,0.0037184317881638826
