,training,validation,testing
smape,17.452837702225445,13.80881923923023,16.399289616118505
