,training,testing
arv,7.886930705670733,1.408891848108483
