,training,validation,testing
smape,10.909374149379964,12.293660506906317,18.125940674154744
