,training,validation,testing
mae,0.042388274744431347,0.04949661778443345,0.03996423974308824
