,training,validation,testing
rmse,0.1512901433192015,0.08983585025262301,0.12457632980848436
