,training,testing
mape,89354.88984185217,72.68999600592618
