,training,validation,testing
mse,0.0034599723182964738,0.003891928661734305,0.0028308559124340144
