,training,testing
mae,0.12396403619750662,0.14115024605283719
