,training,validation,testing
mse,0.0017484322100958217,0.0039017911197648542,0.004106059452927467
