,training,validation,testing
rmse,0.04216399194276432,0.05564669960885738,0.06097894544975243
