,training,validation,testing
rmse,0.05882152937740121,0.06238532408935859,0.05320578833580059
