,training,validation,testing
mape,8351.49699721118,14.347099434296126,16.487252570712783
