,training,validation,testing
mape,7678.680471937834,14.411442525122226,17.35779524904272
