,arima,lstm,mlp,rf,svr,xgboost
0,0.0242469498694975,0.0155192619485522,0.002830855912434,0.0037184317881638,0.0029413700995912,0.0041060594529274
