,arima,lstm,mlp,rf,svr,xgboost
0,0.351665536575214,0.2813434338631511,0.1201600594174082,0.1377149730816575,0.1224830771579079,0.144715106546733
