,arima,lstm,mlp,rf,svr,xgboost
0,0.1557143213371769,0.1245763298084843,0.0532057883358005,0.0609789454497524,0.0542343995964856,0.0640785412827685
