,arima,lstm,mlp,rf,svr,xgboost
0,47.908986524683854,39.78956152110951,16.399289616118505,18.125940674154744,15.817407733448222,19.502848113864506
