,training,testing
rmse,0.1536155683977597,0.09266763226192841
