,training,testing
rmse,0.02221158549935922,0.044522380143731694
