,training,testing
rmse,0.0785342670589267,0.07007743806551343
