,training,testing
rmse,0.1983613937493672,0.2059238273624882
