,training,testing
rmse,0.08065593056749246,0.24166653220550996
