,training,testing
rmse,0.06942219954148654,0.032761720755155786
