,training,testing
rmse,0.021768267682893763,0.18133744696485019
