,arima,lstm,mlp,rf,svr,xgboost
frontend,0.2059238273624882,0.2416665322055099,0.0327617207551557,0.1813374469648501,0.3866101976478424,0.2713726405008027
