,training,testing
rmse,0.05389740730938852,0.38661019764784244
