,training,testing
rmse,0.0879122197888999,0.2713726405008027
