,training,testing
arv,3.2420757748163855,10.142554250486638
