,training,testing
nrmse,0.30034642421909075,0.22429382931404432
