,training,testing
mse,0.09020797454119403,0.014759378674975726
