,training,testing
mae,0.23243787283166553,0.09504320909939368
