,training,testing
mape,14749.398689762806,36.397540817363485
