,training,testing
smape,61.980686592494564,34.031265457503956
