,arima,lstm,mlp,rf,svr,xgboost
0,10.142554250486638,3.343163755907632,0.0459830564445023,0.0038520354869844,0.0811912037806937,1.2446078357248314
