,arima,lstm,mlp,rf,svr,xgboost
0,6.761686384323604,0.0459037534398538,0.0285861748495321,0.0297208835361361,0.0279200836276421,0.0332973852316643
