,training,validation,testing
mse,0.0006255405455059117,0.0002926654180303,0.00037155833961092453
