,training,validation,testing
nrmse,0.03184095577770625,0.08324204775013436,0.04572985174799848
