,training,validation,testing
smape,5.879493346928977,7.200986218776406,5.897616456093879
