,training,validation,testing
nrmse,0.02501080857361296,0.061079760582683905,0.03558744382698766
