,training,validation,testing
mse,0.00036873835754669355,0.0003273026167605188,0.00039684332436595887
