,training,validation,testing
rmse,0.01920256122361529,0.018091506757606422,0.019920926794854674
