,training,validation,testing
mae,0.020232218176941708,0.014738827706619816,0.016399414843142706
