,training,validation,testing
mape,3213.864074510412,10.06656230321302,7.975732330336251
