,training,validation,testing
smape,5.457252106046996,7.125310698028412,5.8250921252967744
