,training,validation,testing
nrmse,0.027626745026631632,0.0649625432398657,0.03821342996499311
