,training,testing
arv,1.9965666105132793,6.761686384323604
