,training,testing
mae,0.2930694052095093,0.0978802799430022
