,training,validation,testing
arv,0.006087934920655713,0.08432334919534008,0.02972088353613613
