,training,validation,testing
mse,0.0010138464648378452,0.0005435784948511215,0.0006135260552137985
