,training,validation,testing
mae,0.025061986312694916,0.01860045490712911,0.01982805132170611
