,training,testing
rmse,0.35017123990164467,0.12501276533209796
