,training,validation,testing
mse,0.0006050960104640035,0.00028105730341055544,0.0003621101039034433
