,training,validation,testing
mae,0.014663638205320783,0.014478309778387285,0.015882012133200275
