,training,validation,testing
smape,7.147993985355836,8.030384216147635,6.496130999243034
