,training,validation,testing
arv,0.009940592402911072,0.07705907957550182,0.027920083627642128
