,training,validation,testing
arv,0.010310637417800722,0.0792037456742077,0.02858617484953213
