,training,validation,testing
mape,1589.8266265372017,7.612339626128731,6.168476026228851
