,training,validation,testing
mape,1231.1289150657744,7.290478631594264,5.934882347329177
