,training,validation,testing
mae,0.019239668211610782,0.013697031172632951,0.015303687528263934
