,training,validation,testing
mse,0.0007632370407665155,0.0003310570143124403,0.0004284157868778679
