,training,testing
smape,73.8610871771985,35.14511959134847
