,training,validation,testing
mape,8370.136714999828,8.248380424143395,6.623497728510895
