,training,testing
mape,18822.98735280824,36.097029720344956
