,training,validation,testing
rmse,0.024598699365291726,0.016764763744549323,0.019029190836802372
