,training,validation,testing
rmse,0.027626745026631632,0.018194972226206894,0.020698207334884533
