,training,validation,testing
mape,1708.197260213232,7.16226272467346,5.82699555340618
