,training,validation,testing
nrmse,0.01920256122361529,0.06459313459805914,0.03677839962642255
