,training,validation,testing
rmse,0.02501080857361296,0.01710746673328053,0.01927584860935893
