,training,validation,testing
smape,7.2706009921389745,9.487941270534177,7.583826915317876
