,training,testing
nrmse,0.35017123990164467,0.23080098075435065
