,training,validation,testing
arv,0.013445996962892224,0.09757545278042477,0.0332973852316643
