,training,validation,testing
rmse,0.03184095577770625,0.023314769886300005,0.024769458113043135
