,training,validation,testing
mae,0.018766529905752866,0.013526312011617105,0.015084220739080226
