,training,testing
mse,0.12261989725425518,0.015628191495978192
