,training,validation,testing
nrmse,0.024598699365291726,0.05985618862845932,0.035132059485512575
