,training,validation,testing
smape,4.280972420573381,7.597466007778405,6.16046721494207
