,training,validation,testing
arv,0.01620997284805771,0.13525229047747428,0.045903753439853895
