,training,testing
rmse,0.21757637288427292,0.11006462464689994
