,training,testing
mae,0.17929195875696244,0.0947071752242141
