,training,testing
nrmse,0.21757637288427292,0.20320343484427764
