,training,testing
arv,10.6439931635448,3.343163755907632
