,training,testing
mse,0.04733947803747617,0.012114221598662973
