,training,testing
smape,47.97103636951243,33.73171790799325
