,training,testing
mape,17009.48925206818,47.3845684444095
