,arima,lstm,mlp,rf,svr,xgboost
0,0.0978802799430022,0.0198280513217061,0.0153036875282639,0.0158820121332002,0.0150842207390802,0.0163994148431427
