,arima,lstm,mlp,rf,svr,xgboost
0,0.0950432090993936,0.0947071752242141,0.0196716213478511,0.0150177724583348,0.0245702442081508,0.1494653246308886
