,arima,lstm,mlp,rf,svr,xgboost
0,36.09702972034496,7.975732330336251,5.934882347329177,6.168476026228851,5.82699555340618,6.623497728510895
