,arima,lstm,mlp,rf,svr,xgboost
0,36.397540817363485,47.3845684444095,7.4380392948502,4397.37399680622,10.31108634708458,75.1768942571447
