,training,testing
arv,0.012752455484226889,0.04598305644450232
