,training,testing
mse,0.0007692223616476876,0.0006107000990425061
