,training,testing
nrmse,0.027734858240987776,0.04562441228763549
