,training,testing
mae,0.021420474614050677,0.019671621347851102
