,training,testing
rmse,0.027734858240987776,0.024712347096998013
