,training,testing
mape,1034.9246008784921,7.4380392948502
