,training,testing
smape,7.1305689438084405,7.550589592873832
