,arima,lstm,mlp,rf,svr,xgboost
0,0.0147593786749757,0.0121142215986629,0.0006107000990425,0.0004284902630878,0.0009823246547689,0.0282530135871577
