,arima,lstm,mlp,rf,svr,xgboost
0,0.0156281914959781,0.0006135260552137,0.0003715583396109,0.0003968433243659,0.0003621101039034,0.0004284157868778
