,arima,lstm,mlp,rf,svr,xgboost
0,0.2308009807543506,0.0457298517479984,0.0355874438269876,0.0367783996264225,0.0351320594855125,0.0382134299649931
