,arima,lstm,mlp,rf,svr,xgboost
0,0.2242938293140443,0.2032034348442776,0.0456244122876354,0.020700006354778,0.0578643141674059,0.3103242232932747
