,training,testing
arv,0.0006417770730493841,0.003852035486984402
