,training,testing
mse,6.458327663746442e-05,0.0004284902630878532
