,training,testing
nrmse,0.008233119446419615,0.02070000635477809
