,training,testing
rmse,0.00803637210670738,0.02070000635477809
