,training,testing
smape,3.9195917706633354,11.411350439268157
