,arima,lstm,mlp,rf,svr,xgboost
0,0.1214881832730069,0.1100646246468999,0.024712347096998,0.020700006354778,0.0313420588789086,0.1680863277817613
