,arima,lstm,mlp,rf,svr,xgboost
0,0.1250127653320979,0.0247694581130431,0.0192758486093589,0.0199209267948546,0.0190291908368023,0.0206982073348845
