,arima,lstm,mlp,rf,svr,xgboost
0,34.03126545750396,33.73171790799325,7.550589592873832,11.411350439268157,9.504277143476756,47.14604867107959
