,arima,lstm,mlp,rf,svr,xgboost
0,35.14511959134847,7.583826915317876,5.897616456093879,6.16046721494207,5.8250921252967744,6.496130999243034
