,training,testing
mape,5845.288814300386,10.311086347084581
