,training,testing
smape,11.188604518343134,9.504277143476756
