,training,testing
nrmse,0.03767761210425311,0.05786431416740596
