,training,testing
mae,0.030305049696356074,0.02457024420815082
