,training,testing
arv,0.02381678419040983,0.08119120378069372
