,training,testing
mse,0.0014196024538785607,0.0009823246547689777
