,training,testing
smape,45.46731304993909,47.14604867107959
