,training,testing
mae,0.1608722311258915,0.14946532463088863
