,training,testing
mse,0.03426503380753068,0.02825301358715773
