,training,testing
mape,21903.975067679155,75.1768942571447
