,training,testing
nrmse,0.18510816785741974,0.31032422329327475
