,training,testing
rmse,0.18510816785741974,0.16808632778176139
