,training,testing
arv,3.940789318576736,1.2446078357248314
