,arima,lstm,mlp,rf,svr,xgboost
0,1.2283507614776534,1.1587209824762688,0.956874867142027,1.1850186178504414,1.056064276132758,1.054640168340992
