,arima,lstm,mlp,rf,svr,xgboost
0,0.0842646211150261,0.1605428328833972,0.0590767710641091,0.1534593134809119,0.0472430270915745,0.3375451862067968
