,arima,lstm,mlp,rf,svr,xgboost
0,110989.68454131734,216265.32356419732,17089.51944642867,216098.1170862049,66503.53306951144,380907.1237015791
