,training,validation,testing
mse,0.0004919079689383823,0.0016888682105457749,0.027747252691736068
