,training,validation,testing
nrmse,0.14968657041510283,0.10380555474978188,0.5692514496155823
