,training,validation,testing
smape,2.9431964067626604,10.315442128783088,115.15047991475136
