,training,testing
mse,0.36193913373914477,0.00922871097950789
