,training,validation,testing
smape,11.759193891427739,11.361304226958827,83.22070199596725
