,training,validation,testing
smape,4.287112718798983,6.92268397852048,65.39337170497352
