,training,testing
arv,1.2007696974584523,1.2283507614776534
