,training,validation,testing
rmse,0.026912985466507635,0.036132237536139145,0.058615530578550866
