,training,validation,testing
arv,0.015062423399004156,0.10299775158749826,1.1850186178504414
