,training,validation,testing
mae,0.015434225775207698,0.03904939125875661,0.33754518620679685
