,training,validation,testing
nrmse,0.04591820473739723,0.0698594861329243,0.193246091830087
