,training,validation,testing
mae,0.020682975968828468,0.028200823362625266,0.047243027091574574
