,training,validation,testing
mse,0.00047416286318035974,0.0024353384458668196,0.12341949597007058
