,training,validation,testing
rmse,0.02840619143045337,0.03606737458662391,0.07533369132495636
