,training,validation,testing
arv,0.024670753532458047,0.07301484943875039,0.956874867142027
