,training,validation,testing
smape,3.2883851408010845,8.249683340960944,81.16313112710299
