,training,validation,testing
arv,0.022232479952152634,0.07384730995591479,1.0560642761327579
