,training,testing
mape,83.81775305119459,110989.68454131734
