,training,validation,testing
mape,12.192163636083663,12.584689298660345,216265.32356419734
