,training,validation,testing
nrmse,0.037152392959081154,0.09541358028273893,1.158216915262501
