,training,validation,testing
rmse,0.021775281012661116,0.04934914838036032,0.3513111099439791
