,training,validation,testing
mape,3.0180653693835944,11.13359850443179,380907.12370157905
