,training,validation,testing
mae,0.02280745538413025,0.02837020171776512,0.05907677106410914
