,training,validation,testing
mse,0.007696967088756542,0.0028825717572735286,0.02981345116476187
