,training,testing
smape,142.65071841575875,57.783991055085416
