,training,validation,testing
mape,3.9272234859655972,7.094876203998815,66503.53306951144
