,training,validation,testing
mse,0.0007243087867204512,0.0013055385893679823,0.003435780425005032
