,training,validation,testing
mape,3.2981564507576113,8.742526311787321,216098.1170862049
