,training,validation,testing
mape,4.3016254294536145,7.042979311867466,17089.51944642867
