,training,validation,testing
arv,0.1639450100671125,0.1720754644056742,1.1587209824762688
