,training,validation,testing
mae,0.0707901452994368,0.044315032308611904,0.16054283288339724
