,training,testing
rmse,0.6016137745590145,0.09606618020670901
