,training,validation,testing
rmse,0.08773236055616275,0.05368958704696404,0.17266572087348975
