,training,validation,testing
mse,0.0008069117115835626,0.001300855509571844,0.005675165048643805
