,training,testing
nrmse,1.026457079888727,0.3167149337173216
