,training,testing
mae,0.5339396693629078,0.08426462111502615
