,training,validation,testing
rmse,0.022178998375453802,0.041095841767090927,0.16657506623662519
