,training,validation,testing
mae,0.017237597365677957,0.032039344300545385,0.1534593134809119
