,training,validation,testing
smape,3.927212504816023,6.990649860248209,38.36803366606605
