,training,validation,testing
nrmse,0.037841204556881274,0.07945631335943301,0.5491715289248776
