,training,validation,testing
nrmse,0.0484658721915669,0.06973407756065782,0.24836321172889156
