,training,validation,testing
arv,0.01545739233121316,0.15283292288534378,1.054640168340992
