,arima,lstm,mlp,rf,svr,xgboost
0,0.0092287109795078,0.0298134511647618,0.0056751650486438,0.027747252691736,0.003435780425005,0.1234194959700705
