,arima,lstm,mlp,rf,svr,xgboost
0,0.3167149337173216,0.5692514496155823,0.2483632117288915,0.5491715289248776,0.193246091830087,1.158216915262501
