,arima,lstm,mlp,rf,svr,xgboost
0,0.096066180206709,0.1726657208734897,0.0753336913249563,0.1665750662366251,0.0586155305785508,0.3513111099439791
