,arima,lstm,mlp,rf,svr,xgboost
0,57.783991055085416,83.22070199596725,65.39337170497352,81.16313112710299,38.36803366606605,115.15047991475136
