,training,testing
rmse,0.1905766704519623,0.01294230529995182
