,training,testing
rmse,0.10188573588703241,0.115182392343974
