,arima,lstm,mlp,rf,svr,xgboost
frontend,0.0129423052999518,0.115182392343974,0.0030391937606528,0.0056797092470429,0.0982989043116162,0.3417344631608293
