,training,testing
rmse,0.08100607001132008,0.09829890431161625
