,training,testing
rmse,0.25451412213976793,0.34173446316082934
