,arima,lstm,mlp,rf,svr,xgboost
0,38.21583715530426,1.23181962309189,0.6892188049647617,1.0995273025767534,0.8549154068367527,1.0256196382668403
