,arima,lstm,mlp,rf,svr,xgboost
0,0.0442410295005694,0.1060920838429655,0.0360487326119349,0.1713402547577606,0.0629818760543551,0.3402146123704725
