,arima,lstm,mlp,rf,svr,xgboost
0,86019.53842659768,169174.4418792932,55762.32829510445,223557.4025360321,91338.54113651247,370941.5176559587
