,training,validation,testing
mse,0.0007385978929583686,0.004203876831156757,0.03229293952841576
