,training,validation,testing
rmse,0.027177157558478566,0.06483731048676183,0.17970236372517687
