,training,testing
arv,1.1327756828755648,38.215837155304264
