,training,validation,testing
rmse,0.03632595272567728,0.045396755263210194,0.07622133114803435
