,training,validation,testing
mae,0.07098121654048738,0.08241391211139262,0.10609208384296553
