,training,validation,testing
rmse,0.08731389015877764,0.099002001904479,0.11751228462065914
