,training,validation,testing
rmse,0.04106771131273026,0.04349939365378527,0.044573233145781835
