,training,validation,testing
arv,0.03908175597510093,0.26825397351592467,1.0256196382668403
