,training,validation,testing
smape,13.16996348264523,24.047426477548655,67.07161660941213
