,training,validation,testing
mape,13.789405656757864,33.73437691195395,169174.4418792932
