,training,testing
smape,129.73954111644574,39.62048707176511
