,training,validation,testing
smape,4.12513401919306,19.270150742920727,118.38371808956354
