,training,validation,testing
arv,0.045363004614221186,0.06368112185992804,0.8549154068367527
