,training,validation,testing
arv,0.060037302829865934,0.06425580170364716,0.6892188049647617
