,training,validation,testing
mape,4.234281722930495,29.231985078003632,370941.5176559587
