,training,validation,testing
nrmse,0.05074820762813516,0.056829536819433854,0.1722904038528289
