,training,validation,testing
mse,0.0013195748414281403,0.0020608653884278023,0.005809691321978313
