,training,validation,testing
nrmse,0.033583367332493355,0.08470633758500355,0.6946095365857177
