,training,validation,testing
mape,6.055723137135108,11.784555570448694,55762.32829510445
