,training,validation,testing
smape,3.92471611871767,16.778415818173467,87.25813487486103
