,training,validation,testing
mae,0.031569394671281927,0.03424029364944186,0.03604873261193491
