,training,testing
rmse,0.5057549777660405,0.05489644647181142
