,training,validation,testing
arv,0.026150213436082717,0.17139885184158418,1.0995273025767534
