,training,validation,testing
mse,0.001686556912465753,0.0018921972482469746,0.0019867731130682243
