,training,validation,testing
rmse,0.03193871662591265,0.07777115558633106,0.34779900119271007
