,training,testing
mse,0.25578809753512816,0.003013619835232456
