,training,validation,testing
nrmse,0.044888719928277275,0.05930833416315754,0.29462085199753574
