,training,testing
nrmse,0.624971730837064,0.21219306442904196
