,training,validation,testing
smape,5.977392130628137,10.640248996736098,32.63583600169896
