,training,validation,testing
mse,0.007623715414659086,0.009801396381094464,0.013809137036766804
