,training,validation,testing
smape,4.298456944367459,11.319538961273915,46.964451047199596
