,training,validation,testing
nrmse,0.10789555309901812,0.1293406054624088,0.45422415082038825
