,training,testing
mape,77.97420832444239,86019.53842659768
