,training,validation,testing
mape,3.953390539607666,24.20182905669586,223557.4025360321
