,training,testing
mae,0.47519100057021973,0.044241029500569455
