,training,validation,testing
mape,4.30897948508973,11.906895411387413,91338.54113651249
