,training,validation,testing
nrmse,0.039467322889395064,0.10160368636537817,1.3443590726102232
