,training,validation,testing
mae,0.02292502029975435,0.035205339371863605,0.06298187605435512
