,training,validation,testing
mse,0.001020081619710349,0.006048352641233313,0.12096414523064675
