,training,validation,testing
mae,0.021387802776596757,0.05746370692083359,0.3402146123704725
