,training,validation,testing
mae,0.02060464132688886,0.04896413184493321,0.17134025475776068
