,training,validation,testing
arv,0.2805915441103848,0.4523807120484681,1.2318196230918899
