,arima,lstm,mlp,rf,svr,xgboost
0,0.0030136198352324,0.0138091370367668,0.0019867731130682,0.0322929395284157,0.0058096913219783,0.1209641452306467
