,arima,lstm,mlp,rf,svr,xgboost
0,0.2121930644290419,0.4542241508203882,0.1722904038528289,0.6946095365857177,0.2946208519975357,1.3443590726102232
