,arima,lstm,mlp,rf,svr,xgboost
0,0.0548964464718114,0.1175122846206591,0.0445732331457818,0.1797023637251768,0.0762213311480343,0.34779900119271
