,arima,lstm,mlp,rf,svr,xgboost
0,39.62048707176511,67.07161660941213,32.63583600169896,87.25813487486103,46.9644510471996,118.38371808956354
