,arima,lstm,mlp,rf,svr,xgboost
0,3.844257998136479,3.02109905872114,0.0551859692769854,0.1064141950795233,0.0423093566725304,0.5660433663371662
