,arima,lstm,mlp,rf,svr,xgboost
0,0.1762220704926868,0.1855612412059698,0.0355848606790285,0.0477332438311497,0.0202321624213608,0.1294599491084889
