,arima,lstm,mlp,rf,svr,xgboost
0,53.53145793130412,173.118296345266,40.76698483359625,70.36532720839675,14.277007072414785,228.14664920859175
