,training,validation,testing
mape,22617.032714330904,501.4912195967358,228.14664920859178
