,training,validation,testing
mape,59821.75298889979,408.70302040221736,173.118296345266
