,training,validation,testing
rmse,0.08206741452493384,0.10010385928348678,0.05967058683389223
