,training,validation,testing
mae,0.027088909545425206,0.24136933157598078,0.12945994910848896
