,training,validation,testing
arv,0.08415062565976851,0.21482221602270246,0.04230935667253046
