,training,validation,testing
nrmse,0.06122640516932796,0.2928289619108653,0.21083011819371775
