,training,validation,testing
nrmse,0.09086507298113276,0.1070734575627639,0.0578554243725628
