,training,testing
smape,136.8239051404599,75.1448518002067
