,training,validation,testing
mse,0.008256461487866584,0.010389535640188375,0.003092585267147606
