,training,validation,testing
rmse,0.06122640516932796,0.27875988044850736,0.20265130744607435
