,training,testing
mape,15619.593450743343,53.53145793130412
