,training,validation,testing
mape,24734.49683539018,117.88672176420363,40.76698483359625
