,training,validation,testing
mse,0.006735060526807321,0.010020782643448122,0.003560578933101073
