,training,validation,testing
rmse,0.20529160742079944,0.26261623605240747,0.21015156135738633
