,training,validation,testing
smape,8.915280582450729,25.884987219500637,13.863072284906952
