,training,validation,testing
mae,0.029806711296458947,0.035524349360986904,0.020232162421360812
