,training,validation,testing
smape,40.513057560489344,122.80325247085864,83.37751019419048
