,training,validation,testing
rmse,0.09086507298113276,0.10192907161447304,0.05561101749786283
