,training,validation,testing
mae,0.15055144368957626,0.24077836831237115,0.1855612412059698
