,training,validation,testing
mape,16919.019297980445,174.6132597495947,70.36532720839675
