,training,validation,testing
arv,0.05611032347196911,0.3394569575589748,0.10641419507952331
