,training,validation,testing
mae,0.02471234965011093,0.09243878845437105,0.047733243831149796
