,training,validation,testing
nrmse,0.20529160742079944,0.2758705437110795,0.2186330750980327
