,training,validation,testing
arv,0.041003422648841145,1.115506735488052,0.5660433663371662
