,training,validation,testing
smape,11.435218233314316,60.981270782572025,28.006436544499437
