,training,validation,testing
mae,0.03325363211845788,0.06426668286649635,0.035584860679028565
