,training,validation,testing
arv,0.0712238952290862,0.20029435442490284,0.05518596927698546
