,training,validation,testing
smape,9.52553220299381,112.93873259313246,58.9220575459007
