,training,validation,testing
mse,0.04214464407741563,0.06896728743833379,0.04416367874094731
