,training,validation,testing
arv,1.0528125924373841,1.9213206722499747,3.02109905872114
