,training,testing
arv,1.3082287098766305,3.844257998136479
