,training,testing
mae,0.5737298713675788,0.17622207049268682
