,training,testing
rmse,0.6553894991377696,0.32829526000967235
