,training,validation,testing
nrmse,0.07279656630458214,0.12757909274586945,0.08568543732807447
