,training,validation,testing
mape,19057.288565299536,43.357743398216336,14.277007072414785
