,training,testing
nrmse,0.6553894991377696,0.3415449391496996
