,training,validation,testing
rmse,0.07279656630458214,0.12144950557313029,0.08236141046825239
