,training,validation,testing
mse,0.0037486726899587097,0.0777070709476661,0.04106755240960335
