,training,validation,testing
mse,0.005299340065737425,0.014749982403957806,0.006783401934319954
