,training,testing
mse,0.42953539558005643,0.10777777774481838
