,training,validation,testing
nrmse,0.08206741452493384,0.10515612630516084,0.062078834000247635
