,training,validation,testing
smape,8.660898947745528,78.41846843593817,37.35831192667415
