,arima,lstm,mlp,rf,svr,xgboost
0,0.1077777777448183,0.0441636787409473,0.003560578933101,0.0067834019343199,0.0030925852671476,0.0410675524096033
