,arima,lstm,mlp,rf,svr,xgboost
0,0.3415449391496996,0.2186330750980327,0.0620788340002476,0.0856854373280744,0.0578554243725628,0.2108301181937177
