,arima,lstm,mlp,rf,svr,xgboost
0,0.3282952600096723,0.2101515613573863,0.0596705868338922,0.0823614104682523,0.0556110174978628,0.2026513074460743
