,arima,lstm,mlp,rf,svr,xgboost
0,75.1448518002067,83.37751019419048,28.00643654449944,37.35831192667415,13.863072284906952,58.9220575459007
