,training,testing
arv,1.5407546119534292,11.795123717579527
