,training,testing
smape,37.79731523716784,12.230056805990117
