,training,testing
nrmse,0.23420279297072907,0.11915834572888176
