,training,testing
mape,52.89194179892704,15.416633018951542
