,training,testing
mae,0.1309624318565483,0.047011901753496683
