,training,testing
mse,0.023597742854166784,0.008587290069031995
