,arima,lstm,mlp,rf,svr,xgboost
0,2.085429054245239,0.3038497503799803,0.1418213787586602,0.2852774047659459,0.1213796218412092,0.392570864160931
