,arima,lstm,mlp,rf,svr,xgboost
0,11.795123717579528,0.5774357999814677,0.2991108407082432,0.3084655717539671,1.143228391959518,2.111309955391777
