,training,validation,testing
mape,4.492195382417674,0.8997832586392776,2.240192881288872
