,training,testing
mae,0.130198478112593,0.06319882409380682
