,training,validation,testing
mse,0.00025973746938539943,3.819956217805644e-06,0.0010609317921999113
