,training,validation,testing
smape,0.5682474299216373,0.5636265810394798,1.078972892181546
