,training,validation,testing
smape,4.438577219934547,0.8966335989632677,2.2603383625192865
