,training,validation,testing
mse,0.00019075159968919104,9.386466385588548e-06,0.0014881038380399477
