,training,testing
smape,61.121349261747184,16.21463052686795
