,training,validation,testing
mape,0.5464364990920288,0.2865902421247584,0.6719814770830482
