,training,validation,testing
nrmse,0.024162022112980196,0.034355313589872136,0.05629963297977326
