,training,validation,testing
rmse,0.015329536381995777,0.0019171270240731866,0.030779240888556107
