,training,validation,testing
mse,0.000660161265315375,1.9905948333517796e-05,0.0016255734297977718
