,training,validation,testing
mse,0.00025116139084359974,8.942418644067163e-06,0.0019169833017626198
