,training,testing
arv,1.291437366369218,2.085429054245239
