,training,validation,testing
rmse,0.016116372711792174,0.001954470828077422,0.0325719479337652
