,training,validation,testing
mae,0.002948214575875448,0.0011136724216470378,0.00580519355143376
