,training,validation,testing
mae,0.0019044157250503264,0.0023088311883925046,0.006193222117404345
