,training,validation,testing
nrmse,0.021056730180347157,0.035197959140622626,0.049603579487284034
