,training,validation,testing
arv,0.12248865968690258,0.04608885091306687,0.30384975037998035
