,training,validation,testing
mse,0.00023499468568693218,3.675376026431713e-06,0.000947361669675764
