,training,validation,testing
arv,0.03523074250451823,0.0061401001359045965,0.1213796218412092
