,training,validation,testing
mape,1.5185223165386128,0.5273883593263212,1.2570505454436431
