,training,validation,testing
rmse,0.0256936035875736,0.004461608267600126,0.040318400635414246
