,training,testing
mse,0.025861543784280624,0.008500184814667333
