,training,testing
rmse,0.1608152473625577,0.09219644686574062
