,training,testing
mape,48.19416034592559,15.051645847397996
