,training,validation,testing
mae,0.003986060156690805,0.0021849860788747547,0.007466229058549914
