,training,testing
nrmse,0.24517944683228451,0.11855246349178471
