,training,validation,testing
rmse,0.015848072149116425,0.0029903877079848966,0.04378336786683523
