,training,validation,testing
mape,0.5609819693341852,0.562057585230794,0.979224624525483
