,training,validation,testing
nrmse,0.024571074019565434,0.02245409784877167,0.041883226518449536
