,training,validation,testing
nrmse,0.02337146080346226,0.022025070504331185,0.03957804184210177
