,training,validation,testing
mape,0.807509425251646,0.27152105808019905,1.0874566124154958
