,training,validation,testing
nrmse,0.03917255122287618,0.051257551232999736,0.05184414239235986
