,training,validation,testing
arv,0.029554125415275405,0.01595450349111383,0.2852774047659459
