,training,validation,testing
smape,1.5115241139125344,0.5287646972236636,1.392241706720263
