,training,validation,testing
mae,0.001871746647970259,0.001179874083095775,0.0036159733307052017
