,training,validation,testing
rmse,0.013811285229448815,0.003063734059214107,0.0385759489583853
