,training,validation,testing
smape,0.5684967204963599,0.2870019014010655,0.6470372417613898
