,training,validation,testing
arv,0.04249803077428199,0.01596594390998836,0.39257086416093107
