,training,validation,testing
smape,0.8355030496726426,0.2715730044202958,1.0950743865052677
