,training,validation,testing
arv,0.040320046453963525,0.006374102331984256,0.14182137875866024
