,training,validation,testing
mae,0.012197757265933076,0.0035937661693724154,0.01024158834172422
