,training,testing
mse,0.0010365619435273978,0.0022017644768617013
