,training,testing
mae,0.023400656281871983,0.027781069509127735
