,training,testing
smape,8.185104372179868,6.749145852126724
