,training,testing
nrmse,0.049085641120183154,0.060336738264491326
