,training,testing
rmse,0.032195682063397846,0.04692296321484504
