,training,testing
mape,8.579361899729196,6.627085122349899
