,training,testing
arv,0.2443269227357997,0.5774357999814677
