,arima,lstm,mlp,rf,svr,xgboost
0,0.0470119017534966,0.0277810695091277,0.0108102913578953,0.005517797987731,0.0527766570135835,0.0710380666042647
