,arima,lstm,mlp,rf,svr,xgboost
0,0.0631988240938068,0.0102415883417242,0.0058051935514337,0.0061932221174043,0.0036159733307052,0.0074662290585499
