,arima,lstm,mlp,rf,svr,xgboost
0,15.416633018951542,6.627085122349899,2.027028583080371,0.8102362377704309,14.188715626801466,20.84868300399322
