,arima,lstm,mlp,rf,svr,xgboost
0,15.051645847397996,2.240192881288872,1.0874566124154958,0.979224624525483,0.6719814770830482,1.2570505454436431
