,training,testing
arv,0.06350368978261482,0.2991108407082432
