,training,testing
nrmse,0.033863855171165975,0.05724990524031201
