,training,testing
smape,1.3712983575706372,2.037690904500049
