,training,testing
mae,0.004774891305841344,0.010810291357895335
