,training,testing
mape,1.3272116621156884,2.027028583080371
