,training,testing
mse,0.0004933545303953448,0.0019822423336629544
