,arima,lstm,mlp,rf,svr,xgboost
0,0.0085001848146673,0.0016255734297977,0.0010609317921999,0.0014881038380399,0.0009473616696757,0.0019169833017626
