,arima,lstm,mlp,rf,svr,xgboost
0,0.0085872900690319,0.0022017644768617,0.0019822423336629,0.0016091806335969,0.0049108473258258,0.0089076318780167
