,arima,lstm,mlp,rf,svr,xgboost
0,0.1185524634917847,0.0518441423923598,0.0418832265184495,0.049603579487284,0.0395780418421017,0.0562996329797732
