,arima,lstm,mlp,rf,svr,xgboost
0,0.1191583457288817,0.0603367382644913,0.057249905240312,0.0515820736641018,0.0901103372232743,0.1213605480872399
