,training,testing
arv,0.0044463946771363455,0.3084655717539671
