,training,testing
mape,0.24890147178984467,0.8102362377704309
