,training,testing
mae,0.0008424327586881558,0.0055177979877310745
