,training,testing
mse,3.625816623188025e-05,0.001609180633596987
