,training,testing
nrmse,0.009180360922027928,0.051582073664101814
