,training,testing
rmse,0.0060214754198518695,0.040114593773301344
