,training,testing
smape,0.24738374717996314,0.9199190702531785
