,arima,lstm,mlp,rf,svr,xgboost
0,0.0921964468657406,0.0403184006354142,0.0325719479337652,0.0385759489583853,0.0307792408885561,0.0437833678668352
