,arima,lstm,mlp,rf,svr,xgboost
0,0.0926676322619284,0.046922963214845,0.0445223801437316,0.0401145937733013,0.0700774380655134,0.0943802515255006
