,arima,lstm,mlp,rf,svr,xgboost
0,12.230056805990117,6.749145852126724,2.037690904500049,0.9199190702531784,13.05334388298252,17.46723990043835
