,arima,lstm,mlp,rf,svr,xgboost
0,16.21463052686795,2.2603383625192865,1.0950743865052677,1.078972892181546,0.6470372417613898,1.392241706720263
