,training,testing
smape,23.746458452402447,13.053343882982519
