,training,testing
mae,0.07487519395864056,0.052776657013583514
