,training,testing
arv,0.6311048296664707,1.143228391959518
