,training,testing
mape,27.739684441989017,14.188715626801466
