,training,testing
nrmse,0.11973359784396696,0.09011033722327438
