,training,testing
mse,0.006167631102482821,0.004910847325825872
