,training,testing
rmse,0.1461242968203965,0.09438025152550066
