,training,testing
mape,51.89418775202438,20.84868300399322
