,training,testing
nrmse,0.2227815760679097,0.12136054808723992
