,training,testing
smape,38.321624001436724,17.46723990043835
