,training,testing
mae,0.13293921771224507,0.07103806660426477
