,training,testing
arv,1.1893701976349065,2.111309955391777
