,training,testing
mse,0.021352310121255335,0.008907631878016768
