,training,testing
arv,0.9286169804744124,1.3869475115647913
