,training,testing
mse,0.11202693888178553,0.0105471420752749
