,training,testing
mae,0.334453393373048,0.08437428490402947
