,training,testing
mape,486.1870926825964,17.47719426232561
