,training,testing
smape,114.70119545446455,19.588837765409732
