,training,testing
nrmse,1.0243542376756407,0.1527042217906514
