,arima,lstm,mlp,rf,svr,xgboost
0,1.3869475115647911,1.105884275771405,0.8246143513864184,1.3430478973066238,1.0956771072979143,123.07468600661836
