,arima,lstm,mlp,rf,svr,xgboost
0,1.397327504268477,0.7612383024776882,1.25136066704779,1.1236777441758865,0.2250068646301906,1.134129849297906
