,training,validation,testing
rmse,0.002925451598107394,0.003349568816570972,0.06428983712784152
