,training,validation,testing
arv,0.0015672346087667324,0.020093183736089756,0.7612383024776882
