,training,validation,testing
mae,0.0001722414042570027,0.041196761313991546,0.2058941643415577
