,training,validation,testing
arv,4.10433142414599e-05,1.3149898886439302,1.1236777441758863
