,training,validation,testing
mae,0.0009161905500514758,0.0013541696574048225,0.056761908827902524
