,training,validation,testing
rmse,0.0017237796786082934,0.0020753092127880467,0.08328682018906705
