,training,testing
nrmse,1.4070963973887012,0.15071541750739095
