,training,validation,testing
nrmse,0.00712765315232396,0.02445867706800092,0.1238397103158308
