,training,validation,testing
arv,0.0005448224606128441,0.00806968229184288,1.2513606670477901
