,training,validation,testing
smape,0.18841433587274428,15.08952805216843,57.62404644525137
