,training,validation,testing
nrmse,0.03996452040535893,0.4749627301670805,0.3130704902547099
