,training,validation,testing
mape,3.4006454705003213,0.934031965135078,8.103291098971582
