,training,validation,testing
mse,9.009170984061156e-07,1.544500285292291e-06,0.0011506761117259794
