,training,validation,testing
smape,13.19716944854616,11.93560067351314,54.626438925820565
