,training,testing
rmse,0.34029772827410165,0.10136173482354796
