,training,validation,testing
smape,1.2173029577435424,0.47238065480106894,12.953617400444337
