,training,testing
mae,0.3400439736315282,0.08303400714337414
