,training,validation,testing
mse,2.238618197852399e-07,0.0022317661122325844,0.047635404166712074
