,training,validation,testing
mae,0.00032661343249850946,0.0005658864632999224,0.0067627169590628415
