,training,validation,testing
mae,0.002264281738857803,0.0027093170431983604,0.04041252710935064
