,training,validation,testing
mape,0.1882397830179123,13.768688983424255,44.325571354742515
