,training,validation,testing
mape,1.202678159405486,0.47162534945284174,11.579501605295762
