,training,validation,testing
nrmse,0.0019563872154653873,0.5567682846004757,0.32452530979998223
