,training,validation,testing
rmse,0.0009491665282794772,0.0012427792584736401,0.033921617174391606
