,training,testing
smape,128.92119573446743,19.23489969493882
