,training,validation,testing
arv,0.01924890467018282,1.4873248282595763,1.134129849297906
