,training,validation,testing
nrmse,0.003924706783197285,0.0146468470156215,0.050438271443008054
