,training,testing
mse,0.11580254386851432,0.010274201286439256
