,training,validation,testing
rmse,0.009665176835607204,0.040300402466831746,0.21055157155849621
