,training,validation,testing
mape,0.418108191708554,0.19850884446731276,1.2697788022034906
