,training,validation,testing
smape,0.4228644761746623,0.1989017638907697,1.2319307382777522
