,training,validation,testing
mse,9.34156432635581e-05,0.001624122438988618,0.044331964285752555
