,training,validation,testing
mape,25.473041339688002,10.998883096109004,42.47512036080893
