,training,testing
arv,0.9595874903056332,1.397327504268477
