,training,validation,testing
mse,2.971416380382911e-06,4.306908328682943e-06,0.006936694417205988
