,training,validation,testing
nrmse,0.012096443973661433,0.03947653751871172,0.09559297363124629
