,training,testing
mape,612.1903012503564,17.193734243863247
