,training,validation,testing
mse,8.558267052869103e-06,1.1219611256944661e-05,0.00413318315792439
