,training,validation,testing
arv,0.00016511597309353313,0.002905618847812732,0.22500686463019068
