,training,validation,testing
mae,0.0050828460946473674,0.033252843604181986,0.19770929929810793
