,training,validation,testing
rmse,0.00047314038063268275,0.04724157186454092,0.218255364577167
