,training,validation,testing
smape,3.291887734690021,0.9321128167125282,7.930672163337406
