,training,testing
mape,124.27088642541311,37.74128690261549
