,training,testing
nrmse,0.20611447723804913,0.27455879354223195
