,training,testing
mse,0.0045356457433115395,0.03409599931454407
