,training,testing
smape,50.891619727424306,46.849049739846336
