,training,testing
mae,0.060385238513543826,0.1743933937790515
