,training,testing
arv,3.102566293738197,1.105884275771405
