,arima,lstm,mlp,rf,svr,xgboost
0,0.0843742849040294,0.1743933937790515,0.0215570854449766,0.1238824368416217,0.2680014447336445,0.0469786102406465
