,arima,lstm,mlp,rf,svr,xgboost
0,0.0830340071433741,0.0404125271093506,0.0567619088279025,0.2058941643415577,0.0067627169590628,0.1977092992981079
