,arima,lstm,mlp,rf,svr,xgboost
0,17.193734243863247,8.103291098971582,11.579501605295762,44.32557135474252,1.2697788022034906,42.47512036080893
