,arima,lstm,mlp,rf,svr,xgboost
0,17.47719426232561,37.74128690261549,4.0881018674491,25.78744065030226,57.91812723019706,10.259412213172302
