,training,testing
mae,0.0025840309228463876,0.021557085444976677
