,training,testing
nrmse,0.011075508879633097,0.0789892983945615
