,training,testing
mse,1.3096327034144904e-05,0.0028220793484288894
