,training,testing
mape,5.768539939358801,4.0881018674491
