,training,testing
arv,0.001310802908603399,0.8246143513864184
