,training,testing
smape,6.602915918189884,4.229904785303776
