,arima,lstm,mlp,rf,svr,xgboost
0,0.0102742012864392,0.0041331831579243,0.0069366944172059,0.047635404166712,0.0011506761117259,0.0443319642857525
