,arima,lstm,mlp,rf,svr,xgboost
0,0.0105471420752749,0.034095999314544,0.0028220793484288,0.020599854897623,0.0790159272056866,0.0052980709856854
