,arima,lstm,mlp,rf,svr,xgboost
0,0.1507154175073909,0.0955929736312462,0.1238397103158308,0.3245253097999822,0.050438271443008,0.3130704902547099
