,arima,lstm,mlp,rf,svr,xgboost
0,0.1527042217906514,0.2745587935422319,0.0789892983945615,0.2134104721426172,0.4179660109435102,0.1082287225556104
