,training,testing
arv,1.9416271163503447e-05,1.3430478973066238
