,training,testing
mae,0.00018430640778088493,0.1238824368416217
