,training,testing
mape,0.15197085478269703,25.78744065030226
