,training,testing
mse,1.9326637581427685e-07,0.020599854897623022
