,training,testing
nrmse,0.001345448519779013,0.21341047214261727
