,training,testing
rmse,0.00043962071813584587,0.14352649545510063
