,training,testing
smape,0.15212347305401477,30.468880777410035
