,arima,lstm,mlp,rf,svr,xgboost
0,0.1026992798186769,0.1846510203452558,0.0531232467798127,0.1435264954551006,0.2810977182505874,0.0727878491623802
