,arima,lstm,mlp,rf,svr,xgboost
0,0.1013617348235479,0.0642898371278415,0.083286820189067,0.218255364577167,0.0339216171743916,0.2105515715584962
