,arima,lstm,mlp,rf,svr,xgboost
0,19.23489969493882,7.930672163337406,12.953617400444337,57.62404644525137,1.2319307382777522,54.626438925820565
