,arima,lstm,mlp,rf,svr,xgboost
0,19.58883776540973,46.849049739846336,4.229904785303776,30.468880777410035,82.85047691440649,10.216683829927875
