,training,testing
smape,46.47213199296254,82.85047691440649
