,training,testing
mae,0.05247278519844629,0.26800144473364457
