,training,testing
arv,1.692172631340097,1.0956771072979143
