,training,testing
mse,0.0033082155485161125,0.07901592720568662
