,training,testing
nrmse,0.17602965309836055,0.4179660109435102
