,training,testing
mape,102.33196707598789,57.91812723019706
