,training,testing
smape,98.68481378768259,10.216683829927877
