,training,testing
mape,442.96543118415786,10.259412213172302
