,training,testing
mae,0.241318978481352,0.046978610240646576
