,training,testing
arv,1.0686897726694407,123.07468600661836
