,training,testing
mse,0.06317976041072072,0.005298070985685413
