,training,testing
nrmse,0.7692684501842976,0.10822872255561045
