,training,testing
smape,61.55718937486693,34.031265457503956
