,training,testing
arv,3.3035820172429045,10.142554250486638
