,training,testing
mae,0.2290076610019599,0.09504320909939368
