,training,testing
nrmse,0.3000393483586582,0.22429382931404432
