,training,testing
mape,14878.610246685317,36.397540817363485
