,training,testing
rmse,0.29589724180428445,0.12148818327300695
