,training,testing
mse,0.08755517770738318,0.014759378674975726
