,arima,lstm,mlp,rf,svr,xgboost
0,10.142554250486638,0.5847669672601706,0.0628244514013492,0.0038679306792243,0.1010308047158983,1.242323815333058
