,arima,lstm,mlp,rf,svr,xgboost
0,6.761686384323604,0.0650218590732978,0.0290221129305462,0.0303999553835234,0.0280667604186938,0.0327751500383384
