,training,validation,testing
arv,0.010135583131454538,0.081746335565442,0.02902211293054623
