,training,validation,testing
rmse,0.041751386276962635,0.029131669532525384,0.029931004221036842
