,training,testing
mae,0.2890931334779362,0.0978802799430022
