,training,validation,testing
arv,0.005672971091533184,0.0855687276522339,0.030399955383523414
