,training,testing
mape,19042.98210508348,36.097029720344956
