,training,testing
mse,0.11931926225887034,0.015628191495978192
