,training,validation,testing
mape,2004.4926557175004,7.352380534494818,6.051684051471852
