,training,validation,testing
arv,0.009699055347998666,0.07853214748193856,0.028066760418693864
