,training,validation,testing
smape,10.558068104893675,12.290179653700301,9.329856696826045
