,training,validation,testing
nrmse,0.01862747684910923,0.06465659165447579,0.03726838143655286
