,training,validation,testing
nrmse,0.022363689263506844,0.06875705390700486,0.038077072993551196
