,training,validation,testing
nrmse,0.024343401045581442,0.06036895129757924,0.035320325251847265
