,training,validation,testing
rmse,0.02454247066056691,0.017288141533554263,0.01938121579314412
