,training,testing
rmse,0.34542620378145944,0.12501276533209796
