,training,validation,testing
smape,4.154328199043705,7.588474697146186,6.270490042373064
