,training,validation,testing
mae,0.01683985121468895,0.01540844820727641,0.016348859289610655
