,training,validation,testing
mae,0.018312385251889267,0.01356474063171609,0.015187427176600012
