,training,validation,testing
mape,1562.313555542193,7.6118357806609405,6.292879500101415
