,training,validation,testing
mse,0.0004864209876210774,0.00037086109461825545,0.00042536380992983517
