,training,validation,testing
mape,5297.803724551023,8.404486424940607,6.596093007629808
