,training,validation,testing
smape,5.537582558131582,7.290986835825475,6.024528272323724
