,training,validation,testing
mae,0.032952701415716726,0.023012052054736422,0.023806220619323127
