,training,validation,testing
mse,0.0006023328661247876,0.0002988798376842039,0.00037563152562041907
