,training,validation,testing
mse,0.00033746867888077663,0.0003279460245445205,0.000407487684646215
