,training,testing
arv,2.0154681100709815,6.761686384323604
