,training,validation,testing
arv,0.027562337723724125,0.18433913029478857,0.06502185907329781
