,training,validation,testing
smape,5.351388771068942,7.154929121876025,5.860259485833342
