,training,validation,testing
mae,0.01897966777144114,0.013828113748635504,0.015538226141242256
