,training,validation,testing
mape,1672.2694205694759,7.211991132537404,5.880852427741443
