,training,validation,testing
rmse,0.0220549538113567,0.019257754142637074,0.020624349927448264
