,training,validation,testing
arv,0.008324680754482608,0.10063753530460239,0.03277515003833843
