,training,validation,testing
mae,0.014055995940667391,0.01447185776275124,0.01611136367052517
