,training,validation,testing
nrmse,0.042335841507763254,0.10401045509321347,0.055259197817330456
