,training,validation,testing
rmse,0.02400733525428358,0.016908380389741677,0.01913116451122066
