,training,validation,testing
nrmse,0.02488602752498302,0.06172483408866218,0.03578197475582795
