,training,validation,testing
smape,5.647309573911364,8.228919851306596,6.485023533420997
