,training,validation,testing
mse,0.0017431782560481436,0.0008486541697522677,0.0008958650136797254
