,training,testing
smape,73.40379997416929,35.14511959134847
