,training,testing
nrmse,0.3502616396713348,0.23080098075435065
