,training,validation,testing
mape,995.2822324603305,12.073759651460156,9.294990238887243
