,training,validation,testing
mse,0.0005763521460115673,0.00028589332740420093,0.00036600145555538884
