,training,validation,testing
rmse,0.018370320598203413,0.01810928006698556,0.020186324198481875
