,training,testing
smape,30.237477323081624,27.7365500255303
