,training,testing
mse,0.014604730864782499,0.0066970165617508265
