,training,testing
mae,0.09932037763896806,0.07381944357060043
