,training,testing
nrmse,0.12254174933108476,0.15108591336628338
