,training,testing
arv,0.7859137116403505,0.5847669672601706
