,training,testing
mape,8305.867057790643,35.55313492641539
