,arima,lstm,mlp,rf,svr,xgboost
0,0.0950432090993936,0.0738194435706004,0.021629904912061,0.0149806923884795,0.0264046957495027,0.1495213098971159
