,arima,lstm,mlp,rf,svr,xgboost
0,0.0978802799430022,0.0238062206193231,0.0155382261412422,0.0161113636705251,0.0151874271766,0.0163488592896106
