,arima,lstm,mlp,rf,svr,xgboost
0,36.09702972034496,9.294990238887245,6.051684051471852,6.292879500101415,5.880852427741443,6.596093007629808
