,arima,lstm,mlp,rf,svr,xgboost
0,36.397540817363485,35.55313492641539,8.158724308528015,4097.330173667081,11.732757165962932,75.19082032490213
