,training,testing
mse,0.0010329390085578715,0.0007509765168198049
