,training,testing
smape,8.572091059374788,8.150836500368355
