,training,testing
mae,0.024805390039983125,0.021629904912061085
