,training,testing
nrmse,0.032589270272235744,0.050593702917545065
