,training,testing
mape,1736.833040687742,8.158724308528015
