,training,testing
rmse,0.032139368515231775,0.027403950752032176
