,training,testing
arv,0.017775742473397842,0.06282445140134921
