,arima,lstm,mlp,rf,svr,xgboost
0,0.0156281914959781,0.0008958650136797,0.0003756315256204,0.0004074876846462,0.0003660014555553,0.0004253638099298
