,arima,lstm,mlp,rf,svr,xgboost
0,0.0147593786749757,0.0066970165617508,0.0007509765168198,0.0004279814191245,0.0011203977582475,0.0282586350926029
