,arima,lstm,mlp,rf,svr,xgboost
0,0.2242938293140443,0.1510859133662833,0.050593702917545,0.0206877117904448,0.0617972861776138,0.3103550943813972
