,arima,lstm,mlp,rf,svr,xgboost
0,0.2308009807543506,0.0552591978173304,0.0357819747558279,0.0372683814365528,0.0353203252518472,0.0380770729935511
