,training,testing
arv,0.0006330659792516466,0.003867930679224348
