,training,testing
mse,6.376715584694534e-05,0.00042798141912451013
