,training,testing
mape,718.4332432375268,4097.330173667081
