,training,testing
nrmse,0.008180934246802461,0.020687711790444832
