,training,testing
smape,3.8433692500052326,11.061594408010938
