,arima,lstm,mlp,rf,svr,xgboost
0,0.1250127653320979,0.0299310042210368,0.0193812157931441,0.0201863241984818,0.0191311645112206,0.0206243499274482
