,arima,lstm,mlp,rf,svr,xgboost
0,35.14511959134847,9.329856696826043,6.024528272323724,6.270490042373064,5.860259485833342,6.485023533420997
