,arima,lstm,mlp,rf,svr,xgboost
0,34.03126545750396,27.7365500255303,8.150836500368355,11.061594408010938,10.478709220360749,47.15775082266533
