,training,testing
mae,0.0335463704074801,0.026404695749502764
