,training,testing
smape,12.794126588769364,10.478709220360747
