,training,testing
arv,0.029936016722666613,0.10103080471589833
