,training,testing
mse,0.0016832371092504268,0.00112039775824753
