,training,testing
nrmse,0.041601591503827424,0.061797286177613896
