,training,testing
mape,5892.641752814461,11.732757165962933
