,training,testing
smape,45.5572898103717,47.15775082266533
