,training,testing
mse,0.03392786800542915,0.028258635092602954
