,training,testing
arv,3.8119079458723073,1.242323815333058
