,training,testing
mae,0.1599678141261334,0.14952130989711593
