,training,testing
nrmse,0.18677363949134065,0.3103550943813972
