,training,testing
mape,22096.528360085278,75.19082032490213
