,training,testing
mae,0.13175866173703585,0.047011901753496683
