,training,testing
mape,53.7085521879183,15.416633018951542
