,training,testing
arv,1.539287062324698,11.795123717579527
