,training,testing
smape,38.10677222486935,12.230056805990117
