,training,testing
nrmse,0.21326017941929423,0.11915834572888176
