,training,testing
mse,0.02389563050037316,0.008587290069031995
