,arima,lstm,mlp,rf,svr,xgboost
0,2.085429054245239,0.4928409077282629,0.2161032787016945,0.2913004442759974,0.1192233451155466,0.3714834488377261
