,arima,lstm,mlp,rf,svr,xgboost
0,11.795123717579528,0.2497292634089391,0.262451279752426,0.2881032733337551,0.9967333666789134,2.0758689493941223
