,training,validation,testing
smape,1.0422545055115184,0.27735671495362774,1.14074629644337
