,training,testing
smape,62.57608801958978,16.21463052686795
