,training,validation,testing
arv,0.04639896914422154,0.015706574819985674,0.37148344883772616
