,training,validation,testing
mae,0.012884067715880604,0.0024769062808602084,0.010516673251977231
