,training,validation,testing
smape,0.6553088266085585,0.23664775346403508,0.6116879227410728
