,training,validation,testing
mape,1.0198339590255936,0.2770419059340843,1.1261356091038697
