,training,validation,testing
mape,0.6576461065527677,0.5834896308766765,1.0182324896798647
