,training,validation,testing
nrmse,0.021063389500896777,0.020816059064323333,0.039102403818370025
