,training,validation,testing
arv,0.03441940993435193,0.0054260166841336365,0.11922334511554669
