,training,validation,testing
smape,1.594579173412428,0.5238490665375368,1.2850289137027726
