,training,validation,testing
mae,0.004080702537439291,0.0021479837803278206,0.006917556916634824
