,training,validation,testing
rmse,0.016606333768407942,0.003034901141251062,0.04270144038498804
