,training,testing
nrmse,0.22529127617157332,0.11855246349178471
