,training,validation,testing
mse,0.00019117167126622277,1.0186338093063371e-05,0.001517400261929591
