,training,validation,testing
mape,4.55203619699548,0.6058506674763128,2.2321130775818703
