,training,validation,testing
nrmse,0.02290995761352779,0.034866709806067625,0.05490841702023383
