,training,validation,testing
smape,4.539741290861358,0.6085378326923516,2.3487070696713834
