,training,validation,testing
nrmse,0.04410707865457736,0.03956074166104764,0.06022814044430821
