,training,validation,testing
nrmse,0.024511246504775448,0.022372453000259078,0.04853318079015271
