,training,testing
mse,0.0266678315892521,0.008500184814667333
