,training,validation,testing
mae,0.003396977805470615,0.0011370394013702331,0.006502516798093053
