,training,validation,testing
mae,0.002053228108257136,0.0009728663390860518,0.0034276184662910287
