,training,validation,testing
mse,0.001022152139025449,1.1857578634400054e-05,0.002193845863760035
