,training,validation,testing
arv,0.029223653759777812,0.017496940657526872,0.29130044427599744
