,training,validation,testing
rmse,0.015267844761935802,0.001811891106503847,0.030409344435199416
