,training,validation,testing
arv,0.049190074100317914,0.00636213902766685,0.21610327870169455
