,training,validation,testing
rmse,0.03197111413487883,0.0034434835028499923,0.046838508342602406
