,training,validation,testing
mape,1.6482221442346816,0.5231090260290152,1.157735656901881
