,training,validation,testing
mae,0.0020529593434266513,0.0023985126260064223,0.0063654566325772
