,training,testing
arv,1.3086181335803186,2.085429054245239
