,training,validation,testing
smape,0.6602723904480635,0.5851057631395917,1.1208162598565818
