,training,validation,testing
mse,0.00031566741135396483,3.7922274050695504e-06,0.0014245730136067838
