,training,validation,testing
arv,0.18502077760360747,0.019069095915467463,0.4928409077282629
