,training,validation,testing
mape,0.6307681291229397,0.236487813719305,0.6341428926747613
