,training,validation,testing
rmse,0.017767031585325808,0.0019473642199315335,0.03774351617969349
