,training,validation,testing
mse,0.0002331070836745705,3.2829493818277344e-06,0.0009247282289785937
