,training,testing
mape,49.647463103001144,15.051645847397996
