,training,validation,testing
nrmse,0.019074900956429868,0.036667007006321334,0.05008947457402363
