,training,validation,testing
rmse,0.013826484414565503,0.0031916043133608167,0.03895382217356329
