,training,testing
rmse,0.16330288297899734,0.09219644686574062
