,training,validation,testing
mse,0.0002757703212277659,9.210624937166999e-06,0.0018234130109526878
