,training,testing
mae,0.13252659861832297,0.06319882409380682
