,training,testing
mape,1.9524434152316288,1.6913960055583555
