,training,testing
nrmse,0.027698750260225235,0.04944237092477042
