,training,testing
smape,1.98717493991672,1.707233631615082
