,training,testing
mae,0.005824011970700324,0.008468247625831472
