,training,testing
arv,0.05251459434364548,0.24972926340893917
