,training,testing
mse,0.0004031060374547042,0.0014784470648394393
