,training,testing
rmse,0.0200775007771063,0.03845057951240058
