,arima,lstm,mlp,rf,svr,xgboost
0,0.0631988240938068,0.0105166732519772,0.006502516798093,0.0063654566325772,0.003427618466291,0.0069175569166348
