,arima,lstm,mlp,rf,svr,xgboost
0,0.0470119017534966,0.0084682476258314,0.0104122107078941,0.0053135092748606,0.0567140376949396,0.0708393637395951
