,arima,lstm,mlp,rf,svr,xgboost
0,15.051645847397996,2.2321130775818703,1.1261356091038697,1.018232489679865,0.6341428926747613,1.157735656901881
