,arima,lstm,mlp,rf,svr,xgboost
0,15.416633018951542,1.6913960055583557,2.0187106764365264,0.7787973145123552,15.020139041955323,20.80613029947715
