,training,testing
nrmse,0.025243811842612478,0.05418822876869453
