,training,testing
mape,1.3634178762189817,2.0187106764365264
