,training,testing
mse,0.00033481801902406397,0.0017758943019379697
