,training,testing
rmse,0.018298033200977202,0.04214136094074288
