,training,testing
arv,0.042742694418381584,0.26245127975242605
