,training,testing
smape,1.4019842372040012,2.007107008228457
