,training,testing
mae,0.004655768419146967,0.010412210707894116
