,arima,lstm,mlp,rf,svr,xgboost
0,0.0085001848146673,0.00219384586376,0.0014245730136067,0.0015174002619295,0.0009247282289785,0.0018234130109526
