,arima,lstm,mlp,rf,svr,xgboost
0,0.0085872900690319,0.0014784470648394,0.0017758943019379,0.0015258259920103,0.0050672805623326,0.0088277382638817
