,arima,lstm,mlp,rf,svr,xgboost
0,0.1191583457288817,0.0494423709247704,0.0541882287686945,0.0502283489877107,0.0915343019874245,0.1208150736010476
