,arima,lstm,mlp,rf,svr,xgboost
0,0.1185524634917847,0.0602281404443082,0.0485331807901527,0.0500894745740236,0.03910240381837,0.0549084170202338
