,training,testing
arv,0.003959815426712948,0.2881032733337551
