,training,testing
mae,0.000864077228914099,0.005313509274860659
