,training,testing
mse,3.2700809223849776e-05,0.0015258259920103408
