,training,testing
mape,0.27383537747157477,0.7787973145123552
