,training,testing
nrmse,0.007889141999879501,0.05022834898771073
