,training,testing
smape,0.26822027597517173,0.8803180429961613
