,arima,lstm,mlp,rf,svr,xgboost
0,0.0921964468657406,0.0468385083426024,0.0377435161796934,0.0389538221735632,0.0304093444351994,0.042701440384988
