,arima,lstm,mlp,rf,svr,xgboost
0,0.0926676322619284,0.0384505795124005,0.0421413609407428,0.0390618226918604,0.0711848337943736,0.0939560443179774
