,arima,lstm,mlp,rf,svr,xgboost
0,16.21463052686795,2.3487070696713834,1.14074629644337,1.1208162598565818,0.6116879227410728,1.2850289137027726
