,arima,lstm,mlp,rf,svr,xgboost
0,12.230056805990117,1.707233631615082,2.007107008228457,0.8803180429961613,13.841483848767052,17.42839724838907
