,training,testing
smape,23.450165500312973,13.841483848767053
