,training,testing
arv,0.5857980460051896,0.9967333666789134
