,training,testing
mse,0.005881124911846054,0.0050672805623326
