,training,testing
mae,0.07363496507101394,0.056714037694939684
