,training,testing
rmse,0.0766884926950977,0.07118483379437364
