,training,testing
mape,27.320412105073576,15.020139041955325
