,training,testing
nrmse,0.10579879590475445,0.09153430198742454
