,training,testing
rmse,0.14691288814722234,0.09395604431797745
