,training,testing
mape,52.583656109505704,20.80613029947715
