,training,testing
arv,1.1918008280548082,2.0758689493941223
