,training,testing
nrmse,0.20267977792526873,0.12081507360104761
