,training,testing
mse,0.021583396703758258,0.008827738263881743
