,training,testing
mae,0.13357771865545595,0.0708393637395951
