,training,testing
smape,38.60241465216022,17.42839724838907
