,arima,lstm,mlp,rf,svr,xgboost
0,0.9534504655331262,0.9317683756247188,0.5440125888113339,1.0001757857806337,0.4946117467341276,1.0001985385835213
