,arima,lstm,mlp,rf,svr,xgboost
0,0.0974431662739432,0.0123003953335776,0.0053156353293014,0.5811071434487475,0.0055689284869873,0.5467963735841276
