,arima,lstm,mlp,rf,svr,xgboost
0,9.960341916990409,1.2588183362760352,0.5440053186700458,59.57581968549468,0.5702482881492847,56.05787074049393
