,training,validation,testing
mae,0.002939035643579812,0.0069771138393794245,0.0055689284869873314
