,training,validation,testing
mae,0.002453117672096624,0.3528256670252816,0.5811071434487475
