,training,testing
mape,1126.239903853743,9.960341916990407
