,training,validation,testing
nrmse,0.02291645046120211,0.03751947786408005,0.16824418421228116
