,training,validation,testing
mape,23.7382021023018,6.013452690514577,1.2588183362760352
