,training,validation,testing
mae,0.005234979389349735,0.011229077058682098,0.005315635329301447
