,training,testing
nrmse,2.6130612746484405,3.035166308001707
