,training,validation,testing
nrmse,0.02217806762732195,0.6955457817685584,14.473195433814983
