,training,validation,testing
mape,4.970200854960365,1.519762423903342,0.5440053186700458
