,training,testing
smape,133.22531958829143,9.324368198024588
