,training,testing
mse,1.056170470164601,0.013151448820745712
