,training,validation,testing
arv,0.06368516717880097,0.09685198986906815,0.9317683756247188
