,training,validation,testing
mape,12.259007265612404,35.90949502702256,56.05787074049393
