,training,validation,testing
mape,2.6135116496405835,37.69163857694266,59.57581968549468
