,training,testing
mae,1.020208623181202,0.09744316627394327
