,training,validation,testing
rmse,0.01141355741714429,0.02876954635275036,0.006545391855301527
