,training,validation,testing
smape,2.5633904726442633,1.005808460133647,0.5720963806473504
