,training,validation,testing
rmse,0.008722502849873717,0.4133625835604315,0.546850650978965
