,training,validation,testing
arv,0.004251010037469475,0.007103475270578538,0.49461174673412767
