,training,validation,testing
mae,0.03117857568727335,0.04024915353025931,0.01230039533357765
