,training,validation,testing
mae,0.004956352441127285,0.3333945976394123,0.5467963735841276
