,training,validation,testing
smape,2.4641729376707664,52.932191467427224,84.85274884609669
