,training,validation,testing
rmse,0.03770828033873296,0.07686832237144496,0.013584175202002589
