,training,validation,testing
smape,4.7963810566023035,1.597134474913278,0.5458725757692677
