,training,validation,testing
mse,4.263699885700917e-05,0.1934540886733058,0.33774487247852825
