,training,validation,testing
arv,0.004212276675618808,1.5918911299639515,1.0001985385835213
