,training,testing
rmse,1.0277015472230258,0.11467976639645597
