,training,validation,testing
nrmse,0.09587807603577247,0.12934271146790402,0.35952489432682266
