,training,validation,testing
rmse,0.006529701283903359,0.43983416042106804,0.5811582163907933
