,training,validation,testing
rmse,0.009012904452080176,0.022297810884999648,0.006356885186871234
