,training,validation,testing
nrmse,0.016602592071691475,0.7400882593764432,15.38119489980242
