,training,validation,testing
arv,0.0022484534884896342,1.564041878506394,1.0001757857806335
