,training,validation,testing
mse,8.123244666232666e-05,0.0004971923702632088,4.0409989279062923e-05
