,training,validation,testing
smape,18.71666597485441,6.387534828225477,1.2685126221713487
