,training,testing
arv,0.977054360829561,0.9534504655331262
