,training,validation,testing
mse,0.00013026929291444947,0.0008276867973430516,4.2842154539447564e-05
