,training,validation,testing
mse,7.608205596605511e-05,0.17086862548775472,0.29904563447611776
