,training,validation,testing
mse,0.0014219144061044747,0.005908738984200386,0.00018452981591870208
