,training,validation,testing
smape,8.66473280801443,49.01430505835906,77.89111377339556
