,training,validation,testing
arv,0.006883595348314377,0.011715759987895726,0.5440125888113339
