,training,validation,testing
nrmse,0.0290204145097428,0.04840916281462395,0.1732332865346151
