,training,validation,testing
mape,2.471325887324842,0.9573607938206922,0.5702482881492847
