,arima,lstm,mlp,rf,svr,xgboost
0,0.0131514488207457,0.0001845298159187,4.284215453944757e-05,0.3377448724785282,4.040998927906292e-05,0.2990456344761177
