,arima,lstm,mlp,rf,svr,xgboost
0,3.035166308001707,0.3595248943268226,0.1732332865346151,15.38119489980242,0.1682441842122811,14.473195433814984
