,arima,lstm,mlp,rf,svr,xgboost
0,0.1146797663964559,0.0135841752020025,0.0065453918553015,0.5811582163907933,0.0063568851868712,0.546850650978965
