,arima,lstm,mlp,rf,svr,xgboost
0,9.324368198024588,1.2685126221713487,0.5458725757692677,84.85274884609669,0.5720963806473504,77.89111377339556
