,arima,lstm,mlp,rf,svr,xgboost
frontend,0.0813219487108424,0.1130242188526913,0.0465840966278779,0.0426235652388155,0.1079831973197381,0.2553280352412949
