,training,testing
rmse,0.1625017262863261,0.2553280352412949
