,training,testing
mape,68.18764891865999,153.78665694545575
