,training,testing
mse,0.037181628638787,0.00016750326647716097
