,training,testing
nrmse,0.19554981441227293,0.42915718808104275
