,training,testing
rmse,0.19282538380303305,0.01294230529995182
