,training,testing
smape,113.00421443491508,56.365154932758976
