,training,testing
mae,0.13919435349243617,0.010311496430993262
