,training,testing
arv,1.9565744078078233,1.8532453897552248
