,arima,lstm,mlp,rf,svr,xgboost
0,1.8532453897552248,0.997523590437744,0.2320061973562236,0.8762899033303696,1.0142892237822936,1.0006616800546009
