,arima,lstm,mlp,rf,svr,xgboost
0,1.9511656081547828,0.5982989858311042,0.014808643384678,1.0865743480038617,0.0023336775909723,1.0377747503277697
