,training,validation,testing
mape,2.280522925293388,2.2785949343967,2.040644387492146
