,training,validation,testing
smape,1.2247458045637591,50.063963284199176,98.10665933818105
