,training,validation,testing
rmse,0.07928133521945112,0.004438537993400492,0.004516473052297006
