,training,validation,testing
smape,1.961960194215272,2.236656571149649,1.9346531078738813
