,training,validation,testing
nrmse,0.024684209008977186,1.0050179075492447,1.5263274873730561
