,training,validation,testing
mape,1.247033121991827,77.36987693749096,341.2138007221666
