,training,validation,testing
mse,0.0005536957860464535,0.0011831110473262967,0.002118780412602543
