,training,validation,testing
mse,0.00039848614319407425,0.0003994742679212035,0.0009679538921773927
