,training,validation,testing
nrmse,0.02094065288466802,0.583990053257095,1.0316492955909649
