,training,validation,testing
rmse,0.019962117703141474,0.019986852376530015,0.031111957382610834
