,training,testing
arv,1.4803093582991347,1.9511656081547828
