,training,testing
mse,0.04962353874647631,0.00015796389940206533
