,training,validation,testing
mae,0.007689597981744042,0.0006467031629130202,0.0002268974974394063
