,training,testing
mape,82.03886330392537,149.75844241791344
