,training,validation,testing
nrmse,0.048876254106168374,0.049627310205091854,0.03350270281164729
