,training,validation,testing
mape,3.743046238770907,3.4235384400097093,11.482081694396271
