,training,validation,testing
mae,0.004371768525567221,0.01788668390498166,0.029846788717810938
