,training,validation,testing
rmse,0.05188846075194409,0.0015916703298916371,0.0004238058960345906
