,training,validation,testing
mae,0.012767784373235098,0.0009355078872948497,0.0006005805802888176
