,training,validation,testing
arv,0.633803935412708,0.5308919868102859,0.5982989858311042
