,training,validation,testing
arv,0.026569570735154265,1.2489814818272078,1.0865743480038617
