,training,validation,testing
nrmse,0.08316767518118894,0.12968835664155787,0.14976287687903664
