,training,validation,testing
arv,0.15579969923408146,0.035857009080773904,0.014808643384678048
