,training,validation,testing
smape,2.5667706900467087,74.8379822184084,116.97432972388337
