,training,validation,testing
arv,0.037429518190212986,1.0724035180140503,1.0377747503277697
