,training,validation,testing
smape,15.890699595167067,11.616842754623882,31.045660500551897
