,training,validation,testing
mse,0.006285530114178981,1.9700619518859665e-05,2.0398528832125033e-05
