,training,validation,testing
mae,0.03274414742760677,0.0034852481716165706,0.003667978403541974
