,training,validation,testing
rmse,0.046592316998403493,0.0016984770842950684,0.0010103575571009924
