,training,validation,testing
mape,14.215694027172034,11.286758408317645,53.36224708597551
