,training,validation,testing
mape,2.625638253194858,134.95144204000678,484.5172658837587
