,training,validation,testing
rmse,0.023530741298277313,0.034396381311502765,0.04603021195478621
