,training,validation,testing
nrmse,0.054432012749588414,0.04650655456947604,0.01405308733020297
