,training,validation,testing
mae,0.006119506903789027,0.03321495281333959,0.04518470224745093
