,training,testing
rmse,0.22276341429075897,0.012568369003258351
