,training,testing
mae,0.18309125478378122,0.009999469316318507
