,training,validation,testing
arv,0.16816306775944018,0.031596755552068215,0.0023336775909723532
