,training,testing
nrmse,0.23368318950109032,0.41675773945955147
