,training,validation,testing
mse,0.002170844003279719,2.884824405875477e-06,1.0208223931910854e-06
