,training,validation,testing
smape,3.6528861309411673,3.421508092337432,8.093857416414775
