,training,validation,testing
mse,0.002692412359206042,2.533414439057353e-06,1.7961143751368226e-07
