,training,testing
smape,142.25575852179003,55.496609246521245
