,training,testing
mse,0.006156005339016986,0.004919652349839163
