,training,testing
nrmse,0.07956877969514856,2.325797813099189
