,training,testing
mae,0.04801789829705249,0.07004182821527788
