,training,testing
mape,80.82028356354073,680.1696970992774
