,training,testing
smape,43.02940096800137,137.08589758645715
