,training,testing
arv,1.2416315481090174,0.9975235904377439
