,arima,lstm,mlp,rf,svr,xgboost
0,0.0103114964309932,0.0700418282152778,0.0045094874637244,0.0035229209426398,0.0970028695718966,0.3416214597976701
