,arima,lstm,mlp,rf,svr,xgboost
0,0.0099994693163185,0.0036679784035419,0.0006005805802888,0.0298467887178109,0.0002268974974394,0.0451847022474509
