,arima,lstm,mlp,rf,svr,xgboost
0,153.78665694545575,680.1696970992774,43.01071252512448,69.19592979384258,995.168016420739,3251.755255375317
