,arima,lstm,mlp,rf,svr,xgboost
0,149.75844241791344,53.36224708597551,11.482081694396271,341.2138007221666,2.040644387492146,484.5172658837587
