,training,testing
arv,0.10165065655562146,0.2320061973562236
