,training,testing
nrmse,0.04567432879181442,0.15379358989779068
