,training,testing
mae,0.02406101439163222,0.0045094874637244264
