,training,testing
mape,13.551152542516906,43.010712525124475
