,training,testing
smape,12.493222853410552,31.559083344119554
