,training,testing
rmse,0.04503798689708595,0.004638029255744201
