,training,testing
mse,0.0020284202637420854,2.151131537713911e-05
