,arima,lstm,mlp,rf,svr,xgboost
0,0.0001675032664771,0.0049196523498391,2.151131537713911e-05,3.232958552469375e-05,0.0095559241232407,0.1167824433118202
