,arima,lstm,mlp,rf,svr,xgboost
0,0.000157963899402,2.0398528832125036e-05,1.0208223931910854e-06,0.0009679538921773,1.796114375136823e-07,0.0021187804126025
