,arima,lstm,mlp,rf,svr,xgboost
0,0.4167577394595514,0.1497628768790366,0.0335027028116472,1.0316492955909649,0.0140530873302029,1.526327487373056
