,arima,lstm,mlp,rf,svr,xgboost
0,0.4291571880810427,2.325797813099189,0.1537935898977906,0.1885405714980993,3.241463211993163,11.33165984587245
