,training,testing
arv,0.011640237314391021,0.8762899033303696
