,training,testing
mae,0.0028240175283627245,0.003522920942639805
