,training,testing
mape,1.0395106782394081,69.19592979384258
