,training,testing
mse,0.00020336086752581234,3.232958552469375e-05
