,training,testing
nrmse,0.014461951362207395,0.18854057149809936
