,training,testing
rmse,0.014260465193176987,0.005685911142877081
