,training,testing
smape,1.020501769682579,30.768781328105582
