,arima,lstm,mlp,rf,svr,xgboost
0,0.0129423052999518,0.070140233460113,0.0046380292557442,0.005685911142877,0.0977544071806521,0.3417344631608293
