,arima,lstm,mlp,rf,svr,xgboost
0,0.0125683690032583,0.004516473052297,0.0010103575571009,0.0311119573826108,0.0004238058960345,0.0460302119547862
