,arima,lstm,mlp,rf,svr,xgboost
0,56.365154932758976,137.08589758645715,31.559083344119557,30.768781328105582,148.23322829644462,181.72747585592091
