,arima,lstm,mlp,rf,svr,xgboost
0,55.496609246521245,31.045660500551897,8.093857416414775,98.10665933818105,1.9346531078738811,116.97432972388336
