,training,testing
arv,0.34148350393139104,1.0142892237822936
