,training,testing
nrmse,0.08780775652998751,3.241463211993163
