,training,testing
mape,119.26761122208644,995.168016420739
