,training,testing
mae,0.08420467303074547,0.09700286957189662
