,training,testing
smape,59.53139191156328,148.23322829644462
