,training,testing
mse,0.0074968592113702276,0.009555924123240734
