,training,testing
mse,0.06458271701973131,0.11678244331182021
