,training,testing
arv,1.1391577742720627,1.0006616800546009
