,training,testing
mape,438.07276004907703,3251.755255375317
