,training,testing
nrmse,0.2577219209042955,11.33165984587245
