,training,testing
smape,100.07447003186279,181.72747585592094
