,training,testing
mae,0.2437220856750667,0.3416214597976701
