,training,testing
rmse,0.25413129878023943,0.34173446316082934
