Workload,static_mean_homogeneous,static_median_homogeneous,dynamic_homogeneous,dynamic_weighting_homogeneous,dynamic_weighting_with_selection_homogeneous,static_mean_heterogeneous,static_median_heterogeneous,dynamic_heterogeneous,dynamic_weighting_heterogeneous,dynamic_weighting_with_selection_heterogeneous
decreasing,0.0196628601380372,0.0167502298464427,0.0170540476340774,0.0191771683344403,0.0186073804268838,0.1703602349725644,0.1880907480185415,0.2561958188967612,0.2481563309402494,0.2482438079180099
increasing,0.0208807924968621,0.020827535490639,0.0213008037270427,0.0209157681587772,0.0209492089860182,0.0578410792052035,0.0326098211197776,0.0209385700207609,0.021242399054324,0.0211941648527123
periodic,0.0059338321186991,0.0059327782985871,0.0063281629642349,0.0059158733379172,0.0059282920565408,0.1096534734517125,0.0666331134328162,0.005946843181783,0.0059348207685271,0.0059250669557565
random,0.0237746359158755,0.0236871217978187,0.0257828375799028,0.024162218282981,0.0243647949739886,0.0449688587499305,0.0297012843377603,0.024391202830681,0.0242978119720696,0.0241057570294861
