Workload,static_mean_homogeneous,static_median_homogeneous,dynamic_homogeneous,dynamic_weighting_homogeneous,dynamic_weighting_with_selection_homogeneous,static_mean_heterogeneous,static_median_heterogeneous,dynamic_heterogeneous,dynamic_weighting_heterogeneous,dynamic_weighting_with_selection_heterogeneous
decreasing,0.0116074680984388,0.0086358692606396,0.011055736496974,0.0102254569660092,0.0096159823085191,2.056697745775001,2.014776162838724,1.8591838415331807,0.9649006426643576,0.9650131392238104
increasing,8.178305941462577,8.367876522771326,6.652304258547189,0.9720434605306224,0.9728293438514108,1.1782711605410194,1.6610853902730818,7.7562973120422845,0.9766093185669884,0.976312674985193
periodic,0.0006587889166539,0.0006615802229758,0.0007584517140877,0.0006644242973566,0.0006671026492583,0.2865922749198337,0.0902595309313291,0.0006485567421044,0.0006405573245239,0.0006394129249358
random,0.0466633308976629,0.0465160317201172,0.0541439801745798,0.0462671698441063,0.046914664360397,0.2699572144516675,0.0741069941943988,0.047863393485914,0.0458726633111711,0.0458601975280499
