Workload,static_mean_homogeneous,static_median_homogeneous,dynamic_homogeneous,dynamic_weighting_homogeneous,dynamic_weighting_with_selection_homogeneous,static_mean_heterogeneous,static_median_heterogeneous,dynamic_heterogeneous,dynamic_weighting_heterogeneous,dynamic_weighting_with_selection_heterogeneous
decreasing,0.0298415150773541,0.0258204993156893,0.028436711690124,0.0316040707136354,0.0305311502863006,0.2835801137419745,0.3293518113702515,0.4192059176327324,7.484808182454443,7.505654974730623
increasing,0.1374314662817188,0.1371320440921542,0.1393913318867349,0.9771879055213756,0.9038787264480144,0.3279807447747013,0.1995052925908957,0.1379859730618186,0.8908738386031985,0.8876268442045331
periodic,0.008753353592695,0.0087720910281524,0.0093907435614408,0.0088684605158688,0.0088834645102344,0.1215645615880289,0.0801691769975973,0.0087356299392835,0.0087757481169701,0.0087674916576283
random,0.0450949009807773,0.0450583483624818,0.0487565374266312,0.0470995835635615,0.047446171967312,0.0777696006486085,0.0528347112728299,0.0460390873938701,0.0478165100077817,0.0477499573740149
