Workload,static_mean_homogeneous,static_median_homogeneous,dynamic_homogeneous,dynamic_weighting_homogeneous,dynamic_weighting_with_selection_homogeneous,static_mean_heterogeneous,static_median_heterogeneous,dynamic_heterogeneous,dynamic_weighting_heterogeneous,dynamic_weighting_with_selection_heterogeneous
decreasing,0.0006157936713674,0.0004610231739649,0.0005591807770891,0.0005831394218985,0.0005481861740277,0.0556089926972086,0.0750090381050008,0.1215201488668609,0.1137488086304812,0.1138078412358746
increasing,0.0006891271039172,0.000686127570036,0.0007089220861702,0.000689873755073,0.0006911315312089,0.0039248554508393,0.0014522313705895,0.0006946992855981,0.0007099417176658,0.0007071961920645
periodic,7.565454678974624e-05,7.597878581438109e-05,8.707351007290129e-05,7.630309616229445e-05,7.661067890560116e-05,0.0145915042485073,0.0063460127457886,7.534848866909814e-05,7.440423683383313e-05,7.427131023670839e-05
random,0.0010014924839842,0.0009998695804922,0.0011707348056749,0.0010280947858479,0.0010424809152958,0.0029786025483261,0.0013747745885167,0.0010438695556408,0.0010304492874826,0.0010299822521336
