Workload,static_mean_homogeneous,static_median_homogeneous,dynamic_selection_homogeneous,dynamic_weighting_homogeneous,dynamic_weighting_with_selection_homogeneous,static_mean_heteregoneous,static_median_heterogeneous,dynamic_selection_heterogeneous,dynamic_weighting_heterogeneous,dynamic_weighting_with_selection_heterogeneous
decreasing,1.2162232911201951,1.3922315305807067,2.028540193054377,1.0828945360008324,1.0829041885263009,169.47090827858543,99.95727506055488,44.63308169149771,18.274882513378728,17.833365791684425
increasing,1.2178025409353772,1.1392260237450915,2.084603986619888,1.2396226257720089,1.2396226257720089,16.078230802625182,9.82479720114314,1.1960230307971709,7.753856112920497,7.746830577175087
periodic,0.6649557744563102,0.6468307219869612,0.7519731806760388,0.6794014234514243,0.7320714185676264,3.102013611287196,0.9993725643378324,0.7814482334674935,5.54788137021868,5.602980642093089
random,0.1005843581159894,0.0993191336891441,0.0994418408738616,0.1008179968685576,0.1008179968685576,0.485340605838956,0.1194306292101366,0.4358482385961758,0.7351369093148424,0.7934371685398863
