Workload,static_mean_homogeneous,static_median_homogeneous,dynamic_selection_homogeneous,dynamic_weighting_homogeneous,dynamic_weighting_with_selection_homogeneous,static_mean_heteregoneous,static_median_heterogeneous,dynamic_selection_heterogeneous,dynamic_weighting_heterogeneous,dynamic_weighting_with_selection_heterogeneous
decreasing,0.0265920868736826,0.0249248472342281,0.1825507020806197,0.0281583140900281,0.0281583140900281,0.4576990686809146,0.3402469147233331,0.0253389879905316,0.2053397276044665,0.2006987042397926
increasing,0.1177756423558996,0.1177419945959079,0.1264784340449748,0.3537457980630931,0.3537457980630931,0.1538898777281869,0.1178192607657028,0.2076917633831699,0.6666540388179942,0.4634800752206223
periodic,0.019386036909083,0.0193803064988049,0.0195697609333778,0.0211913757626794,0.0211913757626794,0.5832408856858483,0.0197798601175707,0.0207776100471766,0.047674938227935,0.0470893919209572
random,0.0350126890987877,0.0349607773104794,0.035471029675606,0.0370565361716345,0.0370565361716345,0.0519552690503965,0.0354071322159433,0.0368004152913188,0.1009533908410908,0.101525453343386
