Workload,static_mean_homogeneous,static_median_homogeneous,dynamic_selection_homogeneous,dynamic_weighting_homogeneous,dynamic_weighting_with_selection_homogeneous,static_mean_heteregoneous,static_median_heterogeneous,dynamic_selection_heterogeneous,dynamic_weighting_heterogeneous,dynamic_weighting_with_selection_heterogeneous
decreasing,7.510700421945519,2.537016726850092,7.739374114560481,7.470607369379207,7.470607369379207,35.3847854734535,29.79464040102852,2.562177566160191,27.076241583797483,26.89386930456323
increasing,2.089594146019004,2.090208676217916,2.1075102425179635,2.0891148857742885,2.0891148857742885,2.404499433521528,2.2341448310516774,2.2832926968541285,2.2691367864221856,2.275342025164133
periodic,3.341574936704481,3.3853337725707733,3.742356787878505,3.361514659616538,3.359618231607605,49.00737446702578,4.354412059997608,3.88418061569538,22.70316338024069,22.74951018293432
random,4.145560588157979,4.141394231625049,4.257209436808696,4.146078745498887,4.148812878121056,17.40350104524292,4.424940213723855,4.720615666127249,14.266533051783153,14.521526443813157
