Workload,static_mean_homogeneous,static_median_homogeneous,dynamic_selection_homogeneous,dynamic_weighting_homogeneous,dynamic_weighting_with_selection_homogeneous,static_mean_heteregoneous,static_median_heterogeneous,dynamic_selection_heterogeneous,dynamic_weighting_heterogeneous,dynamic_weighting_with_selection_heterogeneous
decreasing,797.7638819492139,1388.9176682848465,13678.001238515782,10.391432233373672,10.391432233373672,34144.802710992306,29363.70676603468,1346.6395649532346,27.45729161268545,27.148799341320483
increasing,3.274256312887301,3.2745519381068187,3.4774072265184204,3.279747421300918,3.279747421300918,4.259455541898967,3.252767804854142,5.538675112890931,4.26357831339935,4.218184879983885
periodic,4095.2483542697296,4078.706906238714,4163.599222113659,19.980669190863257,19.980669190863257,235004.9160306188,4268.237578640421,3846.192013522657,17.696138251212563,17.461999061967713
random,5.843922131110902,5.836559685702714,5.90943403753016,5.846232264287734,5.846232264287734,8.339213016032247,5.8748310021133765,6.1002034115655945,14.527126500283837,14.718486642466855
