Workload,static_mean_homogeneous,static_median_homogeneous,dynamic_selection_homogeneous,dynamic_weighting_homogeneous,dynamic_weighting_with_selection_homogeneous,static_mean_heteregoneous,static_median_heterogeneous,dynamic_selection_heterogeneous,dynamic_weighting_heterogeneous,dynamic_weighting_with_selection_heterogeneous
decreasing,0.1372832220567858,0.3267337356425307,0.0802955418684762,0.1182219267973918,0.1183817143948149,0.1109589537191273,0.0897140949561647,0.1652330919571674,0.069532656244223,0.0641214726296272
increasing,0.0482190956732965,0.0482491920355864,0.0490919716461135,0.0482070669017094,0.0482070669017094,0.048141808067969,0.0478698991438253,0.0549631530358319,0.0494490224817971,0.0494490224817971
periodic,0.0236649227944217,0.0236932195309865,0.0246600853896737,0.0236640603958593,0.0236789963018708,0.4489699816839142,0.0244925697152198,0.0249312743871954,0.0701309860874926,0.069722312172113
random,0.0311820789230634,0.0311971070847595,0.0317005370515551,0.0311712513537681,0.0311712513537681,0.0349152166526544,0.0311652765807681,0.0328223049276692,0.0493672053582431,0.0489818678640362
