Workload,static_mean_homogeneous,static_median_homogeneous,dynamic_selection_homogeneous,dynamic_weighting_homogeneous,dynamic_weighting_with_selection_homogeneous,static_mean_heteregoneous,static_median_heterogeneous,dynamic_selection_heterogeneous,dynamic_weighting_heterogeneous,dynamic_weighting_with_selection_heterogeneous
decreasing,0.0070713182163798,0.0008803789447875,0.0461293317351188,0.0061991486994428,0.0061991486994428,1.0306295592450685,1.0672210306981529,0.0009094010915292,0.2373676941436598,0.2331973589613639
increasing,9.661812761096776,9.671795082378637,8.032830059098872,0.960985874926092,0.960985874926092,4.372302475864047,7.542287147094743,4.390704878825221,1.0001005121116435,1.0037981933761737
periodic,0.0005287929109888,0.0005297711930956,0.0005561165659437,0.0005259089172454,0.0005268613055324,0.3598153375140206,0.0007610711900384,0.0006381070735547,0.0595286850303917,0.0601452538182921
random,0.0452765304606213,0.0452810882221284,0.0464914862767708,0.0452062039024268,0.0452222767150613,0.3854688069826326,0.049522421943518,0.1044276839803397,0.381691580932862,0.3950029683313049
