Workload,static_mean_homogeneous,static_median_homogeneous,dynamic_selection_homogeneous,dynamic_weighting_homogeneous,dynamic_weighting_with_selection_homogeneous,static_mean_heteregoneous,static_median_heterogeneous,dynamic_selection_heterogeneous,dynamic_weighting_heterogeneous,dynamic_weighting_with_selection_heterogeneous
decreasing,7308.197247329266,72.66452775343353,1208.642753897659,5.860688311942465,5.860688311942465,53093.07490673849,52036.73729975086,7.594555029175885,20.07643701189796,19.95203493760849
increasing,2.0948074689887632,2.0954289831873285,2.111634043626167,2.0857884220161806,2.0857884220161806,2.382978861365354,2.225363860640954,2.2779394863874693,2.282803981335832,2.288990726945807
periodic,621.9370393399058,628.3018966331581,834.4741643792079,3.366496643489783,3.3666489167930926,3364.2177736505296,1256.279749429202,646.6564221689985,25.351825751560508,25.41829004580065
random,4.209270198548852,4.205860975324021,4.313723936061407,4.105574656583882,4.108265469472999,19.647885319053696,4.495746298013061,4.869552136587092,14.30488720233812,14.601003169957472
