Workload,static_mean_homogeneous,static_median_homogeneous,dynamic_selection_homogeneous,dynamic_weighting_homogeneous,dynamic_weighting_with_selection_homogeneous,static_mean_heteregoneous,static_median_heterogeneous,dynamic_selection_heterogeneous,dynamic_weighting_heterogeneous,dynamic_weighting_with_selection_heterogeneous
decreasing,57.2226447287623,91.37181595471552,42.98223033748094,53.65932360618728,53.70147296224752,52.42095321516206,46.249864767285,62.73465702132302,40.114236758371504,38.21459189341024
increasing,7.464838734977723,7.469573515445527,7.598908258702846,7.462946745311131,7.462946745311131,7.453478771680928,7.411477269483345,8.468545157780111,7.659163137116584,7.659163137116584
periodic,14.51747012537928,14.50813953358957,15.17989929529606,14.00994477798406,13.89278928486792,142.42664173101747,14.39535948930351,14.230762516748802,37.87172051883756,37.77314145170849
random,9.583943428410588,9.588710026798378,9.720530349659429,9.577567677383763,9.577567677383763,10.604429081301276,9.576382963266909,10.128675965681229,15.498030482620448,15.46266321344467
