Workload,static_mean_homogeneous,static_median_homogeneous,dynamic_selection_homogeneous,dynamic_weighting_homogeneous,dynamic_weighting_with_selection_homogeneous,static_mean_heteregoneous,static_median_heterogeneous,dynamic_selection_heterogeneous,dynamic_weighting_heterogeneous,dynamic_weighting_with_selection_heterogeneous
decreasing,8.587599125534673,7.447844679766693,74.38685745125382,8.7107308710552,8.7107308710552,72.83293345689243,60.32583613826714,7.629745312375482,37.35999918619196,36.9053317246961
increasing,3.27459154520552,3.274117646350922,3.519476506368755,3.272100505162018,3.272100505162018,4.382492722204259,3.2639073191103387,5.328979256797867,4.154646762018993,4.120152165030131
periodic,11.704424810832354,11.677090463394224,11.15316629665342,11.603017952697686,11.603017952697686,133.82256025362514,11.407945517342826,10.921925472517916,21.13769532342856,20.907874216747828
random,5.822309103997834,5.815571919927518,5.892790737893667,5.828694751372185,5.828694751372185,8.14104471016224,5.855301757580289,6.094719630106361,14.49137746929253,14.670302089066592
