Workload,static_mean_homogeneous,static_median_homogeneous,dynamic_selection_homogeneous,dynamic_weighting_homogeneous,dynamic_weighting_with_selection_homogeneous,static_mean_heteregoneous,static_median_heterogeneous,dynamic_selection_heterogeneous,dynamic_weighting_heterogeneous,dynamic_weighting_with_selection_heterogeneous
decreasing,0.0090534062320467,0.0081730687043592,0.2110237693474919,0.0094676233418089,0.0094676233418089,1.0129995261391356,1.071847200775817,0.0084129057329413,0.2303810514632593,0.2235232517461706
increasing,2.4191426676774475,2.4566175130667625,2.6050607883144705,0.7779715358760388,0.7779715358760388,1.7219659870922877,2.8265190050179947,0.9967449919481364,0.9338635330530408,0.9788488796448714
periodic,0.003353301141999,0.0033509624781596,0.0034185380915411,0.003330598531968,0.003330598531968,0.8148361836128623,0.0035131118412575,0.0039033083339549,0.0163764826076072,0.0159856763379587
random,0.0281234730158858,0.0280282882242652,0.0288224226555858,0.027319942149347,0.027319942149347,0.0868168028852973,0.028751685497538,0.0303730713424382,0.1630082022354777,0.1655765151108318
