Workload,static_mean_homogeneous,static_median_homogeneous,dynamic_selection_homogeneous,dynamic_weighting_homogeneous,dynamic_weighting_with_selection_homogeneous,static_mean_heteregoneous,static_median_heterogeneous,dynamic_selection_heterogeneous,dynamic_weighting_heterogeneous,dynamic_weighting_with_selection_heterogeneous
decreasing,0.0125280262570307,0.0055237844132907,0.0181784040950545,0.0124804317052878,0.0124804317052878,0.1507127040719761,0.111080988333011,0.0056170553452898,0.0949262948094492,0.0938508195665267
increasing,0.0195673318245918,0.0195730409827614,0.019732679932019,0.0195628283408767,0.0195628283408767,0.0225027782587877,0.0209176659445942,0.0213573606218751,0.0212461281260933,0.0213040830200461
periodic,0.0053584569070053,0.0053713475866991,0.0055759824262515,0.0053442497860432,0.0053315938765683,0.1820472767774103,0.0064391072591527,0.005880996384976,0.0584880730610663,0.0587570423752926
random,0.0228139084452238,0.0227980229844547,0.0234166289780543,0.0228224462663055,0.022836319142712,0.108230546156727,0.0244314130313158,0.0264943615748596,0.0751426526887407,0.0764691816476064
