Workload,static_mean_homogeneous,static_median_homogeneous,dynamic_selection_homogeneous,dynamic_weighting_homogeneous,dynamic_weighting_with_selection_homogeneous,static_mean_heteregoneous,static_median_heterogeneous,dynamic_selection_heterogeneous,dynamic_weighting_heterogeneous,dynamic_weighting_with_selection_heterogeneous
decreasing,0.0084391314500111,0.0078638528060749,0.0621540461646779,0.0085155312773258,0.0085155312773258,0.17404270408493,0.1217564648244611,0.008004698680532,0.0507987863793642,0.049723370549847
increasing,0.0273527517099646,0.0273485831700345,0.0293633743731321,0.0273314535202922,0.0273314535202922,0.0363850489059096,0.0272654461995823,0.0459816303640879,0.0346019146504366,0.0343247593467956
periodic,0.013661238239803,0.0136580804967812,0.013816371431904,0.013652719434884,0.013652719434884,0.5116840608626506,0.0140275938286477,0.0148834789148313,0.0362174859622503,0.0355363941676242
random,0.015075669821632,0.0150493629034112,0.0152447561254796,0.0150856554971846,0.0150856554971846,0.0219720557889335,0.0152192694213565,0.0158156681382768,0.0375208175779784,0.0379241075724542
