Workload,static_mean_homogeneous,static_median_homogeneous,dynamic_selection_homogeneous,dynamic_weighting_homogeneous,dynamic_weighting_with_selection_homogeneous,static_mean_heteregoneous,static_median_heterogeneous,dynamic_selection_heterogeneous,dynamic_weighting_heterogeneous,dynamic_weighting_with_selection_heterogeneous
decreasing,0.0003576584736147,5.014703423874129e-05,0.0024451054702513,0.0003516440524855,0.0003516440524855,0.037456984279442,0.0274846106377953,5.167183485293626e-05,0.0155345850515663,0.0152129115085517
increasing,0.0006212134310748,0.0006220529737871,0.0006317881421196,0.000620971542795,0.000620971542795,0.0007815184558654,0.0006867979947489,0.0007361859147157,0.0007200080873564,0.0007222563819833
periodic,6.077947375572767e-05,6.089278780663773e-05,6.391744026126598e-05,6.0462866967913765e-05,6.057236125312e-05,0.0416662479104566,8.794453099809509e-05,7.415150515043781e-05,0.0069225291660262,0.0069942727544281
random,0.0010055126158586,0.0010052232943258,0.001022876811156,0.001005640261342,0.0010060007185809,0.0146411598225035,0.00107651865797,0.0024434178216272,0.0086347017403383,0.0089369719045172
