Workload,static_mean_homogeneous,static_median_homogeneous,dynamic_selection_homogeneous,dynamic_weighting_homogeneous,dynamic_weighting_with_selection_homogeneous,static_mean_heteregoneous,static_median_heterogeneous,dynamic_selection_heterogeneous,dynamic_weighting_heterogeneous,dynamic_weighting_with_selection_heterogeneous
decreasing,0.0131582732878069,0.0131676174826301,0.014405428604454,0.0131442471362506,0.0131467596189136,0.5040408006782913,0.2790961432363373,0.1291137004198476,0.1348497468530899,0.1285422955999658
increasing,0.049244918626022,0.0499618798691365,0.0501326599197539,0.0532961125431614,0.0532961125431614,0.1349418999648675,0.105221999102099,0.0504213545345251,0.1275442017100495,0.127498067087013
periodic,0.0370924699251635,0.0357840443885432,0.038623075549278,0.0377666033927993,0.0400043823909557,0.0485063704242787,0.0473809869615519,0.0381290329647129,0.1424310890341733,0.14134461012271
random,0.0390947522872047,0.0390323999649338,0.0391377872160635,0.038699781139797,0.038699781139797,0.0909355140479886,0.0407808330798232,0.1146215306782427,0.1757963131637463,0.1843039717072004
