Workload,static_mean_homogeneous,static_median_homogeneous,dynamic_selection_homogeneous,dynamic_weighting_homogeneous,dynamic_weighting_with_selection_homogeneous,static_mean_heteregoneous,static_median_heterogeneous,dynamic_selection_heterogeneous,dynamic_weighting_heterogeneous,dynamic_weighting_with_selection_heterogeneous
decreasing,41660.761327990826,59225.443524776434,29439.88042915421,37.35446869316872,37.38787922504244,26683.39950355538,27297.448759432304,47278.09253120606,29.37957597690492,28.132136762235664
increasing,7.5077991960875,7.516717476499811,7.6127022007373935,7.496805534347691,7.496805534347691,7.5153769583702275,7.39731549037639,8.422395423802215,7.8406581142778435,7.8406581142778435
periodic,6016.03177532216,6104.567562662624,6314.313271874915,16.825609817398387,15.273371420521038,215081.3848640237,5990.79489553418,6491.269060648007,33.30923858452611,33.22592122498104
random,9.771108699846003,9.775560405821707,9.902400847349597,9.573087984297027,9.573087984297027,11.018075940778772,9.819268029881297,10.32514465660211,15.401567210877726,15.36796003765448
