Workload,static_mean_homogeneous,static_median_homogeneous,dynamic_selection_homogeneous,dynamic_weighting_homogeneous,dynamic_weighting_with_selection_homogeneous,static_mean_heteregoneous,static_median_heterogeneous,dynamic_selection_heterogeneous,dynamic_weighting_heterogeneous,dynamic_weighting_with_selection_heterogeneous
decreasing,0.0106457103583633,0.0099782580300098,0.0730812105607795,0.0107538219781104,0.0107538219781104,0.1832323931406764,0.136212329693315,0.010144052559794,0.0582045830995038,0.0571151462655779
increasing,0.0347267882758825,0.0347168670509687,0.037292853706308,0.034721054930538,0.034721054930538,0.0453752668613699,0.0347396494010852,0.0612390452675867,0.0438574706379961,0.0435441972864198
periodic,0.019386036909083,0.0193803064988049,0.0195697609333778,0.0193827305174374,0.0193827305174374,0.5832408856858483,0.0197798601175707,0.0207776100471766,0.0429814208133744,0.0424650727539249
random,0.0189645341698573,0.0189364162814993,0.019212793179783,0.0189721712590614,0.0189721712590614,0.0281414395915248,0.0191781832829618,0.0199328515238584,0.0466832629978359,0.0470471143247642
