Workload,static_mean_homogeneous,static_median_homogeneous,dynamic_homogeneous,dynamic_weighting_homogeneous,dynamic_weighting_with_selection_homogeneous,static_mean_heterogeneous,static_median_heterogeneous,dynamic_heterogeneous,dynamic_weighting_heterogeneous,dynamic_weighting_with_selection_heterogeneous
decreasing,0.0691403104878441,0.0646519228926322,0.0059775751298631,0.0083372128162432,0.0081394011998513,1.002732328293345,1.5657337291421145,0.6362395960711136,0.2288166416806202,0.2287061336356839
increasing,1.098726883350356,1.1306850041875107,0.4629575284057613,0.3201186884038174,0.3200666862337774,1.4554346805244758,1.6651307205533703,1.343751557908565,0.9968028405890664,0.9968021610126788
periodic,1.5780887904426095,1.5305372328201186,0.2620504577165794,0.212522472509787,0.1975562599483237,1.0113441116535633,0.6962531899932696,0.2832828678861898,0.1806316284657587,0.1806245196742753
random,0.0524539111387227,0.0523609299854263,0.06166470380935,0.0544600792973729,0.0550717962322665,1.0090750033012708,1.0508740027114474,0.0550117401446943,0.0619655483833258,0.0619766035706601
