Workload,static_mean_homogeneous,static_median_homogeneous,dynamic_homogeneous,dynamic_weighting_homogeneous,dynamic_weighting_with_selection_homogeneous,static_mean_heterogeneous,static_median_heterogeneous,dynamic_heterogeneous,dynamic_weighting_heterogeneous,dynamic_weighting_with_selection_heterogeneous
decreasing,0.0020408326688834,0.0019485707377461,0.0006832153165821,0.000807080180367,0.0007973818338225,0.0740623861498374,0.0087671896357235,0.0049712985076278,0.0043604284775099,0.0043591338842771
increasing,0.1943813685736684,0.1902369796572471,0.0407253521876833,0.0412280821576407,0.0412232701839102,0.0993406242277336,0.0800065510809151,0.1433803718887708,0.1420383503736558,0.142037873577283
periodic,0.0814972432777458,0.0749005564465846,0.0388610489602418,0.0407531469068185,0.0392804026821283,0.0530473977389948,0.046873920871609,0.0387349073190608,0.037697557945409,0.037696940644778
random,0.0028333005054746,0.0028315884425756,0.0031056940961995,0.0028711603683604,0.0028872550392943,0.0374446202533477,0.0069427165185244,0.002918053855632,0.0030695684644926,0.0030699106888833
