Workload,static_mean_homogeneous,static_median_homogeneous,dynamic_homogeneous,dynamic_weighting_homogeneous,dynamic_weighting_with_selection_homogeneous,static_mean_heterogeneous,static_median_heterogeneous,dynamic_heterogeneous,dynamic_weighting_heterogeneous,dynamic_weighting_with_selection_heterogeneous
decreasing,17.449171297526895,16.68828211832961,3.4024995085810805,6.681742158706931,6.600516019329203,138.92458456090878,43.71240671006322,28.215200644145146,26.34301435234629,26.33451040339798
increasing,50.33670260411098,48.04389381165801,2.730357258202405,2.9655298079815107,2.960950147232733,18.54601982864545,12.331951283469914,30.42502856619186,30.047162086002,30.04701967218621
periodic,16.131966642727424,14.130672631317369,1.4956255142904409,1.9945564110764271,1.8858523237574272,7.4617432306961105,4.522268509438999,0.8697970367491377,0.8845340326420198,0.8829548193998387
random,0.1673755522309316,0.1667240752090908,0.2040374916175281,0.17324292169177,0.1739492615835955,4.552544778828059,0.5074516543139961,0.1892795056917387,0.2062549794621693,0.2065621524600869
