Workload,static_mean_homogeneous,static_median_homogeneous,dynamic_homogeneous,dynamic_weighting_homogeneous,dynamic_weighting_with_selection_homogeneous,static_mean_heterogeneous,static_median_heterogeneous,dynamic_heterogeneous,dynamic_weighting_heterogeneous,dynamic_weighting_with_selection_heterogeneous
decreasing,5667.605496357775,5438.931690334871,5793.44669375511,10.819612723371984,11.63286932857972,42644.80515930319,44662.96137399005,42625.025803132055,39.714412971359415,39.31653809244283
increasing,7.422755412992187,7.415041337930702,7.56653790622375,7.639676973365438,7.652189091618798,7.871222165240874,7.531857989252335,7.422645238785917,7.644287148946072,7.56594116438416
periodic,6173.345187562159,6113.247869553285,6852.314128878973,14.206307630719555,14.282487138330168,70709.78847608135,33558.46065209913,5700.384103882911,14.25429873486332,14.290670116445783
random,9.98689826391156,9.98278828175554,10.19197617325467,9.712807492270398,9.723909325021518,17.678508168619185,13.812061450901538,10.092093840187957,9.735596673716715,9.80416423591247
