Workload,static_mean_homogeneous,static_median_homogeneous,dynamic_homogeneous,dynamic_weighting_homogeneous,dynamic_weighting_with_selection_homogeneous,static_mean_heterogeneous,static_median_heterogeneous,dynamic_heterogeneous,dynamic_weighting_heterogeneous,dynamic_weighting_with_selection_heterogeneous
decreasing,0.0551261387061339,0.0550038254803877,0.0792279420951802,0.0382606528087484,0.0401025423907065,1.380114759522696,1.4905464775884485,1.584436485019583,0.9536950044881288,0.9514048922746174
increasing,12.646498787307287,12.38552035473018,9.565633092985353,0.9901617449493632,0.9930977075778888,4.889952429686258,7.682179341758955,11.344048027093518,0.9839802179303616,0.9880613059811472
periodic,0.0266005005324523,0.0265565669402011,0.027547536581695,0.0253951799994126,0.0254058181728236,0.2659547121812959,0.0506419774204885,0.0265964246933641,0.025513781295674,0.0254450334023442
random,0.124473210877125,0.1242793045717949,0.1296559221512084,0.1119995715865238,0.1123654606304012,0.5624475392620962,0.2441172502801175,0.1258548171496825,0.1121806663757849,0.1132663175693301
