Workload,static_mean_homogeneous,static_median_homogeneous,dynamic_homogeneous,dynamic_weighting_homogeneous,dynamic_weighting_with_selection_homogeneous,static_mean_heterogeneous,static_median_heterogeneous,dynamic_heterogeneous,dynamic_weighting_heterogeneous,dynamic_weighting_with_selection_heterogeneous
decreasing,0.0006444110595677,0.0006525212825941,0.0013022883459712,0.0004864819854595,0.0005082305637602,0.0354661970826749,0.0367799396865484,0.0316760351462497,0.0309104956697039,0.030105457401468
increasing,0.0040102169568994,0.0040079648371685,0.0040980872278951,0.00400526288644,0.0040077369512313,0.0046942993028756,0.0043282792100592,0.0039928478937185,0.0040388349718758,0.0039746086945201
periodic,0.0014828309409376,0.0014813382566604,0.0015351099520929,0.0014784118475248,0.001479033040804,0.0072069662817244,0.0023187851299214,0.0014919273216083,0.0014903248794824,0.0014862788741318
random,0.0016216241715054,0.0016229937734498,0.0017142225890284,0.0016297249308997,0.0016350356296916,0.0033961803504765,0.0022130022390405,0.0016603052596975,0.0016393001394112,0.001655562480983
