Workload,static_mean_homogeneous,static_median_homogeneous,dynamic_homogeneous,dynamic_weighting_homogeneous,dynamic_weighting_with_selection_homogeneous,static_mean_heterogeneous,static_median_heterogeneous,dynamic_heterogeneous,dynamic_weighting_heterogeneous,dynamic_weighting_with_selection_heterogeneous
decreasing,0.0207425476676755,0.0208203442127834,0.0278232718386232,0.017162332704141,0.0175755106864931,0.1604182174867904,0.1581416832415111,0.1433677595214563,0.1426751188782205,0.1401012550827596
increasing,0.0484266076917673,0.0484033229602978,0.0492182753485019,0.0483919078333304,0.0485106518859744,0.0524458597889882,0.0496072023326282,0.0482904906491312,0.0482320403639892,0.0480068542309048
periodic,0.0246532099270577,0.0245949291213538,0.0252775090622107,0.0246375825962425,0.0247214759285647,0.0712136964095666,0.0368312440375445,0.0246558500913969,0.0246905682850005,0.0246468166861627
random,0.0318314947552815,0.0318183058279141,0.032590265688657,0.0319195414876411,0.0319785147095614,0.047330177517207,0.0380514497343816,0.0321981459019289,0.0321021044318982,0.0321346145620024
