Workload,static_mean_homogeneous,static_median_homogeneous,dynamic_homogeneous,dynamic_weighting_homogeneous,dynamic_weighting_with_selection_homogeneous,static_mean_heterogeneous,static_median_heterogeneous,dynamic_heterogeneous,dynamic_weighting_heterogeneous,dynamic_weighting_with_selection_heterogeneous
decreasing,0.0001040202064842,0.0001491535112902,0.0010087931038806,0.0001359377759639,0.0001577785962973,0.0314423496527987,0.0317768352251292,0.0423588801085463,0.0305943119468584,0.0302015165067796
increasing,0.001221430787457,0.0012222638767845,0.0017463147174503,0.0012497112616053,0.0013881259899371,0.00572435790505,0.0042172525648009,0.0018167683136675,0.0020817683498004,0.0020585778475753
periodic,0.000419987501345,0.0004176071783294,0.0004551113437928,0.0004216998314425,0.0004225172613729,0.0390850887592741,0.0011614389361098,0.0004197888435424,0.0004302430388375,0.000429626740818
random,0.0003772926525492,0.0003785642029034,0.0004276472512423,0.0003822531653484,0.0003851362071249,0.0019354868722148,0.000551740105577,0.0003879624941828,0.0003759215561486,0.0003757486213709
