Workload,static_mean_homogeneous,static_median_homogeneous,dynamic_homogeneous,dynamic_weighting_homogeneous,dynamic_weighting_with_selection_homogeneous,static_mean_heterogeneous,static_median_heterogeneous,dynamic_heterogeneous,dynamic_weighting_heterogeneous,dynamic_weighting_with_selection_heterogeneous
decreasing,7.769006689573446,14.791176861513176,42.0089112516217,9.452574505215734,10.943565572661102,69.44674090119895,66.72086101543394,70.72643244348608,66.07642940634597,65.83101917248796
increasing,3.279587293903276,3.2778143169819702,3.996116226231915,3.316693106166725,3.518960891742986,8.33135624396906,6.671196778494366,4.032526533437373,4.36447587543986,4.3362230555941
periodic,11.009878767638634,11.016180810330418,11.557257283318076,11.01349783886847,11.028177111237056,56.22884208001412,17.552454154911665,11.097610745217208,11.025513325015874,11.019569147396764
random,5.984222106067807,5.996553251749033,6.342584979519625,6.021405642845217,6.045523404986378,15.657779778956764,7.520794141997976,6.095644151815663,6.017100867824985,6.013090833530452
