Workload,static_mean_homogeneous,static_median_homogeneous,dynamic_homogeneous,dynamic_weighting_homogeneous,dynamic_weighting_with_selection_homogeneous,static_mean_heterogeneous,static_median_heterogeneous,dynamic_heterogeneous,dynamic_weighting_heterogeneous,dynamic_weighting_with_selection_heterogeneous
decreasing,1537.7500538805018,196.59972375752776,6878.974651287416,10.434010348120124,15.154396696728506,35255.58086791909,38610.20741050864,44594.20889831979,44.05242390954877,43.90328319578409
increasing,3.2657525974762938,3.263170216280757,3.935498155324214,3.3458994783781137,3.5657145719336323,7.927886866978224,6.385474242964255,3.939956626047588,4.494336593424954,4.463727504388246
periodic,4038.358069980944,4031.780616691904,3911.9693194532015,11.236854874356863,11.303781719814266,26098.489066965823,16869.31156757808,3753.469924075308,11.113557856383723,11.136937603173145
random,6.0053314967017455,6.017734914661975,6.371829742204536,6.043135937749606,6.068025624029139,18.45584024350375,7.9884387199261955,6.113406911937081,6.000394775450877,5.999972521611081
