,training,testing
rmse,0.17370154642605895,0.2893554734334515
