,training,testing
mse,0.3501468088643998,0.014877100431267649
