,training,testing
mae,0.5690921608746052,0.10277316074585155
