,training,testing
arv,0.9003823028401451,1.0372418945267803
