,training,testing
mape,84.44834904810885,11.012621511033696
