,training,testing
nrmse,0.6600058585445694,0.6385511065151733
