,training,testing
smape,53.85516614604858,10.222314197975901
