,training,testing
rmse,0.5917320414380143,0.12197171980122133
