,arima,lstm,mlp,rf,svr,xgboost
0,1.0372418945267805,1.0495680282239794,2.14323114724112,6.793350727587689,1.148155015034669,1.0063401499009246
