,arima,lstm,mlp,rf,svr,xgboost
0,1.0361915572634586,8.863799999092528,11.849157315407352,2.192467135248931,11.860833423330297,1.2396076946047083
