,training,testing
smape,52.27676644611211,10.3199147966781
