,training,validation,testing
rmse,0.020928112416256247,0.021560907720892888,0.025019158418402642
