,training,testing
nrmse,0.5928821487749758,0.6451542951098196
