,training,validation,testing
smape,1.5456855596476051,2.1235853795403448,3.020677886191176
