,training,validation,testing
arv,0.008405954350060418,1.7315201302143362,1.2396076946047083
