,training,testing
mape,84.80834383488494,11.125828807549846
