,training,validation,testing
arv,0.011791457083992613,7.018211531403862,11.860833423330297
