,training,validation,testing
smape,2.2787751492566866,1.8582678819649854,2.1035908837856434
