,training,validation,testing
rmse,0.021571382583073524,0.02196810819895565,0.02564720964589769
