,training,validation,testing
mae,0.01325117321290681,0.031024159754070448,0.05268374196354995
