,training,validation,testing
arv,0.011846752555880068,6.647161450862852,11.849157315407352
