,training,testing
mae,0.502627438308739,0.10383607480586209
