,training,validation,testing
mape,2.2173286932553666,1.8596309495157712,2.100547697215286
