,training,validation,testing
mse,0.00046532454654532775,0.0004825977778410225,0.0006577793626206275
