,training,validation,testing
nrmse,0.024028427445069965,0.14125886364658222,0.13098127433298115
