,training,validation,testing
mape,2.4443400501965726,1.9006129385964594,2.110396481534856
