,training,validation,testing
mape,2.291277466103726,1.8591930084495358,2.1071514631096355
