,training,validation,testing
nrmse,0.024766992406090562,0.14392668624255542,0.13426927262405022
