,training,validation,testing
smape,2.0325139372682655,3.3953412033959505,5.736162934175437
