,training,validation,testing
smape,2.202918945665401,1.8581575816604787,2.0973463627117113
