,training,validation,testing
mae,0.016069351882938815,0.017111557464017154,0.01964217364447807
