,training,validation,testing
arv,0.005951565445320919,4.7059137886864235,2.192467135248931
