,training,validation,testing
mse,0.00043833176681846477,0.0004644804291863876,0.0006319645992498361
