,training,validation,testing
arv,0.01287840047935271,5.650154305173497,8.863799999092528
