,training,validation,testing
rmse,0.02093637425196791,0.021551808025926447,0.025138906086976737
