,training,validation,testing
mape,2.1146283853255863,3.3246699312969468,5.552061617276291
