,training,testing
arv,0.918736047827734,1.0361915572634586
