,training,validation,testing
nrmse,0.02403791319877829,0.1411992459075181,0.1316081819997355
