,training,testing
rmse,0.5163843654570931,0.12323301629079585
