,training,validation,testing
nrmse,0.01705391054025896,0.15873695340777516,0.17769868809163186
