,training,validation,testing
rmse,0.014853496248941798,0.02422865876143215,0.033942803280448644
