,training,validation,testing
mape,1.551765227629984,2.106838732534724,2.9697652910009706
