,training,validation,testing
mae,0.01124021115552902,0.019547104384034834,0.028184817428457156
