,training,validation,testing
mse,0.00030605802770113495,0.0013517283979129588,0.0033018886447276474
