,training,validation,testing
rmse,0.017494514217352104,0.036765859134704836,0.05746206265639659
