,training,validation,testing
nrmse,0.020086171996661496,0.24087591995610308,0.3008276324354863
