,training,validation,testing
mae,0.016307355335167997,0.017113338739645125,0.019700995053553407
