,training,testing
mse,0.26665281288852466,0.015186376304127554
