,training,validation,testing
mse,0.00043798588930745884,0.0004648727417488585,0.0006259582879651278
