,training,validation,testing
mae,0.017007534228829477,0.01745825126592762,0.019641297210961715
