,training,validation,testing
smape,2.4237189497839458,1.895530771502044,2.096879522067406
