,training,validation,testing
mse,0.0002206263508173281,0.0005870279053779229,0.0011521138945352351
