,training,testing
rmse,0.14304758966661468,0.11507739812077025
