,training,testing
mape,23.06190737805348,11.896093411860836
