,training,testing
nrmse,0.159552365968229,0.6024576846555965
