,training,testing
smape,15.609320778311965,12.681907510259757
