,training,testing
arv,12.618895367765505,1.0495680282239794
