,training,testing
mae,0.1025637678891789,0.11236454364594944
