,training,testing
mse,0.020462612909428166,0.013242807558246257
