,arima,lstm,mlp,rf,svr,xgboost
0,0.1027731607458515,0.1123645436459494,0.0255423486134492,0.0210545102546314,0.0673672250510178,0.3151625203124063
