,arima,lstm,mlp,rf,svr,xgboost
0,0.103836074805862,0.0196412972109617,0.0197009950535534,0.0281848174284571,0.019642173644478,0.0526837419635499
