,arima,lstm,mlp,rf,svr,xgboost
0,11.012621511033696,11.896093411860836,2.715296526121973,2.2372307964373226,7.109486773719636,33.49671696741177
