,arima,lstm,mlp,rf,svr,xgboost
0,11.125828807549846,2.110396481534856,2.1071514631096355,2.96976529100097,2.100547697215286,5.552061617276291
