,training,testing
mae,0.0232269163216039,0.025542348613449287
