,training,testing
arv,0.0261552400405822,2.14323114724112
