,training,testing
smape,3.2512878563425462,2.7372826535497814
