,training,testing
mse,0.0008439536078227509,0.0010409358407870756
