,training,testing
mape,3.167977591810893,2.7152965261219735
