,training,testing
nrmse,0.03240275904492135,0.16890732944648792
