,arima,lstm,mlp,rf,svr,xgboost
0,0.0151863763041275,0.0006577793626206,0.0006319645992498,0.0011521138945352,0.0006259582879651,0.0033018886447276
