,arima,lstm,mlp,rf,svr,xgboost
0,0.0148771004312676,0.0132428075582462,0.001040935840787,0.0006978325864248,0.0051126166127982,0.0999637668191753
