,arima,lstm,mlp,rf,svr,xgboost
0,0.6385511065151733,0.6024576846555965,0.1689073294464879,0.138296801905406,0.3743330112167113,1.6552279866280777
