,arima,lstm,mlp,rf,svr,xgboost
0,0.6451542951098196,0.1342692726240502,0.1316081819997355,0.1776986880916318,0.1309812743329811,0.3008276324354863
