,training,testing
arv,0.0020139920132818587,6.793350727587689
