,training,testing
mse,6.589715022571454e-05,0.0006978325864248005
