,training,testing
mae,0.006284121091014765,0.021054510254631422
