,training,testing
mape,0.8179497688769282,2.2372307964373226
