,training,testing
nrmse,0.009054323787406138,0.138296801905406
