,training,testing
rmse,0.008117705970636935,0.026416521088606662
