,training,testing
smape,0.8171270379213761,2.248586669518256
