,arima,lstm,mlp,rf,svr,xgboost
0,0.1219717198012213,0.1150773981207702,0.0322635373260136,0.0264165210886066,0.0715025636799005,0.3161704711372891
