,arima,lstm,mlp,rf,svr,xgboost
0,0.1232330162907958,0.0256472096458976,0.0251389060869767,0.0339428032804486,0.0250191584184026,0.0574620626563965
