,arima,lstm,mlp,rf,svr,xgboost
0,10.2223141979759,12.681907510259755,2.7372826535497814,2.248586669518256,7.401248424823824,40.2641471429456
