,arima,lstm,mlp,rf,svr,xgboost
0,10.3199147966781,2.096879522067406,2.1035908837856434,3.020677886191176,2.0973463627117117,5.736162934175437
