,training,testing
mape,5.673397439428928,7.109486773719636
