,training,testing
rmse,0.04155770889620233,0.07150256367990059
