,training,testing
smape,5.430705489813451,7.401248424823824
