,training,testing
mae,0.035329425865584525,0.06736722505101785
