,training,testing
arv,0.06943586951319997,1.1481550150346693
