,training,testing
mse,0.0017270431687014948,0.005112616612798239
