,training,testing
nrmse,0.0463526214881445,0.37433301121671136
