,training,testing
rmse,0.24858111195178184,0.3161704711372891
