,training,testing
mape,31.909544286374175,33.49671696741177
