,training,testing
mae,0.23646013505270322,0.3151625203124063
