,training,testing
smape,34.00638454404339,40.2641471429456
