,training,testing
mse,0.0617925692191843,0.09996376681917535
