,training,testing
arv,1.28569555904373,1.0063401499009246
