,training,testing
nrmse,0.2772623057777847,1.6552279866280775
