,training,testing
rmse,0.3347042558465391,0.10269927981867692
