,training,testing
rmse,0.06734720293606512,0.1846510203452558
