,training,testing
rmse,0.003618884777682885,0.05312324677981278
