,training,testing
rmse,0.05751708918674616,0.2810977182505874
