,training,testing
rmse,0.25135584419448204,0.07278784916238021
