,training,testing
mape,468.7865931894242,17.47719426232561
