,training,testing
mae,0.33354336900701803,0.08437428490402947
