,training,testing
mse,0.11141913590709178,0.0105471420752749
