,training,testing
nrmse,1.0265715803477948,0.1527042217906514
