,training,testing
smape,114.35284834501233,19.588837765409732
