,training,testing
arv,0.9286507790940207,1.3869475115647913
