,training,testing
rmse,0.3337950507528411,0.10269927981867692
