,arima,lstm,mlp,rf,svr,xgboost
0,1.3869475115647911,1.0809244889673515,0.6992888153080552,1.340928965701287,1.0957068720501748,123.07468600661836
