,arima,lstm,mlp,rf,svr,xgboost
0,1.397327504268477,0.8068933184344835,0.8743597576751617,1.1236884310887527,0.2477759877622383,1.159791615182384
