,training,validation,testing
arv,0.01859055745325904,2.9289932114701553,1.159791615182384
