,training,validation,testing
mse,6.47989633361579e-06,8.676237762815381e-06,0.003461156492920992
