,training,validation,testing
smape,0.6141693556559716,0.2614439094886613,1.8829020904258877
