,training,testing
mse,0.11519769409656927,0.010274201286439256
