,training,testing
rmse,0.33940785803597606,0.10136173482354796
