,training,testing
nrmse,1.4127130783475788,0.15071541750739095
