,training,testing
mae,0.33915389031809073,0.08303400714337414
