,training,validation,testing
smape,0.16326275448035535,15.08623078644646,57.62075010518619
