,training,validation,testing
rmse,0.002545564050189229,0.0029455454100752515,0.05883159434284432
