,training,testing
arv,0.9596928759800863,1.397327504268477
