,training,validation,testing
mae,0.001533015910431104,0.002089620844837676,0.03154979649871326
