,training,validation,testing
mape,0.16311418765216784,13.765856728064774,44.32356035193934
