,training,validation,testing
rmse,0.0009895909908812942,0.0012882993287536735,0.03450932170706608
