,training,validation,testing
mse,8.998259663855606e-05,0.0008026962511577767,0.03805446393369688
