,training,validation,testing
smape,12.756957783074125,8.459562090407935,48.76827391839757
