,training,validation,testing
nrmse,0.010323820850246636,0.0336877533182539,0.11014742476399193
