,training,validation,testing
rmse,0.0024803238359114646,0.0028583927342075814,0.07407824789973422
