,training,testing
smape,128.5572869138941,19.23489969493882
