,training,validation,testing
nrmse,0.0016877804285847407,0.5566777775844999,0.3245128328528562
