,training,validation,testing
mae,0.00015421915510988333,0.041188576470586324,0.20588526932807186
