,training,validation,testing
nrmse,0.004118962192338988,0.015183326443473272,0.05131213310458295
