,training,validation,testing
nrmse,0.010595369377371858,0.03471489623340329,0.08747707721698678
