,training,validation,testing
mae,0.00496422002033839,0.024124443812913367,0.18113935706216128
