,training,validation,testing
arv,0.00018033720753310366,0.0030984693823732975,0.24777598776223833
