,training,validation,testing
arv,0.0011340943455754326,0.01535273953900694,0.8743597576751617
