,training,testing
mape,589.5252311175055,17.193734243863247
