,training,validation,testing
arv,0.0011770529677983135,0.01577042258465594,0.8068933184344835
