,training,validation,testing
rmse,0.009485915698474031,0.02833189459174548,0.19507553391877946
