,training,validation,testing
arv,3.0274505969110737e-05,1.3150848727760784,1.1236884310887527
