,training,validation,testing
smape,1.965963849282562,0.7243592061042675,6.1704912454944845
