,training,validation,testing
mse,9.792903292334218e-07,1.6597151604671657e-06,0.0011908932846817822
