,training,validation,testing
mse,1.6442496101382716e-07,0.002231040589320458,0.0476317413830964
