,training,validation,testing
smape,2.588665567007516,0.658709925649849,7.69277157788713
