,training,validation,testing
mape,2.3396867033811968,0.6570139439475008,7.951441838470736
