,training,validation,testing
mape,23.100579550551107,8.080427616646402,38.72895400166195
