,training,validation,testing
mae,0.0013968557089635736,0.0018894267803147196,0.039871110805173915
