,training,validation,testing
mse,6.152006330990562e-06,8.170409022970693e-06,0.005487586811894477
