,training,validation,testing
nrmse,0.03948310815454492,0.3339071865889303,0.2900590700349354
