,training,validation,testing
mape,1.928929501038396,0.7230678546946773,6.149067708975978
