,training,validation,testing
mae,0.00042964955603572386,0.0007444676418657478,0.0098375979223432
