,training,validation,testing
mape,0.6142737434949486,0.26142311085807757,1.9082811125953638
