,training,validation,testing
rmse,0.00040549347838630793,0.04723389237952403,0.21824697336525975
