,training,testing
smape,55.15394962999925,72.76655456419043
