,training,testing
mae,0.06999586705108608,0.2441598665068114
