,training,testing
arv,11.874248703199548,1.0809244889673517
