,training,testing
mse,0.005987389456977801,0.06447819916539661
