,training,testing
mape,120.58569100361308,53.12621749631744
