,training,testing
nrmse,0.23797322609783692,0.377563580295042
