,arima,lstm,mlp,rf,svr,xgboost
0,0.0843742849040294,0.2441598665068114,0.0263609426863308,0.1243324979584152,0.2676429494189777,0.0469786102406465
