,arima,lstm,mlp,rf,svr,xgboost
0,0.0830340071433741,0.0315497964987132,0.0398711108051739,0.2058852693280718,0.0098375979223432,0.1811393570621612
