,arima,lstm,mlp,rf,svr,xgboost
0,17.193734243863247,6.149067708975978,7.951441838470736,44.32356035193934,1.908281112595364,38.72895400166195
