,arima,lstm,mlp,rf,svr,xgboost
0,17.47719426232561,53.12621749631744,5.197001359800284,25.88626529028668,57.83935626227647,10.259412213172302
