,training,testing
smape,3.9538938847149883,5.273302431921871
