,training,testing
mae,0.0028466026256897667,0.02636094268633083
