,training,testing
mape,3.6275728745209084,5.197001359800284
