,training,testing
arv,0.0017732216521310473,0.6992888153080552
