,training,testing
mse,1.7558832249153582e-05,0.003141764379804516
