,training,testing
nrmse,0.012887158172331034,0.08334325380489796
