,arima,lstm,mlp,rf,svr,xgboost
0,0.0105471420752749,0.0644781991653966,0.0031417643798045,0.0207209376342058,0.0788015530394122,0.0052980709856854
