,arima,lstm,mlp,rf,svr,xgboost
0,0.0102742012864392,0.0034611564929209,0.0054875868118944,0.0476317413830964,0.0011908932846817,0.0380544639336968
