,arima,lstm,mlp,rf,svr,xgboost
0,0.1527042217906514,0.377563580295042,0.0833432538048979,0.2140367499476786,0.4173986445026174,0.1082287225556104
