,arima,lstm,mlp,rf,svr,xgboost
0,0.1507154175073909,0.0874770772169867,0.1101474247639919,0.3245128328528562,0.0513121331045829,0.2900590700349354
