,training,testing
arv,1.97696520120602e-05,1.340928965701287
