,training,testing
mae,0.00017902352459164478,0.1243324979584152
