,training,testing
mse,1.9607010141129128e-07,0.02072093763420585
