,training,testing
mape,0.1441509502306298,25.886265290286676
