,training,testing
nrmse,0.0013618053335649348,0.21403674994767868
