,training,testing
rmse,0.00044279803681959934,0.14394769061782772
