,training,testing
smape,0.14428537673676126,30.601919453585463
