,arima,lstm,mlp,rf,svr,xgboost
0,0.1013617348235479,0.0588315943428443,0.0740782478997342,0.2182469733652597,0.034509321707066,0.1950755339187794
