,arima,lstm,mlp,rf,svr,xgboost
0,19.23489969493882,6.1704912454944845,7.69277157788713,57.62075010518619,1.882902090425888,48.76827391839757
