,arima,lstm,mlp,rf,svr,xgboost
0,19.58883776540973,72.76655456419043,5.273302431921871,30.601919453585463,82.68948497697508,10.216683829927875
