,training,testing
rmse,0.05777902360916214,0.2807161431756503
