,training,testing
arv,1.730469000590762,1.0957068720501748
