,training,testing
mse,0.0033384155692281164,0.0788015530394122
