,training,testing
mape,98.54205496927571,57.83935626227647
