,training,testing
mae,0.05265029209381714,0.2676429494189777
