,training,testing
nrmse,0.17769677364488387,0.41739864450261743
