,training,testing
smape,46.29476740986632,82.68948497697508
