,training,testing
nrmse,0.7720173101088569,0.10822872255561045
