,training,testing
arv,1.0686091899397177,123.07468600661836
