,training,testing
mse,0.06301375908637387,0.005298070985685413
