,training,testing
mape,425.1939882528692,10.259412213172302
