,training,testing
mae,0.24101297396987692,0.046978610240646576
