,training,testing
smape,98.40816041664866,10.216683829927877
