,training,testing
nrmse,0.7132757887589628,0.27580278000268266
