,training,testing
arv,0.9038468484015121,0.9641462525059338
