,training,testing
smape,83.15630991101611,7.608496949183237
