,training,testing
mape,217.29028333795844,8.054544658217742
