,training,testing
mae,0.6527751803144665,0.06652325885408403
