,training,testing
mse,0.4300462994811974,0.0066132593421288875
