,training,testing
rmse,0.6557791545034024,0.08132194871084243
