,arima,lstm,mlp,rf,svr,xgboost
0,0.9638362011305508,1.985520309086116,3.195833054797904,1.165957655102984,3.0805097797310665,1.082365171055053
