,arima,lstm,mlp,rf,svr,xgboost
0,0.9641462525059338,1.034890431871979,1.909088047179893,2.542629905577392,1.2096842690898917,1.0242389354430763
