,training,validation,testing
rmse,0.014007905292560241,0.025326419242766803,0.03638714216396906
