,training,validation,testing
mae,0.007368292405042419,0.06333341709589128,0.13698008461927982
