,training,validation,testing
nrmse,0.014783449328936053,0.12830211937883304,0.11996964485049073
