,training,validation,testing
mae,0.009439826712347154,0.019745165809228978,0.02779862730064907
