,training,validation,testing
mae,0.00941638853017676,0.019867138635884355,0.027949557352609584
