,training,validation,testing
mape,2.3807227661602544,2.608665517240239,3.3601390086700067
