,training,testing
smape,89.10250422533701,7.109349383191919
