,training,validation,testing
rmse,0.013658733560055612,0.025083668051349043,0.035489950662666706
