,training,validation,testing
mape,2.48925633522182,2.585831184993202,3.3294217420012955
