,training,validation,testing
rmse,0.01359176640278433,0.024969501379767257,0.03537370183612613
