,training,validation,testing
mape,3.157988468491133,8.14150330539324,16.232566782148613
