,training,validation,testing
mape,2.4556418648895995,2.640626260630891,3.5047476962359116
