,training,validation,testing
mse,0.0001847361139478569,0.000623475999154199,0.0012512987815911528
