,training,validation,testing
mae,0.009722741560460598,0.020124377996010873,0.02900022184397025
