,training,testing
rmse,0.6277805040912199,0.07654544330210547
