,training,validation,testing
arv,0.004579427614280265,1.3444801177089147,1.985520309086116
