,training,validation,testing
arv,0.0013635286928782402,1.7179873445614129,1.165957655102984
