,training,validation,testing
nrmse,0.012122186409288097,0.36555390294777573,0.4833211417927112
