,training,testing
mae,0.6252423400464997,0.06193878999971359
