,training,testing
arv,0.9421718691235533,0.9638362011305507
