,training,validation,testing
arv,0.004274693069401914,1.5810699362544742,3.195833054797904
