,training,validation,testing
mse,0.00018656100246458945,0.0006291904029102687,0.001259536598038517
