,training,validation,testing
smape,2.4486550687035145,2.629244708470134,3.465261976063273
