,training,validation,testing
nrmse,0.008352030252132204,0.22049500972317942,0.35282636278407103
