,training,validation,testing
nrmse,0.015236073955382077,0.1301360894517842,0.12340672013234073
