,training,validation,testing
arv,0.0029168344325503533,1.273198854700994,1.082365171055053
