,training,validation,testing
mape,1.3274272477264255,4.4581475489479185,11.363602989426177
