,training,validation,testing
smape,2.4596625417164755,2.5810686604184903,3.3270229223484598
