,training,validation,testing
mae,0.005303023219134255,0.03488174067403072,0.09642581382118512
