,training,validation,testing
mse,0.0001242116027696122,0.005061216665023397,0.020309061786554946
