,training,validation,testing
rmse,0.011145025920544654,0.07114222842323255,0.1425098655762293
