,training,validation,testing
mse,5.8963651004496334e-05,0.0018414062330296467,0.010822817385340987
