,training,validation,testing
mse,0.00019622141068533722,0.0006414275116603885,0.0013240241148608947
