,training,validation,testing
smape,1.3250818484106401,4.603488184567915,12.148985525741216
