,training,testing
mape,256.0804891115068,7.500279401292502
