,training,testing
nrmse,0.6828223055706194,0.25960329768196627
