,training,validation,testing
nrmse,0.014856287953945092,0.12888874807051529,0.12036390187507266
