,training,validation,testing
arv,0.004291782137767241,1.5338438277322606,3.0805097797310665
