,training,validation,testing
smape,2.3670764222769645,2.596716498769024,3.3449513703581832
