,training,validation,testing
smape,2.7343084752613023,8.571961093835831,17.765844473933846
