,training,validation,testing
rmse,0.007678779265254103,0.042911609536693526,0.10403277072798257
