,training,testing
mse,0.3941083613170262,0.005859204890315843
