,training,testing
mape,44.06924252338696,23.239516448979955
