,training,testing
mse,0.014369213720305212,0.039471615775476455
