,training,testing
mae,0.10610624753979064,0.19517650398549366
