,training,testing
smape,27.419093357849817,26.37655156041066
