,training,testing
rmse,0.11987165519965598,0.19867464804417412
