,training,testing
arv,1.1967957145384243,1.034890431871979
