,training,testing
nrmse,0.13038162135105416,0.6738035808939252
