,arima,lstm,mlp,rf,svr,xgboost
0,0.0619387899997135,0.0290002218439702,0.027798627300649,0.0964258138211851,0.0279495573526095,0.1369800846192798
