,arima,lstm,mlp,rf,svr,xgboost
0,0.066523258854084,0.1951765039854936,0.0339489359008507,0.0374522225827445,0.0991315147603343,0.2522908227682284
