,arima,lstm,mlp,rf,svr,xgboost
0,8.054544658217742,23.239516448979955,4.031503431089264,4.374922249971337,11.651488501331988,30.084979727800853
