,arima,lstm,mlp,rf,svr,xgboost
0,7.500279401292502,3.504747696235912,3.3294217420012955,11.363602989426177,3.3601390086700067,16.232566782148613
