,training,testing
mape,3.6055751422340285,4.031503431089264
