,training,testing
arv,0.010271761977105017,1.909088047179893
