,training,testing
mse,0.0005032308539693109,0.0018310459389771839
