,training,testing
smape,3.824017513473104,4.080209248392403
