,training,testing
nrmse,0.024399644880121935,0.14512441515685312
