,training,testing
mae,0.016344906131313702,0.03394893590085076
