,arima,lstm,mlp,rf,svr,xgboost
0,0.0058592048903158,0.0013240241148608,0.0012512987815911,0.0108228173853409,0.0012595365980385,0.0203090617865549
