,arima,lstm,mlp,rf,svr,xgboost
0,0.0066132593421288,0.0394716157754764,0.0018310459389771,0.0022251941026121,0.0121695041629244,0.0651942567112244
