,arima,lstm,mlp,rf,svr,xgboost
0,0.2596032976819662,0.1234067201323407,0.1199696448504907,0.352826362784071,0.1203639018750726,0.4833211417927112
