,arima,lstm,mlp,rf,svr,xgboost
0,0.2758027800026826,0.6738035808939252,0.1451244151568531,0.1599833595619401,0.3741341093973294,0.8659554133664009
