,training,testing
arv,0.0008630103294413295,2.542629905577392
