,training,testing
mse,4.34671470556492e-05,0.0022251941026121182
