,training,testing
mape,0.915412383488011,4.374922249971337
