,training,testing
mae,0.0045514635308282385,0.03745222258274454
