,training,testing
nrmse,0.007171011903978227,0.15998335956194018
