,training,testing
smape,0.9149765563579649,4.502248549171015
