,arima,lstm,mlp,rf,svr,xgboost
0,0.0765454433021054,0.036387142163969,0.0353737018361261,0.1040327707279825,0.0354899506626667,0.1425098655762293
