,arima,lstm,mlp,rf,svr,xgboost
0,7.608496949183237,26.37655156041066,4.080209248392403,4.502248549171015,12.537322126081673,35.499255083766315
