,arima,lstm,mlp,rf,svr,xgboost
0,7.109349383191919,3.465261976063273,3.32702292234846,12.148985525741216,3.3449513703581832,17.765844473933846
