,training,testing
mse,0.0019551802329278983,0.01216950416292447
