,training,testing
smape,12.194482680311424,12.537322126081673
