,training,testing
nrmse,0.04809426301929082,0.37413410939732944
