,training,testing
mape,16.45109754528744,11.651488501331988
