,training,testing
mae,0.03797961671868248,0.09913151476033438
