,training,testing
arv,0.04328654406165145,1.2096842690898917
