,training,testing
mape,63.237753693189035,30.084979727800853
