,training,testing
rmse,0.16009042933009307,0.25533166022102405
