,training,testing
smape,33.424353116209346,35.499255083766315
