,training,testing
nrmse,0.17412664990800752,0.8659554133664009
