,training,testing
arv,5.15659298222657,1.0242389354430765
