,training,testing
mae,0.13981635127791678,0.2522908227682284
