,training,testing
mse,0.02562894556309352,0.06519425671122449
