,training,testing
rmse,0.1285277792290191,0.1514513479536913
