,training,testing
rmse,0.03892121460239205,0.07027369603871993
