,arima,lstm,mlp,rf,svr,xgboost
frontend,0.1132490061544392,0.1514513479536913,0.0702736960387199,0.0639128996969495,0.0706557903626505,0.125626183388794
