,training,testing
rmse,0.12394501686659967,0.125626183388794
