,training,testing
rmse,0.2506939638539611,0.07278784916238021
