,training,testing
rmse,0.6584180286712515,0.08132194871084243
