,training,testing
rmse,0.0065957178929154205,0.04577990910315726
