,arima,lstm,mlp,rf,svr,xgboost
frontend,0.0813219487108424,0.1799746209516653,0.0504041232242035,0.0457799091031572,0.1115194765851421,0.255331660221024
