,training,testing
rmse,0.16088852030876022,0.25533166022102405
