,training,testing
mae,0.04558285262136496,0.010742496462802615
