,training,testing
rmse,0.04969350624445949,0.01296068032711872
