,training,testing
arv,3.2787873081597176,6.9353421441546015
