,training,testing
mape,5.351445212055193,1.3020320766379225
