,training,testing
nrmse,0.18516895834623956,0.1954396683136196
