,training,testing
smape,5.4554356241935515,1.2986459799740935
