,training,testing
mse,0.0024694445628681344,0.00016797923454176222
