,arima,lstm,mlp,rf,svr,xgboost
0,6.9353421441546015,1.0867865854481116,0.2772616716944474,0.0570271943822987,1.0162832759840774,1.0008538697852911
