,arima,lstm,mlp,rf,svr,xgboost
0,1.097146060628246,0.4115353244007895,0.0785151937178149,0.0521818652014182,0.0484253142210706,0.0630698586037964
