,training,testing
smape,14.13987506991863,2.962248462310645
