,training,validation,testing
smape,0.17270601320755777,0.06086962608568016,0.11963459839015636
