,training,validation,testing
smape,0.7835806965842662,0.3165408273288399,0.5054708159163656
