,training,validation,testing
rmse,0.005703654949028483,0.0016305742391578436,0.0034455577513885175
