,training,validation,testing
mse,1.2063249837753116e-05,6.210416952357184e-06,8.003067956071083e-06
