,training,validation,testing
mae,0.0014237709430884103,0.0005191614677035832,0.000997305351738084
