,training,validation,testing
mae,0.0024378390228576652,0.0015087852589435189,0.0018509892917103474
