,training,validation,testing
nrmse,0.021253075612786554,0.026018904454148017,0.051957046010754876
