,training,validation,testing
mse,0.0005634824126532595,1.3302973240766402e-05,5.063626164887604e-05
