,training,validation,testing
rmse,0.0026845846094619066,0.001238737062365766,0.002718565917109508
