,training,validation,testing
mae,0.0015283157067876008,0.0019086928783156128,0.0013956775006333257
