,training,validation,testing
mse,7.2069945253597376e-06,1.5344695096785677e-06,7.390600645669462e-06
