,training,validation,testing
nrmse,0.012941979399337859,0.03976571621175788,0.0426592455301201
