,training,testing
arv,1.375095257699332,1.097146060628246
