,training,testing
mse,0.01833340917015122,0.0009628562880377932
