,training,validation,testing
arv,0.02783168140232677,0.01792332741012456,0.06306985860379644
