,training,testing
mae,0.1112943065555506,0.023998793034155592
