,training,validation,testing
mape,0.17257673631840803,0.06085624584976629,0.11942571182735079
