,training,validation,testing
mae,0.0026235601182265497,0.00091175972680123,0.0015958815701793163
