,training,validation,testing
rmse,0.0237377844933612,0.003647324120607655,0.00711591607938683
