,training,validation,testing
nrmse,0.01000335402539303,0.019766399158957188,0.040994423727655493
