,training,validation,testing
rmse,0.006786740823643936,0.0019589816314419884,0.003196772590956235
