,training,validation,testing
smape,0.3134696511752407,0.10687160564531639,0.1913558103450609
