,training,testing
mape,12.831298751525436,2.891276875706369
