,training,validation,testing
smape,0.18272104553496143,0.2256243381003527,0.16802550826857152
