,training,validation,testing
nrmse,0.0252888923292701,0.03125926723964761,0.04820550766484729
