,training,validation,testing
mse,3.2531679777577114e-05,2.6587723494051806e-06,1.1871868218153496e-05
