,training,validation,testing
mape,0.2847959649234954,0.1778790704217158,0.22324941722916522
