,training,validation,testing
nrmse,0.08845221760888088,0.05819997368314459,0.1073039565209373
