,training,validation,testing
arv,0.004062051983569359,0.007165854719181626,0.0484253142210706
