,training,validation,testing
arv,0.01841419037926367,0.012716791092513327,0.07851519371781493
