,training,validation,testing
mape,0.18265559154861863,0.2253465836852357,0.16783611576565763
