,training,validation,testing
mape,0.3137055124054323,0.10685768563773346,0.1911466895602031
