,training,validation,testing
mse,4.6059851007315175e-05,3.837609032327115e-06,1.0219354998289039e-05
