,training,validation,testing
mape,0.7530092513953872,0.3171314089070534,0.5042893758389391
