,training,testing
rmse,0.13540092012298596,0.03102992568534113
