,training,validation,testing
arv,0.006897902967968593,0.026512296513779156,0.052181865201418265
