,training,validation,testing
arv,0.3037333731986921,0.06108134655544685,0.41153532440078955
