,training,validation,testing
rmse,0.0034732189446899423,0.0024920708160799093,0.0028289694158953158
