,training,validation,testing
smape,0.2870876535224073,0.17795546274622048,0.2236048436511407
