,training,testing
nrmse,0.5045336751839898,0.46791358406164213
