,training,validation,testing
mae,0.006449460937313849,0.0027033244001621053,0.004208064027875981
