,training,testing
mae,0.04921522503414842,0.03249547592441705
