,training,testing
nrmse,0.21118738303040704,0.5123721455708923
