,training,testing
smape,5.906477175907179,4.00534690210937
