,training,testing
mape,5.6885379109840075,3.92018023176998
