,training,testing
mse,0.003212172437208522,0.0011545192746221951
