,training,testing
arv,1.3439606188737236,1.0867865854481116
