,arima,lstm,mlp,rf,svr,xgboost
0,0.0239987930341555,0.0042080640278759,0.0015958815701793,0.0013956775006333,0.000997305351738,0.0018509892917103
