,arima,lstm,mlp,rf,svr,xgboost
0,0.0107424964628026,0.032495475924417,0.0047150387115141,0.0016504449441109,0.0384980159281557,0.2290434735238934
