,arima,lstm,mlp,rf,svr,xgboost
0,2.891276875706369,0.5042893758389391,0.1911466895602031,0.1678361157656576,0.1194257118273507,0.2232494172291652
