,arima,lstm,mlp,rf,svr,xgboost
0,1.3020320766379223,3.92018023176998,0.5668190670476705,0.1986991998585879,4.677764413434163,27.741498224671435
