,training,testing
nrmse,0.06059414176383679,0.10644258732953853
