,training,testing
mse,0.0002644381994153207,4.98265719770806e-05
