,training,testing
arv,0.15122719489910513,0.2772616716944474
