,training,testing
rmse,0.01626155587314205,0.007058793946353768
