,training,testing
mape,0.8842571915161569,0.5668190670476705
