,training,testing
smape,0.8849730125769512,0.565296605711414
