,training,testing
mae,0.007582666674302871,0.004715038711514159
