,arima,lstm,mlp,rf,svr,xgboost
0,0.0009628562880377,5.063626164887604e-05,1.1871868218153496e-05,8.003067956071083e-06,7.390600645669462e-06,1.021935499828904e-05
