,arima,lstm,mlp,rf,svr,xgboost
0,0.0001679792345417,0.0011545192746221,4.98265719770806e-05,8.860015139316204e-06,0.0015421597011161,0.0525324718419097
