,arima,lstm,mlp,rf,svr,xgboost
0,0.1954396683136196,0.5123721455708923,0.1064425873295385,0.0448850951276282,0.5921743514091997,3.4561997636181867
