,arima,lstm,mlp,rf,svr,xgboost
0,0.4679135840616421,0.1073039565209373,0.0519570460107548,0.0426592455301201,0.0409944237276554,0.0482055076648472
