,training,testing
arv,0.0009093241448439796,0.057027194382298745
