,training,testing
mae,0.0005563470098596281,0.0016504449441109006
