,training,testing
mape,0.06701364480672194,0.19869919985858797
