,training,testing
mse,1.2626918072286883e-06,8.860015139316204e-06
