,training,testing
nrmse,0.004187137514548049,0.04488509512762826
