,training,testing
smape,0.06700699852635092,0.19879758196919506
