,arima,lstm,mlp,rf,svr,xgboost
0,0.0310299256853411,0.0071159160793868,0.0034455577513885,0.0028289694158953,0.0027185659171095,0.0031967725909562
