,arima,lstm,mlp,rf,svr,xgboost
0,2.962248462310645,0.5054708159163656,0.1913558103450609,0.1680255082685715,0.1196345983901563,0.2236048436511407
