,arima,lstm,mlp,rf,svr,xgboost
0,1.2986459799740937,4.00534690210937,0.565296605711414,0.198797581969195,4.566341542031353,32.21241059405881
