,training,testing
arv,1.488553473334573,1.0162832759840774
