,training,testing
rmse,0.03381356012410902,0.039270341240129174
