,training,testing
nrmse,0.12599677864061556,0.5921743514091997
