,training,testing
mse,0.0011433568482667356,0.00154215970111619
