,training,testing
mape,3.253158814037364,4.677764413434163
