,training,testing
smape,3.1714242772001495,4.566341542031353
