,training,testing
mae,0.02657445362423834,0.038498015928155764
