,training,testing
arv,1.010728422671504,1.0008538697852911
