,training,testing
nrmse,0.9062713436365885,3.4561997636181867
