,training,testing
mse,0.05915335882704883,0.05253247184190974
