,training,testing
mae,0.24168147993729872,0.22904347352389345
