,training,testing
smape,33.28241569514375,32.21241059405881
