,training,testing
rmse,0.2432146353060375,0.2291996331626858
