,training,testing
mape,28.51043089461514,27.741498224671435
