,training,testing
mae,0.2702689561644222,0.25826792125134057
