,training,testing
mape,485.1746425997997,81801.46375596478
