,training,testing
mse,0.10084872618686244,0.09439751991128227
