,training,testing
nrmse,0.3177446048402638,0.3091984067262087
