,training,testing
arv,26.18266268930083,11.599235881054819
