,training,testing
smape,45.623690710374774,49.11997689527915
