,arima,lstm,mlp,rf,svr,xgboost
0,1.0936577703302928,0.0024641765587705,0.0306262344096185,0.0006459192132996,0.0005196187666615,0.0010841044180684
