,arima,lstm,mlp,rf,svr,xgboost
0,11.59923588105482,0.0188276356767655,0.0029329113495328,0.0006485567421044,0.0416013668456356,2.5398541785624085
