,training,validation,testing
arv,0.028282825351270958,0.028587966998139824,0.03062623440961855
