,training,validation,testing
arv,0.00012591315818862595,0.0004908384091092283,0.0006459192132996634
