,training,testing
mse,13.05201891216443,1.490539471706437
