,training,validation,testing
mse,8.615551386976936e-05,8.481300090634011e-05,0.00012524157878977663
