,training,testing
mae,3.1309833246825614,1.0890639167144818
