,training,validation,testing
rmse,0.013782687971270214,0.013059487365801793,0.016772458762338103
