,training,validation,testing
mape,29.92627038711186,29.06948604744602,10408.590730690177
