,training,validation,testing
mape,3.2291338215647234,3.201304167861019,645.977092923807
