,training,validation,testing
mape,10.888414783591276,11.751065726292982,2814.4987751044987
