,training,validation,testing
rmse,0.0497011508767701,0.04804159685506462,0.05620991290210074
