,training,validation,testing
arv,0.001967140558720447,0.001902469673695004,0.0024641765587705626
