,training,validation,testing
mse,1.2401207962129978e-05,4.4665208990488096e-05,7.507747189482874e-05
