,training,testing
smape,186.77060499271397,171.04443189555107
