,training,validation,testing
rmse,0.003521534887251577,0.006683203497611613,0.008664725725308837
