,training,testing
arv,1.0084994907563605,1.0936577703302928
