,training,validation,testing
nrmse,0.009287193948335777,0.009267673134201728,0.011262407110553397
