,training,validation,testing
mape,12.391961399585465,11.560108389795603,1872.0681655077437
