,training,testing
rmse,3.6127577987133916,1.2208765177963072
