,training,validation,testing
smape,4.568804178354931,5.363619586162355,5.59755412689861
