,training,validation,testing
mse,0.002470204398475465,0.0023079950283845553,0.003159554308461751
