,training,validation,testing
nrmse,0.0035235056471111708,0.006725493825068627,0.008719905436970054
