,training,validation,testing
mae,0.004678113193360611,0.004720653942928978,0.005348218436968135
