,training,validation,testing
smape,5.923906105504025,5.528124283863699,7.776073363173806
