,training,validation,testing
mae,0.0024918627143362014,0.005013001908461936,0.0059461391962511035
