,training,validation,testing
mse,4.2201070854440585e-05,3.672053070525492e-05,6.048973349139033e-05
