,training,validation,testing
smape,1.5092444557486462,2.617792525752929,3.905238035252576
