,training,validation,testing
arv,0.000427606944087615,0.0004019774979596465,0.0005196187666615023
