,training,validation,testing
mae,0.006797724136540908,0.006818374935094059,0.00790775643378441
