,training,validation,testing
mape,1.8474996758979154,3.245448300007271,605.4449209632811
