,training,validation,testing
mae,0.03557342711744784,0.03417625417513338,0.04180890387263404
