,training,validation,testing
smape,2.840949848458539,2.9300498679389864,3.4153544138631373
