,training,validation,testing
smape,13.371243864442267,12.576001398551433,16.547131653809526
