,training,validation,testing
nrmse,0.013790401189818583,0.013142125878502756,0.016879271080199727
