,training,validation,testing
arv,0.0008824252603141354,0.000936710093290547,0.0010841044180684325
