,training,validation,testing
rmse,0.006496235129245291,0.006059746752567712,0.0077775146088831185
