,training,testing
mape,2178.9567888775696,29944.08663098104
