,training,validation,testing
mse,0.00018996248771339661,0.00017055021025753667,0.00028131537293433226
