,training,validation,testing
rmse,0.00928199945430775,0.009209397423628763,0.011191138404549227
