,training,validation,testing
mae,0.01005925363125618,0.00957342199327207,0.010995041610117606
