,training,validation,testing
nrmse,0.0497289651782777,0.04834559700458642,0.056567875391020664
