,training,testing
nrmse,3.614779609736168,1.2286514452852613
