,training,validation,testing
nrmse,0.0064998706233809714,0.00609809193756234,0.007827044279776858
