,training,testing
mae,0.029186206457615528,0.03278255942564826
