,training,testing
mape,17.68863930882874,6939.247373781444
