,training,testing
mse,0.0016398633144784163,0.0020550331993783436
