,training,testing
arv,0.018078385261011465,0.01882763567676556
