,training,testing
nrmse,0.040517888204347256,0.04562116552511933
