,training,testing
smape,11.651464704866285,13.49376093935063
