,arima,lstm,mlp,rf,svr,xgboost
0,0.2582679212513405,0.0327825594256482,0.0131863947606846,0.005946843181783,0.0582700229087501,0.2612502875836501
