,arima,lstm,mlp,rf,svr,xgboost
0,1.0890639167144818,0.0109950416101176,0.041808903872634,0.0059461391962511,0.0053482184369681,0.0079077564337844
