,arima,lstm,mlp,rf,svr,xgboost
0,29944.08663098104,1872.068165507744,10408.590730690175,605.4449209632811,645.977092923807,2814.4987751044987
