,arima,lstm,mlp,rf,svr,xgboost
0,81801.46375596478,6939.247373781444,2937.09017564819,438.0770079262539,10943.41915804996,42623.1214013844
