,training,testing
nrmse,0.015231438071360119,0.018451794630376155
