,training,testing
arv,0.0024213168197441516,0.0029329113495328157
