,training,testing
smape,5.346038920169198,6.888163441643391
