,training,testing
mse,0.0002317372584676333,0.00033617337484120923
