,training,testing
mae,0.01100357630856475,0.013186394760684613
