,training,testing
mape,9.822702298472302,2937.09017564819
