,arima,lstm,mlp,rf,svr,xgboost
0,1.490539471706437,0.0002813153729343,0.0031595543084617,7.507747189482874e-05,6.048973349139033e-05,0.0001252415787897
