,arima,lstm,mlp,rf,svr,xgboost
0,0.0943975199112822,0.0020550331993783,0.0003361733748412,7.534848866909814e-05,0.0038861487168868,0.0773714660633676
