,arima,lstm,mlp,rf,svr,xgboost
0,1.2286514452852613,0.0168792710801997,0.0565678753910206,0.00871990543697,0.0078270442797768,0.0112624071105533
