,arima,lstm,mlp,rf,svr,xgboost
0,0.3091984067262087,0.0456211655251193,0.0184517946303761,0.0087356299392835,0.0627359766614556,0.2799286619691475
