,training,testing
arv,8.006748619324371e-05,0.0006485567421044881
