,training,testing
mae,0.002016883440543912,0.005946843181783021
