,training,testing
mse,7.762871707312491e-06,7.534848866909814e-05
