,training,testing
mape,1.4235724275962287,438.0770079262539
