,training,testing
nrmse,0.002787752289002058,0.008735629939283595
