,training,testing
smape,1.2138351670395922,3.9842421250920155
