,arima,lstm,mlp,rf,svr,xgboost
0,1.2208765177963072,0.0167724587623381,0.0562099129021007,0.0086647257253088,0.0077775146088831,0.0111911384045492
