,arima,lstm,mlp,rf,svr,xgboost
0,0.3072417938876192,0.0453324740046067,0.0183350313564283,0.0086803507227011,0.0623389823215528,0.2781572685790677
