,arima,lstm,mlp,rf,svr,xgboost
0,171.04443189555107,7.776073363173806,16.547131653809526,3.905238035252576,3.4153544138631373,5.59755412689861
