,arima,lstm,mlp,rf,svr,xgboost
0,49.11997689527915,13.49376093935063,6.888163441643391,3.984242125092016,19.877261415180584,51.73002074555221
