,training,testing
nrmse,0.0607155641220156,0.0627359766614556
