,training,testing
mape,62.0274296297003,10943.419158049961
