,training,testing
mse,0.003682257163385971,0.003886148716886877
