,training,testing
mae,0.05610641670552932,0.05827002290875018
