,training,testing
arv,0.04732334371230406,0.04160136684563568
