,training,testing
smape,16.82451305458207,19.877261415180584
