,training,testing
nrmse,0.2838212352778152,0.27992866196914756
