,training,testing
smape,48.319488479206726,51.73002074555221
