,training,testing
mape,253.3345698683027,42623.1214013844
