,training,testing
mae,0.2696360281084743,0.26125028758365015
