,training,testing
arv,1.9492518723078838,2.5398541785624085
