,training,testing
mse,0.08046440765095124,0.07737146606336763
