,arima,lstm,mlp,rf,svr,xgboost
0,22.182298661248723,4.515268810523006,0.5371085791596414,2.436991595083102,0.4673784180909259,4.041671866859938
