,arima,lstm,mlp,rf,svr,xgboost
0,0.0741768129431901,0.073541561183044,0.0425722331983197,0.084240183656816,0.0332920758140675,0.0563520121720839
