,arima,lstm,mlp,rf,svr,xgboost
0,16.929295857078966,17.937323472865103,9.76454776979709,16.80097899794692,7.648953300727855,12.478480507975052
