,training,validation,testing
arv,0.06596854937093664,0.06573649142258468,0.4673784180909259
