,training,testing
nrmse,0.5508392365416498,0.13358546207279287
