,training,validation,testing
rmse,0.021942091887721407,0.025856634298376098,0.06732770983683176
