,training,validation,testing
mae,0.016338889746723297,0.024753901909678973,0.05635201217208395
