,training,validation,testing
rmse,0.023024535206829358,0.02741145457604106,0.06907097310644954
