,training,validation,testing
mape,10211.233782843616,7.1363759878851,9.76454776979709
