,training,validation,testing
mape,19942.544166460342,11.678827438119463,17.937323472865103
