,training,validation,testing
smape,25.357291259195268,11.49154244702734,16.274337626670967
