,training,testing
rmse,0.26674725005155825,0.11016165697555765
