,training,validation,testing
smape,13.394683315444627,7.274779809662871,9.547227993757238
