,training,validation,testing
mse,0.0020697235937039192,0.0015272679981653968,0.012713535612020824
