,training,validation,testing
rmse,0.013566855051166983,0.03812642410374876,0.12298195616647968
