,training,validation,testing
arv,0.29770958886152704,0.15110406393303738,4.515268810523006
