,training,testing
mape,101291.04413505418,16.929295857078966
