,training,validation,testing
arv,0.02570415127970008,0.17541951865524066,2.436991595083102
