,training,validation,testing
arv,0.07706629122917714,0.09540337418789091,4.041671866859938
