,training,validation,testing
mae,0.03552913672045086,0.0312981656816947,0.07354156118304409
