,training,validation,testing
smape,15.051536505063659,8.447968644429606,12.400229277246032
