,training,validation,testing
mape,8494.31894915373,9.10262255877952,16.80097899794692
