,training,validation,testing
mse,0.00048145539640920954,0.0006685655372399592,0.0045330205118726125
