,training,validation,testing
mae,0.013582466553167385,0.015648528809390546,0.033292075814067595
