,training,validation,testing
smape,7.861641874618917,9.460888335067624,18.880390457553318
