,training,testing
smape,91.42020563048904,16.528729465399618
