,training,validation,testing
mse,0.0004956295401885135,0.0010986562026664309,0.007826716136682618
