,training,testing
mae,0.25248127924243746,0.07417681294319017
