,training,validation,testing
mse,0.00018405955597937507,0.0014536242149389145,0.01512456154253393
