,training,validation,testing
mae,0.016529318791610376,0.019809541997358352,0.04257223319831976
