,training,validation,testing
mse,0.0005301292214905245,0.0007513878419743624,0.0047707993258718755
