,training,validation,testing
nrmse,0.04597307022948774,0.07677540043847167,0.10727994169570847
