,training,validation,testing
nrmse,0.09394660535014775,0.0905208889416224,0.13672940040648404
