,training,validation,testing
mape,17064.661163201712,8.499920908389585,12.478480507975052
