,training,testing
mse,0.07115409541006854,0.01213559066760043
