,training,validation,testing
smape,10.658505356392615,5.808251672493803,7.397730881543415
