,training,testing
arv,1.1188076076130555,22.182298661248723
