,training,validation,testing
mae,0.009416230838873723,0.02830292318549171,0.08424018365681606
