,training,validation,testing
nrmse,0.04531092688386867,0.05989122241252722,0.08164368143855766
