,training,validation,testing
arv,0.07506422747294302,0.07372298887310824,0.5371085791596414
