,training,validation,testing
rmse,0.045494214947660316,0.03908027633174306,0.11275431527006327
