,training,validation,testing
nrmse,0.028015869244056302,0.08831149945665454,0.14913175683949886
