,training,validation,testing
rmse,0.02226273882945478,0.03314598320560775,0.08846872971102625
