,training,validation,testing
mape,8371.993729311633,5.772092591502415,7.648953300727855
