,training,validation,testing
nrmse,0.04754619735575464,0.06349262257878892,0.08375761686563724
