,arima,lstm,mlp,rf,svr,xgboost
0,0.0121355906676004,0.0127135356120208,0.0047707993258718,0.0151245615425339,0.0045330205118726,0.0078267161366826
