,arima,lstm,mlp,rf,svr,xgboost
0,0.1335854620727928,0.136729400406484,0.0837576168656372,0.1491317568394988,0.0816436814385576,0.1072799416957084
