,arima,lstm,mlp,rf,svr,xgboost
0,0.1101616569755576,0.1127543152700632,0.0690709731064495,0.1229819561664796,0.0673277098368317,0.0884687297110262
