,arima,lstm,mlp,rf,svr,xgboost
0,16.528729465399618,16.274337626670967,9.547227993757238,18.88039045755332,7.397730881543415,12.400229277246032
