,training,testing
smape,73.20231106678722,14.048895485404698
