,training,testing
arv,0.904910269399318,1.4132288293957762
