,training,testing
nrmse,0.5025555390655593,0.24722522400866506
