,training,testing
mape,173.84537081390653,15.568608245281082
