,training,testing
mse,0.2446104252714048,0.012825337394968222
