,training,testing
mae,0.4873998160362232,0.09549796862554458
