,arima,lstm,mlp,rf,svr,xgboost
0,1.4132288293957762,1.0100996021871702,3.6222170362418336,11.726354806984965,3.805385872554127,1.3238251891012975
