,arima,lstm,mlp,rf,svr,xgboost
0,1.4214606724378842,8.515358962307253,12.37200029592483,7.083406273253211,13.379794656459458,1.976390821630206
