,training,testing
rmse,0.46131472537858553,0.11256655510195622
