,training,validation,testing
mape,5.545894695782338,5.946228298614105,7.757800208456814
