,training,validation,testing
smape,5.3838711291523484,5.901961720979824,7.650799920859673
