,training,validation,testing
mae,0.011134630769731181,0.03622254852300653,0.050148986514376985
