,training,validation,testing
smape,2.9126338172477855,5.828878927625508,7.775363832459628
