,training,validation,testing
nrmse,0.02926360166063279,0.12257870669646005,0.13698688173728338
