,training,validation,testing
mae,0.020405475147933592,0.04498981852749514,0.07261354298095547
