,training,validation,testing
rmse,0.02902277954807081,0.056677667947516996,0.09052628835210601
