,training,validation,testing
arv,0.028435027215409567,14.224003771541227,12.37200029592483
