,training,validation,testing
mae,0.020098484929897027,0.03607789373487567,0.048851287114783024
