,training,validation,testing
mse,0.0008484530515447583,0.0021243798228034465,0.004031944115944986
