,training,validation,testing
mape,2.93236819126758,5.78512166451471,7.5899942763092865
