,training,validation,testing
mape,5.218337317921761,5.869244247846836,7.547192575856165
