,training,validation,testing
rmse,0.028799251056540322,0.04582600345744241,0.0627509926430458
