,training,validation,testing
mse,0.0008296236032561758,0.0020877095427308183,0.0040334344159435225
