,training,validation,testing
mape,5.294312275742184,5.801074681074602,7.49630128162761
