,training,validation,testing
arv,0.028412870461245417,11.87170325209807,13.379794656459458
