,training,validation,testing
rmse,0.028803187380152494,0.045691460282319914,0.06350932542503913
