,training,validation,testing
mae,0.020306719261982614,0.0367071153727451,0.049467893506895136
