,training,validation,testing
smape,7.436078741195843,7.291201400950969,11.509448088618884
