,training,validation,testing
smape,5.211645617487056,5.805611585217255,7.567799844724689
