,training,testing
mae,0.45641438279610863,0.09482752415430606
