,training,validation,testing
mape,10.49390229808542,6.997551595400228,10.696669212994182
