,training,validation,testing
arv,0.031022965090944935,2.9965518456506297,1.976390821630206
