,training,testing
arv,0.9382522492722222,1.4214606724378842
