,training,validation,testing
mae,0.019891138867336212,0.03631714319577189,0.048428779849575054
