,training,validation,testing
arv,0.02969133245627483,8.257352199692155,8.515358962307253
