,training,testing
mse,0.2128112758511198,0.012671229327521745
