,training,validation,testing
mse,0.0008423217326959173,0.0032123580439689953,0.008195008882808644
