,training,testing
mape,199.84970500122336,15.459359565328676
