,training,validation,testing
mse,0.0008293968614176389,0.0021000225928815234,0.003937687077687589
