,training,validation,testing
rmse,0.029128217445370017,0.046090995029435484,0.0634975914184545
