,training,validation,testing
nrmse,0.017738919344016623,0.12310401928835624,0.1438607709161699
