,training,validation,testing
rmse,0.017457440734210957,0.04602239137261339,0.06589978589845154
