,training,validation,testing
nrmse,0.02926760145236237,0.12221882088584891,0.13864233990215016
