,training,testing
nrmse,0.46875282753567793,0.24573541743062707
