,training,validation,testing
smape,5.143753903613614,5.842076708517209,7.497677706164139
