,training,validation,testing
arv,0.010402948185337976,10.632120117017637,7.083406273253211
