,training,validation,testing
mse,0.00030476223698848795,0.0021180605076539993,0.0043427817814617525
