,training,validation,testing
nrmse,0.02959787220619487,0.12328752530881273,0.13861672429186878
