,training,validation,testing
nrmse,0.02949073425943226,0.1516055233145087,0.19762100062937338
