,training,testing
smape,76.28276921740624,13.959893624761488
