,training,testing
mae,0.4338816712049195,0.6469878570882115
