,training,testing
smape,147.58239264001162,196.82716437707825
