,training,testing
mse,0.22506382934919006,0.42307905921213695
