,training,testing
arv,1.3927132877720674,1.0100996021871702
