,training,testing
rmse,0.4744089262958593,0.6504452776461191
