,training,testing
nrmse,0.48205815547476566,1.4199372244569288
