,training,testing
mape,111.94090502055332,100.31205709957885
