,arima,lstm,mlp,rf,svr,xgboost
0,0.094827524154306,0.0494678935068951,0.048851287114783,0.0501489865143769,0.048428779849575,0.0726135429809554
