,arima,lstm,mlp,rf,svr,xgboost
0,0.0954979686255445,0.6469878570882115,0.0552017754901294,0.0487543573175942,0.0540806454489731,0.1102977528577566
