,arima,lstm,mlp,rf,svr,xgboost
0,15.459359565328676,7.757800208456814,7.49630128162761,7.5899942763092865,7.547192575856165,10.696669212994182
