,arima,lstm,mlp,rf,svr,xgboost
0,15.568608245281082,100.31205709957884,8.473267861141789,7.476082749378123,8.196750272280747,16.397984903521998
