,training,testing
smape,6.250651004257421,8.588123011199961
