,training,testing
mse,0.0014211401326060403,0.005035005476973919
