,training,testing
arv,0.05030836009985114,3.6222170362418336
