,training,testing
mape,6.263927279455272,8.473267861141789
