,training,testing
mae,0.027425753412134407,0.05520177549012946
