,training,testing
nrmse,0.03830584391442638,0.154902473717748
