,training,testing
rmse,0.037698012316381355,0.07095777249162998
