,arima,lstm,mlp,rf,svr,xgboost
0,0.0126712293275217,0.0040319441159449,0.0040334344159435,0.0043427817814617,0.0039376870776875,0.0081950088828086
