,arima,lstm,mlp,rf,svr,xgboost
0,0.0128253373949682,0.4230790592121369,0.0050350054769739,0.0040701090355151,0.0049486424387894,0.0157834985197709
