,arima,lstm,mlp,rf,svr,xgboost
0,0.247225224008665,1.4199372244569288,0.154902473717748,0.1392712269186557,0.1535682436365468,0.2742584495891224
