,arima,lstm,mlp,rf,svr,xgboost
0,0.245735417430627,0.1386167242918687,0.1386423399021501,0.1438607709161699,0.1369868817372833,0.1976210006293733
