,training,testing
arv,0.005485183040918501,11.726354806984965
