,training,testing
mae,0.009085949499416981,0.04875435731759428
