,training,testing
mape,2.061002536637498,7.476082749378123
