,training,testing
mse,0.00016058784170406283,0.0040701090355151955
