,training,testing
nrmse,0.012876650653187225,0.1392712269186557
