,training,testing
rmse,0.012672325820624358,0.06379740618171867
