,training,testing
smape,2.051509787819561,7.550735877242818
