,arima,lstm,mlp,rf,svr,xgboost
0,0.1125665551019562,0.0634975914184545,0.0635093254250391,0.0658997858984515,0.0627509926430458,0.090526288352106
