,arima,lstm,mlp,rf,svr,xgboost
0,14.048895485404698,196.82716437707825,8.588123011199961,7.550735877242818,8.42383144968966,18.218830641478405
