,arima,lstm,mlp,rf,svr,xgboost
0,13.959893624761488,7.650799920859673,7.567799844724689,7.775363832459628,7.497677706164139,11.509448088618884
