,training,testing
mape,15.751955137440548,8.196750272280747
