,training,testing
mse,0.0018377121340794015,0.004948642438789451
