,training,testing
smape,11.29995716128063,8.42383144968966
