,training,testing
nrmse,0.04355974454376283,0.15356824363654686
