,training,testing
arv,0.07697991633305959,3.805385872554127
