,training,testing
mae,0.03455616582162758,0.05408064544897319
