,training,testing
smape,26.48549243815619,18.218830641478405
