,training,testing
mse,0.015649332372749965,0.015783498519770973
