,training,testing
rmse,0.12509729162835606,0.1256323943884338
