,training,testing
arv,5.554405633735551,1.3238251891012975
