,training,testing
nrmse,0.12711432334990724,0.27425844958912243
