,training,testing
mape,58.96597317678911,16.397984903521998
