,training,testing
mae,0.09600884806778535,0.11029775285775664
