,arima,lstm,mlp,rf,svr,xgboost
0,0.9534504655331262,0.6825467460978661,0.4246760422001099,1.0001760925367542,0.2582485145301599,1.000195305484595
