,arima,lstm,mlp,rf,svr,xgboost
0,0.0974431662739432,0.0038691366988141,0.0040453876732054,0.5806007736842571,0.0017858045386073,0.5513036470197202
