,arima,lstm,mlp,rf,svr,xgboost
0,9.960341916990409,0.3947390184472039,0.4140207107820238,59.523900623759886,0.1825677854250958,56.520010118017005
