,training,validation,testing
rmse,0.00989470730967436,0.024664805785839086,0.0054718164177820095
