,training,testing
mae,1.035046794401619,0.09744316627394327
