,training,testing
smape,135.34239268547415,9.324368198024588
