,training,validation,testing
mape,4.601492720147,1.2447543103834398,0.41402071078202385
