,training,validation,testing
mse,7.812353460308315e-05,0.00048221628512077296,1.4699821439716035e-05
