,training,validation,testing
mae,0.014930016187466472,0.030453706755560236,0.003869136698814158
