,training,validation,testing
smape,19.26998264118499,4.480844093521604,0.3951929967085022
