,training,testing
mape,1344.4950828097344,9.960341916990407
