,training,validation,testing
mape,1.7976048635401722,37.698246839172235,59.523900623759886
