,training,validation,testing
nrmse,0.05028975620917695,0.7006534325410185,14.59247521758254
