,training,validation,testing
arv,0.0038245743853018645,0.00680771573825255,0.2582485145301599
