,training,testing
nrmse,2.6423400341069736,3.035166308001707
