,training,validation,testing
smape,21.949369907088904,49.170914315157596,78.78615946622452
