,training,validation,testing
smape,2.7779152516272902,0.8350213866042998,0.18273616534457643
