,training,validation,testing
mse,1.34495645958095e-05,0.19313800650856153,0.3371566187141229
