,training,validation,testing
mape,48.06544885778374,35.82391665606129,56.520010118017005
