,training,testing
arv,0.9757734748229072,0.9534504655331262
