,training,validation,testing
mae,0.001707102224536326,0.35268519489720374,0.5806007736842571
