,training,validation,testing
arv,0.03707059390446819,0.10111366868498259,0.6825467460978661
