,training,validation,testing
arv,0.0006626243078545787,1.5626133991273852,1.0001760925367542
