,training,validation,testing
mae,0.012002674056443372,0.3344966033168788,0.5513036470197202
