,training,validation,testing
nrmse,0.009296878209127855,0.7394834018307838,15.367794268524058
