,training,testing
mse,1.0864540205540043,0.013151448820745712
