,training,validation,testing
mape,31.267285395446763,3.8634546782753674,0.3947390184472039
