,training,validation,testing
rmse,0.0036673648026627377,0.439474693820431,0.5806518911655442
