,training,validation,testing
mape,2.685029004149024,0.7878448945141041,0.18256778542509589
