,training,validation,testing
nrmse,0.022406497326863197,0.0369500895022239,0.10147328562882674
