,training,validation,testing
rmse,0.019837936746869247,0.41639805839842153,0.5513574807043151
