,training,validation,testing
mse,0.0003935437343727852,0.1733873430379753,0.3039950715286092
