,training,validation,testing
mae,0.00297131612559034,0.005379823979532204,0.0017858045386073135
