,training,validation,testing
smape,1.7595259761485162,52.90926901605539,84.74747170005834
