,training,validation,testing
nrmse,0.025083375590620058,0.041502308880293375,0.14481955585266865
