,training,testing
rmse,1.0423310513239086,0.11467976639645597
