,training,validation,testing
arv,0.0048362018465750575,0.008617818555109185,0.42467604220010996
