,training,validation,testing
arv,0.024004280236574544,1.577270395179047,1.000195305484595
