,training,validation,testing
rmse,0.00883875186907536,0.021959423606296522,0.0038340346163951147
