,training,validation,testing
rmse,0.026318948123505898,0.08465871676210152,0.006240879290603677
