,training,validation,testing
nrmse,0.0667193116754931,0.14245124178059604,0.16517391995429856
