,training,validation,testing
smape,4.498135211340257,1.3009703760072282,0.4151567639985817
