,training,validation,testing
mse,0.0006926870303277946,0.007167098323805728,3.894857431988585e-05
