,training,validation,testing
mse,9.790523274412321e-05,0.0006083526444531612,2.9940774909908744e-05
