,training,validation,testing
mae,0.004642353183756094,0.008820031136709218,0.004045387673205432
