,arima,lstm,mlp,rf,svr,xgboost
0,0.0131514488207457,3.894857431988585e-05,2.9940774909908744e-05,0.3371566187141229,1.4699821439716037e-05,0.3039950715286092
