,arima,lstm,mlp,rf,svr,xgboost
0,3.035166308001707,0.1651739199542985,0.1448195558526686,15.367794268524058,0.1014732856288267,14.59247521758254
