,arima,lstm,mlp,rf,svr,xgboost
0,0.1146797663964559,0.0062408792906036,0.005471816417782,0.5806518911655442,0.0038340346163951,0.5513574807043151
