,arima,lstm,mlp,rf,svr,xgboost
0,9.324368198024588,0.3951929967085022,0.4151567639985817,84.74747170005834,0.1827361653445764,78.78615946622452
