,arima,lstm,mlp,rf,svr,xgboost
0,1.326691270915524,1.1552224727878349,0.3861958570237476,1.3355667100314417,0.0593107120808336,1.4156517224459757
