,arima,lstm,mlp,rf,svr,xgboost
0,0.3021935631849862,0.422305195082097,0.1545427713422373,0.2914188455415929,0.0258530803380384,0.2374577684013344
