,arima,lstm,mlp,rf,svr,xgboost
0,54.48842074262858,82.48745106963707,27.6168023323262,52.429591135266826,5.234325398998436,41.69595098553617
