,training,validation,testing
arv,0.889167208889762,0.1417532284088923,0.38619585702374765
