,training,validation,testing
nrmse,0.024516537463099956,0.10156480014991082,0.42293374593556937
