,training,validation,testing
arv,0.5610231633593659,0.13102397195201393,0.059310712080833626
