,training,validation,testing
mae,0.022259204672795678,0.06578863569253626,0.422305195082097
