,training,testing
arv,1.0691366862484337,1.326691270915524
