,training,validation,testing
mae,0.014320490844167349,0.01749243226333906,0.23745776840133445
