,training,validation,testing
arv,0.10818334438624798,0.2090336190629902,1.3355667100314415
