,training,validation,testing
nrmse,0.06316051341437219,0.10648485812526569,0.3538545571313245
