,training,validation,testing
nrmse,0.0583722626352376,0.08409879141253374,0.054360764607578396
