,training,validation,testing
nrmse,0.08792958423561884,0.36137063360598565,0.5699806744697676
