,training,validation,testing
rmse,0.025702161085252955,0.019919509939813194,0.19683926766302431
