,training,validation,testing
mse,0.0006831125538700263,0.0005844111956322685,0.07942244444304354
