,training,validation,testing
mape,14545.51038103877,44.58671129989926,82.48745106963707
