,training,validation,testing
nrmse,0.062111091231273646,0.08774194205226614,0.24715244370037553
