,training,validation,testing
mape,1470.5005124993943,10.880558990402053,5.234325398998436
