,training,validation,testing
rmse,0.03638609938067339,0.08203973789163593,0.45394889431366464
