,training,validation,testing
rmse,0.010145176692886008,0.02305762784366177,0.3368365190872299
