,training,validation,testing
mae,0.013520616377298744,0.014131513331398109,0.1545427713422373
