,training,validation,testing
mse,0.0006606010844522913,0.00039678687624231665,0.038745697294115734
