,training,validation,testing
arv,367.68874299993684,1.6812428852814782,1.1552224727878349
