,training,validation,testing
mae,0.0047673184517998245,0.016291415758860856,0.2914188455415929
