,training,testing
nrmse,0.3476062296862914,0.43699580299684615
