,training,validation,testing
mse,0.00010292461012987748,0.0005316542017768065,0.11345884059080179
