,training,validation,testing
mse,0.0013239482281402403,0.006730518593328324,0.2060695986485987
