,training,validation,testing
smape,16.66675465366043,10.976950157770341,5.233455119101954
