,training,testing
rmse,0.1438427683771882,0.3480359431039837
