,training,validation,testing
mae,0.009341966804876893,0.011576538996262944,0.025853080338038417
