,training,testing
mae,0.14100434329064046,0.3021935631849862
