,training,validation,testing
rmse,0.024154998204348955,0.019092428002908286,0.043294466098542254
