,training,validation,testing
mape,2867.4450696532754,12.17727573186872,27.616802332326202
