,training,validation,testing
mape,802.4728782941818,13.561872816489812,52.429591135266826
