,training,validation,testing
arv,1.1407578961058875,0.17480768476861336,1.4156517224459755
