,training,validation,testing
smape,38.16940370536195,59.711036092140986,141.12052870823263
