,training,validation,testing
rmse,0.026136421979108506,0.0241745981483099,0.28181987943195835
