,training,testing
smape,112.88034438176527,78.77076714559857
