,training,validation,testing
mse,0.0005834639382521012,0.00036452080704623655,0.0018744107947578248
