,training,validation,testing
smape,9.754758001623347,13.944994936709504,74.62031337044561
