,training,testing
mape,48597.18383903779,54.48842074262858
