,training,validation,testing
mape,11151.814161070866,13.776568233440626,41.69595098553617
