,training,testing
mse,0.020690742014413416,0.12112901769227939
