,training,validation,testing
smape,27.232065528207166,14.14065517957972,55.53229430556884
