,training,validation,testing
smape,24.93701071679995,12.374702076683052,23.32040556778781
