,arima,lstm,mlp,rf,svr,xgboost
0,0.1211290176922793,0.2060695986485987,0.0387456972941157,0.1134588405908017,0.0018744107947578,0.0794224444430435
