,arima,lstm,mlp,rf,svr,xgboost
0,0.4369958029968461,0.5699806744697676,0.2471524437003755,0.4229337459355693,0.0543607646075783,0.3538545571313245
