,arima,lstm,mlp,rf,svr,xgboost
0,0.3480359431039837,0.4539488943136646,0.1968392676630243,0.3368365190872299,0.0432944660985422,0.2818198794319583
