,arima,lstm,mlp,rf,svr,xgboost
0,78.77076714559857,141.12052870823263,23.32040556778781,74.62031337044561,5.233455119101954,55.53229430556884
