,training,testing
rmse,0.25145078539945137,0.12387104938695792
