,training,testing
rmse,0.2884346723687409,0.14621584344178837
