,training,testing
rmse,0.057901733225475926,0.04787362980464974
