,training,testing
rmse,0.01812510056037031,0.040998176887088095
