,training,testing
rmse,0.04835603951583048,0.043554861190668544
