,training,testing
rmse,0.1612177799806256,0.13562551140052756
