,training,testing
mape,29322.2711517893,100604.33517855805
