,training,testing
mae,0.6363349582568267,0.8529232027500012
