,training,testing
smape,187.1607637994432,175.84425791314374
