,training,testing
rmse,0.739719695622629,1.0105839120625335
