,training,testing
mse,0.5471852280920348,1.0212798433196144
