,training,testing
arv,1.200863841531799,1.2288218427385855
