,training,testing
nrmse,0.7578295940088704,1.0105839120625335
