,arima,lstm,mlp,rf,svr,xgboost
0,1.2288218427385855,3.510732629116049,0.0051615799671901,0.0038613995834027,0.0346094785163155,5.733546796116731
