,arima,lstm,mlp,rf,svr,xgboost
0,1.0076557411644889,0.0038298121836243,0.0039229844174885,0.0039582318908684,0.0034118591779394,0.0051805694996455
