,training,validation,testing
mape,1026.5778052223316,3556.4559738087623,4911.932588308379
