,training,validation,testing
arv,0.004199597121847057,0.003906719014164093,0.003922984417488533
