,training,validation,testing
rmse,0.017329827004992904,0.02236716953394359,0.02368286655820796
