,training,testing
mape,1777149.7080357738,1433293.4360958498
