,training,validation,testing
smape,4.324397343077888,7.81486673795126,10.908663564609386
