,training,validation,testing
arv,0.0007596609051777555,0.004286816637073,0.0039582318908684515
