,training,validation,testing
rmse,0.008814800967906749,0.020224144766687473,0.020926769547061172
