,training,validation,testing
nrmse,0.009030605888024998,0.02078287556661721,0.020926769547061172
