,training,validation,testing
mse,0.00042848029451863346,0.0003728694889723072,0.0004355465091562788
