,training,validation,testing
rmse,0.021477734708081085,0.020495137994727883,0.020830341184195727
