,training,validation,testing
mse,0.00046129308819071096,0.00042005068142293847,0.0004339031138500007
