,training,validation,testing
mse,7.770071610380975e-05,0.0004090160315439323,0.00043792968367580687
