,training,testing
rmse,10.272398794959889,3.494193127351709
