,training,validation,testing
smape,9.339912428952399,7.788636875645265,12.128592177163307
