,training,validation,testing
mape,3098.465151030552,4995.774655960143,6643.717042344183
