,training,validation,testing
mape,483.86313320311984,4382.987529949055,3876.752071615412
