,training,testing
mse,105.52217700269338,12.209385611231916
