,training,validation,testing
arv,0.004488232960899767,0.004369186783238817,0.0038298121836243754
