,training,testing
mae,8.945916569387943,3.065324886062324
