,training,validation,testing
mse,0.00030032290402298137,0.0005002902729601742,0.0005608781684138848
