,training,testing
smape,198.79714476025302,195.06597939718918
