,training,validation,testing
arv,0.0039012434578216803,0.0037242280390333725,0.003411859177939473
