,training,validation,testing
smape,10.688141253967046,11.530619303486276,13.118901133625307
