,training,validation,testing
nrmse,0.022003554955171596,0.021061355502492503,0.020830341184195727
