,training,validation,testing
mae,0.014365654940860883,0.014070369441322176,0.013850016771340018
