,training,validation,testing
mape,1743.7836397371423,4090.2804261152205,4660.63837655234
