,training,validation,testing
nrmse,0.017754097722629276,0.02298510550453896,0.02368286655820796
