,training,validation,testing
smape,9.58801013389035,10.00346554698475,12.424311784271184
