,training,validation,testing
mae,0.015221531406866282,0.014628037889453707,0.014968123925608937
