,training,validation,testing
arv,0.002962174746805256,0.005290885578603443,0.005180569499645552
