,training,validation,testing
mae,0.015634909112290395,0.015123253003069055,0.01464090111780817
