,training,validation,testing
mape,1110.9000336950369,3136.4984452918725,4429.347148487806
