,training,validation,testing
mae,0.006340440191915779,0.01534993313756857,0.015142050941796697
