,training,validation,testing
mae,0.012713801231955884,0.017152370210911882,0.01717059051059983
