,training,testing
arv,1.0005601559637258,1.0076557411644889
