,training,testing
nrmse,10.523888784290364,3.494193127351709
