,training,validation,testing
rmse,0.020699765566755422,0.01930982881778881,0.02086975105640407
