,training,validation,testing
mse,0.00039846058526050304,0.00035645511925702736,0.0003830410254820728
