,training,validation,testing
smape,9.588114712765062,10.331236426077114,13.353222165360057
