,training,validation,testing
rmse,0.019961477531999054,0.01888001904811082,0.019571433914817606
