,training,validation,testing
nrmse,0.021206539488352084,0.019843299885482148,0.02086975105640407
