,training,validation,testing
nrmse,0.02045017660528718,0.01940161579631128,0.019571433914817606
