,training,testing
mse,0.06520514070433599,0.06308881334385448
