,training,testing
mae,0.23138728378206763,0.22556833477100105
