,training,testing
arv,2.5989202906332265,3.5107326291160486
