,training,testing
nrmse,0.2616045521447474,0.25117486606715744
