,training,testing
rmse,0.2553529727736413,0.25117486606715744
