,training,testing
mape,56355.83525851901,96645.87071190032
