,training,testing
smape,58.5187353462982,65.11180442480776
