,arima,lstm,mlp,rf,svr,xgboost
0,3.065324886062324,0.0146409011178081,0.0149681239256089,0.0151420509417966,0.01385001677134,0.0171705905105998
