,arima,lstm,mlp,rf,svr,xgboost
0,0.8529232027500012,0.225568334771001,0.0171947030065525,0.0148272464636682,0.0505573050405912,0.2150726794085509
