,arima,lstm,mlp,rf,svr,xgboost
0,100604.33517855805,96645.87071190032,7284.813348008773,3973.325852413113,30923.26168396012,126068.67346561726
