,arima,lstm,mlp,rf,svr,xgboost
0,1433293.4360958498,4660.63837655234,4911.932588308379,3876.752071615412,4429.347148487806,6643.717042344183
