,training,testing
smape,11.726940025695908,13.85530850734763
