,training,testing
mse,0.0006144687081430724,0.0005902359427234802
