,training,testing
arv,0.0060032207633351166,0.0051615799671901694
