,training,testing
nrmse,0.025395353601966018,0.02429477192161886
