,training,testing
mae,0.018574736744438988,0.0171947030065525
