,training,testing
mape,2617.7129635576134,7284.813348008773
