,arima,lstm,mlp,rf,svr,xgboost
0,1.0212798433196144,0.0630888133438544,0.0005902359427234,0.0004276233226564,0.0032111416920106,0.0562749964806697
