,arima,lstm,mlp,rf,svr,xgboost
0,12.209385611231916,0.00043390311385,0.0004355465091562,0.0004379296836758,0.000383041025482,0.0005608781684138
