,arima,lstm,mlp,rf,svr,xgboost
0,3.494193127351709,0.0208303411841957,0.020869751056404,0.0209267695470611,0.0195714339148176,0.0236828665582079
