,training,testing
arv,0.000639891151658852,0.003861399583402762
