,training,testing
mae,0.005809325459877592,0.0148272464636682
