,training,testing
mape,752.2692821167275,3973.325852413113
