,training,testing
nrmse,0.00822539410296848,0.020679055168369702
