,training,testing
rmse,0.008028831376243125,0.020679055168369702
