,training,testing
smape,3.8225752652064413,10.858141888382566
