,arima,lstm,mlp,rf,svr,xgboost
0,175.84425791314374,65.11180442480776,13.85530850734763,10.858141888382566,33.36566204633488,62.84493892205118
