,arima,lstm,mlp,rf,svr,xgboost
0,195.0659793971892,12.128592177163307,13.118901133625307,10.908663564609386,12.424311784271184,13.353222165360055
