,training,testing
mae,0.04523595112820288,0.05055730504059129
