,training,testing
mse,0.0027221956624452186,0.0032111416920106474
