,training,testing
nrmse,0.05345201079427449,0.05666693649749074
