,training,testing
mape,17531.025329250413,30923.261683960118
