,training,testing
smape,26.295711265659456,33.365662046334876
