,training,testing
arv,0.0319191050900081,0.0346094785163155
