,training,testing
mae,0.20653116186875356,0.2150726794085509
