,training,testing
smape,53.88379185791498,62.84493892205118
