,training,testing
arv,4.933028884806694,5.733546796116731
