,training,testing
nrmse,0.23254660748742478,0.23722351586777762
