,training,testing
mse,0.051524200209981975,0.05627499648066975
