,training,testing
mape,73600.84902148205,126068.67346561726
