,training,testing
rmse,0.02905087963939734,0.03226353732601364
