,training,testing
smape,36.191184569475446,65.2263245802186
