,training,testing
mae,0.18156204497714043,0.17337728455657425
