,training,testing
rmse,0.19865006540304705,0.2059238273624882
