,training,testing
arv,1.2061826750908287,1.4216284541164805
