,training,testing
nrmse,0.2753486719024064,0.4709123882356901
