,training,testing
mse,0.03946184848463487,0.04240462267561585
