,training,testing
mape,30.080145700835704,46701.01625238056
