,arima,lstm,mlp,rf,svr,xgboost
0,1.3994936487476115,1.215490304480391,0.9671971566894378,1.132501161061192,0.0948789707791718,1.152924019567303
