,arima,lstm,mlp,rf,svr,xgboost
0,1.4216284541164803,3.266900503108543,0.3979678256664989,1.4340868484195666,1.1748528173298978,1.205962019473528
