,training,validation,testing
nrmse,0.20230100644064927,0.11761226328573388,0.5636683363854056
