,training,validation,testing
mae,0.046848554699474174,0.030509762001955678,0.03544105354250853
