,training,validation,testing
smape,7.006571338182509,11.545232571433129,85.24912217519301
