,training,validation,testing
mape,3.40628036581227,12.764715355754952,63160.96307438081
