,training,testing
rmse,0.2161494505499157,0.20979594517617794
