,training,validation,testing
smape,7.6939783380771924,6.2846420720644876,43.377771721917014
