,training,validation,testing
rmse,0.14594988921820895,0.05718633847928709,0.24648479014621946
