,training,validation,testing
mse,0.021301370162807465,0.0032702773086675917,0.06075475177342585
