,training,testing
arv,1.105960610025931,1.3994936487476115
