,training,validation,testing
mae,0.04266719092599453,0.05680589829548067,0.28663466464860915
