,training,validation,testing
mape,9.142836042343335,5.677792451396555,20335.83232175456
