,training,validation,testing
mse,0.0007880258664973765,0.005024409384646394,0.10934866847391843
