,training,validation,testing
mse,0.0032611962418299645,0.004604564600404217,0.09472358140877253
