,training,validation,testing
rmse,0.028071798419363452,0.07088306839186911,0.3306791019612797
