,training,validation,testing
nrmse,0.07915579959346601,0.13955795667752852,0.7038215642045118
