,training,testing
mse,0.04672058497303044,0.044014338612365866
