,training,validation,testing
smape,9.08369631058876,5.680701443259046,34.41437684246195
