,training,validation,testing
arv,0.4354943265329162,1.6803162693953213,1.1325011610611921
