,training,validation,testing
mape,7.7222712113651575,6.601464807387844,6297.591948690677
