,training,validation,testing
smape,23.601159410851714,9.636447025905635,75.26098001296488
