,training,validation,testing
rmse,0.0636445617413618,0.03961429113324828,0.043773172209144694
