,training,validation,testing
mape,7.053605629855052,12.655599687656338,60215.60359921232
