,training,validation,testing
arv,7.530728266677589,0.6004537122845056,0.09487897077917186
