,training,validation,testing
mse,0.005301713340642668,0.0013039991826393742,0.0051951230843745285
