,training,testing
nrmse,0.29960455346742265,0.47976725593375824
