,training,validation,testing
nrmse,0.10092584512041451,0.07426752935599854,0.16482816915478843
