,training,validation,testing
arv,5.334356495756778,1.4112202526785729,1.152924019567303
