,training,validation,testing
mae,0.020478682501003726,0.05678432551539145,0.3107280172658816
