,training,testing
mape,33.15988445114131,47283.0492804687
