,training,validation,testing
mae,0.05528334027787574,0.02723391277837685,0.053634713762109744
