,training,validation,testing
mse,0.0040506302392500125,0.0015692920619897533,0.0019160906052514374
