,training,testing
mae,0.20565596577669432,0.1778124987450819
