,training,validation,testing
rmse,0.07281286521379768,0.03611092885317926,0.07207720225129807
