,training,validation,testing
arv,1.259146328703848,7.175438730844662,1.215490304480391
