,training,validation,testing
mae,0.13099509850359844,0.046536645034460485,0.2234225411318854
