,training,validation,testing
smape,3.380528086631259,11.547340959177584,88.71838072710722
