,training,validation,testing
arv,2.7077041209957353,0.4792057349358606,0.9671971566894378
