,training,validation,testing
rmse,0.057106884364583964,0.06785694216809521,0.30777196332475204
