,training,validation,testing
nrmse,0.03891029382246176,0.14578163813066564,0.7562062517908807
