,training,testing
smape,40.189006486642526,66.16971258201433
