,training,validation,testing
nrmse,0.0882176681580186,0.08147271817951497,0.10010171882331416
