,training,validation,testing
mape,20.767729154623687,9.441502944146821,51058.51633361316
