,training,testing
arv,1.0986649396508172,3.266900503108543
