,training,testing
mse,0.062119454150722786,0.012792789479749054
