,training,testing
mae,0.23760467064907315,0.0907783159190717
