,training,testing
smape,50.76330292644099,46.295812552224156
