,training,testing
mape,40.13542473339376,29953.73894361701
