,training,testing
nrmse,0.34546820951633395,0.2586521784492567
