,arima,lstm,mlp,rf,svr,xgboost
0,0.1733772845565742,0.0907783159190717,0.0582723477195329,0.1691967704799132,0.3382087720215124,0.2468148331155884
