,arima,lstm,mlp,rf,svr,xgboost
0,0.1778124987450819,0.2234225411318854,0.0536347137621097,0.3107280172658816,0.0354410535425085,0.2866346646486091
