,arima,lstm,mlp,rf,svr,xgboost
0,46701.01625238056,29953.73894361701,13631.757142983168,46091.15529825435,69754.08782914167,55448.6953765965
