,arima,lstm,mlp,rf,svr,xgboost
0,47283.0492804687,51058.51633361316,20335.83232175456,63160.96307438081,6297.591948690677,60215.60359921232
