,training,testing
rmse,0.06102377513706672,0.06546439348352585
