,training,testing
mape,7.69593928405857,13631.757142983168
