,training,testing
mae,0.044496129612510024,0.05827234771953296
