,training,testing
nrmse,0.0845849982700518,0.1497058124578343
