,training,testing
mse,0.003723901131979283,0.004285586814165903
