,training,testing
smape,7.576462122753148,35.36470183540346
