,training,testing
arv,1.1150491767505302,0.39796782566649896
