,arima,lstm,mlp,rf,svr,xgboost
0,0.0440143386123658,0.0607547517734258,0.0051951230843745,0.1093486684739184,0.0019160906052514,0.0947235814087725
