,arima,lstm,mlp,rf,svr,xgboost
0,0.0424046226756158,0.012792789479749,0.0042855868141659,0.040700805980314,0.1368478242747973,0.0734651056127859
