,arima,lstm,mlp,rf,svr,xgboost
0,0.4797672559337582,0.5636683363854056,0.1648281691547884,0.7562062517908807,0.1001017188233141,0.7038215642045118
