,arima,lstm,mlp,rf,svr,xgboost
0,0.4709123882356901,0.2586521784492567,0.1497058124578343,0.4613547737162998,0.8459651306385262,0.6198321053870041
