,training,testing
arv,0.10197595087522367,1.4340868484195666
