,training,testing
mae,0.016104933154285683,0.16919677047991327
