,training,testing
mse,0.0004867057670541902,0.04070080598031404
