,training,testing
mape,2.7839893802622,46091.15529825435
