,training,testing
nrmse,0.030579298607587607,0.46135477371629985
