,training,testing
rmse,0.02206140899974864,0.20174440755647735
