,training,testing
smape,2.764455131423086,64.38770358497332
