,arima,lstm,mlp,rf,svr,xgboost
0,0.2059238273624882,0.1131052142023039,0.0654643934835258,0.2017444075564773,0.3699294855439308,0.2710444716513988
