,arima,lstm,mlp,rf,svr,xgboost
0,0.2097959451761779,0.2464847901462194,0.072077202251298,0.3306791019612797,0.0437731722091446,0.307771963324752
