,arima,lstm,mlp,rf,svr,xgboost
0,65.2263245802186,46.29581255222416,35.36470183540346,64.38770358497332,90.957903012069,78.90933554569051
