,arima,lstm,mlp,rf,svr,xgboost
0,66.16971258201433,75.26098001296488,34.41437684246195,88.71838072710722,43.37777172191701,85.24912217519301
