,training,testing
mae,0.04504384073462308,0.3382087720215124
