,training,testing
mse,0.003153629789452709,0.13684782427479736
