,training,testing
mape,7.930554058759978,69754.08782914167
