,training,testing
nrmse,0.07783942665427912,0.8459651306385262
