,training,testing
arv,0.6775363284212961,1.1748528173298978
