,training,testing
smape,7.769939529268457,90.957903012069
