,training,testing
rmse,0.08825671575843339,0.27104447165139883
