,training,testing
mape,11.31765270804295,55448.6953765965
