,training,testing
mse,0.007789247876464904,0.07346510561278594
