,training,testing
nrmse,0.12233255207465973,0.6198321053870041
