,training,testing
smape,12.078219725903583,78.90933554569051
