,training,testing
mae,0.06909845940654631,0.24681483311558844
