,training,testing
arv,2.3996751856971508,1.2059620194735279
