,training,testing
mape,455.3495499321226,17.47719426232561
