,training,testing
rmse,0.3328877213082527,0.10269927981867692
