,training,testing
mae,0.3326352827033717,0.08437428490402947
