,training,testing
mse,0.11081423499780092,0.0105471420752749
