,training,testing
smape,114.00746060054472,19.588837765409732
