,training,testing
nrmse,1.027468920897564,0.1527042217906514
