,training,testing
arv,0.9286851902701259,1.3869475115647913
