,arima,lstm,mlp,rf,svr,xgboost
0,1.3869475115647911,1.115561783337477,1.0274005993086006,1.3433502386996492,1.0959352570303724,123.07468600661836
