,arima,lstm,mlp,rf,svr,xgboost
0,1.397327504268477,0.7885294603666413,0.6933587894661744,1.1236647557678543,0.2331611665945109,1.1497310848412734
