,training,validation,testing
mse,7.5729304370707875e-06,9.072200639151652e-06,0.005460041523996666
