,training,validation,testing
rmse,0.002751895789645892,0.0030120094022349354,0.07389209378544274
