,training,validation,testing
mape,0.1690008402109584,13.772832692159032,44.328015790812444
