,training,validation,testing
arv,0.019011297689266682,2.051562205508185,1.1497310848412734
