,training,testing
mape,572.1204136099668,17.193734243863247
