,training,validation,testing
rmse,0.0029845384955028607,0.0034341708929288665,0.05953274909117144
