,training,validation,testing
nrmse,0.012483145147265236,0.04047362019543736,0.08851962873621019
