,training,validation,testing
rmse,0.009570117942479226,0.03219570424828455,0.20064667457880175
