,training,validation,testing
mse,2.0050548030673872e-07,0.0022326650428812723,0.04763985660649551
