,training,validation,testing
mse,9.301153645300685e-07,1.579944714519308e-06,0.0011516883757762995
