,training,validation,testing
nrmse,0.0018728800307192682,0.5568804033579211,0.32454047599477853
