,training,validation,testing
arv,0.001669776595419317,0.02110260566156628,0.7885294603666413
