,training,validation,testing
mape,22.00747125633034,8.658388658485535,40.08239678662816
