,training,validation,testing
smape,0.16919452549412695,15.094250694726297,57.62805336309073
