,training,validation,testing
mae,0.005099714602342933,0.026169967085125267,0.18712586876946719
