,training,testing
nrmse,1.4158980136866828,0.15071541750739095
