,training,validation,testing
nrmse,0.040028021596111796,0.3794443393463033,0.2983428350280006
