,training,validation,testing
smape,12.687786186508859,9.217880400403583,50.85312843878208
