,training,validation,testing
mse,9.158715743296283e-05,0.0010365633720430078,0.04025908801953157
