,training,testing
mse,0.1145962151957068,0.010274201286439256
