,training,validation,testing
mape,2.10478650052432,0.7440535204475841,6.564160808083744
