,training,validation,testing
smape,0.5272859357294284,0.23422177999122396,1.5297694457383044
