,training,validation,testing
mae,0.001708330552966389,0.0023010586555237337,0.053439417617059004
