,training,validation,testing
nrmse,0.004033808201256937,0.014813957494166358,0.050460452152471975
