,training,validation,testing
mse,8.907470031138478e-06,1.1793529721839847e-05,0.003544148214352374
