,training,validation,testing
mae,0.00043943309394027063,0.0006649147597154609,0.008175118469412749
