,training,testing
smape,128.19726054511762,19.23489969493882
