,training,validation,testing
nrmse,0.01151009264047364,0.03549821146704018,0.10987063101036292
