,training,validation,testing
arv,0.00017198390147647196,0.0029650885494642582,0.23316116659451094
