,training,testing
mae,0.33826657188171827,0.08303400714337414
