,training,validation,testing
mae,0.0016689036459738532,0.0021258313559023804,0.033573052839562294
