,training,validation,testing
mape,0.5251135486224834,0.23398867590306094,1.5614904414854978
