,training,validation,testing
smape,2.1580773588539373,0.799853268731031,10.48460899718703
