,training,validation,testing
rmse,0.0004477783830275181,0.04725108509739509,0.21826556440834982
