,training,validation,testing
mape,2.133988200122537,0.7995170908306851,11.062193709786378
