,training,validation,testing
arv,0.0014025087385178654,0.017066563980408036,0.6933587894661744
