,training,validation,testing
mae,0.000159790191950215,0.04120846971916913,0.205904976505406
