,training,validation,testing
rmse,0.0009644248879669523,0.0012569585174218392,0.033936534528090805
