,training,validation,testing
smape,2.1205161274484445,0.7503766871954102,6.583901792299149
