,training,validation,testing
arv,3.707258176256676e-05,1.3147720290545282,1.1236647557678543
