,training,testing
rmse,0.3385206274301565,0.10136173482354796
