,training,testing
arv,0.9597986431262188,1.397327504268477
