,training,testing
mape,77.95205181531257,40.995417219724075
