,training,testing
rmse,0.05116792178330107,0.2007939684032935
