,training,testing
mae,0.04588918676616568,0.1898172693959411
