,training,testing
nrmse,0.15793147663315735,0.2985618471659951
