,training,testing
mse,0.002618156219622016,0.04031821774714282
