,training,testing
smape,41.39485677640414,51.986249546031324
