,training,testing
arv,1.1113911753792272,1.1155617833374767
