,arima,lstm,mlp,rf,svr,xgboost
0,0.0830340071433741,0.0335730528395622,0.053439417617059,0.205904976505406,0.0081751184694127,0.1871258687694671
