,arima,lstm,mlp,rf,svr,xgboost
0,0.0843742849040294,0.1898172693959411,0.0394123692870946,0.1238773624542152,0.267234557839489,0.0469786102406465
