,arima,lstm,mlp,rf,svr,xgboost
0,17.193734243863247,6.564160808083744,11.062193709786378,44.32801579081245,1.5614904414854978,40.08239678662816
