,arima,lstm,mlp,rf,svr,xgboost
0,17.47719426232561,40.99541721972408,7.905427602122359,25.786975088409967,57.747647393923685,10.259412213172302
