,training,testing
smape,2.871711430411285,8.315600391331921
