,training,testing
arv,0.0009129586128286579,1.0274005993086006
