,training,testing
rmse,0.0030169621294658115,0.06686711916718174
