,training,testing
nrmse,0.00931195302538846,0.09942515092447886
