,training,testing
mse,9.102060490630885e-06,0.004471211625718083
