,training,testing
mae,0.0021237953280381166,0.039412369287094656
