,training,testing
mape,3.065487560964922,7.905427602122359
