,arima,lstm,mlp,rf,svr,xgboost
0,0.0102742012864392,0.0035441482143523,0.0054600415239966,0.0476398566064955,0.0011516883757762,0.0402590880195315
