,arima,lstm,mlp,rf,svr,xgboost
0,0.0105471420752749,0.0403182177471428,0.004471211625718,0.020596451876323,0.0785767270574611,0.0052980709856854
