,arima,lstm,mlp,rf,svr,xgboost
0,0.1527042217906514,0.2985618471659951,0.0994251509244788,0.2133928440966553,0.4168027863847831,0.1082287225556104
