,arima,lstm,mlp,rf,svr,xgboost
0,0.1507154175073909,0.0885196287362101,0.1098706310103629,0.3245404759947785,0.0504604521524719,0.2983428350280006
