,training,testing
arv,1.7911866823873546e-05,1.3433502386996492
