,training,testing
mape,0.14547976634844895,25.786975088409967
