,training,testing
mae,0.00017583613343767707,0.12387736245421525
