,training,testing
mse,1.770150024866218e-07,0.020596451876323023
