,training,testing
nrmse,0.001298601665518381,0.2133928440966553
