,training,testing
rmse,0.00042073150878751855,0.1435146399372657
