,training,testing
smape,0.14563180436496678,30.467449518141215
