,arima,lstm,mlp,rf,svr,xgboost
0,0.1013617348235479,0.0595327490911714,0.0738920937854427,0.2182655644083498,0.0339365345280908,0.2006466745788017
