,arima,lstm,mlp,rf,svr,xgboost
0,0.1026992798186769,0.2007939684032935,0.0668671191671817,0.1435146399372657,0.2803154063862013,0.0727878491623802
