,arima,lstm,mlp,rf,svr,xgboost
0,19.58883776540973,51.98624954603133,8.315600391331921,30.467449518141212,82.50699783055451,10.216683829927875
