,arima,lstm,mlp,rf,svr,xgboost
0,19.23489969493882,6.583901792299149,10.48460899718703,57.62805336309073,1.5297694457383044,50.85312843878208
