,training,testing
mae,0.052745287320232974,0.267234557839489
