,training,testing
smape,46.06374239838336,82.50699783055451
