,training,testing
nrmse,0.17877187865378574,0.4168027863847831
