,training,testing
rmse,0.05791996439859935,0.2803154063862013
