,training,testing
arv,1.761331341746594,1.0959352570303724
