,training,testing
mse,0.0033547222759350162,0.07857672705746119
