,training,testing
mape,95.4934172154153,57.747647393923685
