,training,testing
arv,1.0685022276871203,123.07468600661836
