,training,testing
smape,98.13532943582345,10.216683829927877
