,training,testing
mae,0.2407082796662801,0.046978610240646576
