,training,testing
mse,0.06284746351281116,0.005298070985685413
