,training,testing
mape,411.7039367095197,10.259412213172302
