,training,testing
nrmse,0.7737751801246042,0.10822872255561045
