,training,testing
arv,0.952310249404223,1.2719781717058873
