,training,testing
nrmse,0.8898848875524147,0.3764168881067085
