,training,testing
rmse,0.5547442352438784,0.15069239145522997
