,training,testing
mae,0.5523525351002395,0.12952128686900866
