,training,testing
mape,80.94075547293204,32626.024945627694
