,training,testing
smape,137.17028098698302,61.94963884754012
