,training,testing
mse,0.3077411665363155,0.022708196842496267
