,arima,lstm,mlp,rf,svr,xgboost
0,1.2719781717058871,1.0471322926338766,0.0901582182503292,1.377485147206715,1.15826511781122,1.1701269746605247
