,arima,lstm,mlp,rf,svr,xgboost
0,1.246002456302353,0.9991961515082776,0.0297924834572239,1.0685269415801089,0.0089189930878678,1.0780716037465077
