,training,validation,testing
mape,3.303008389389117,2.177528682692627,1735.5477171651842
