,training,validation,testing
mae,0.02603433828968157,0.011074785535206692,0.013846552288590466
