,training,validation,testing
rmse,0.034112483883186745,0.01435207528348314,0.0176248839498888
