,training,validation,testing
mape,3.729550206935882,7.3787680990267726,32494.631666921385
