,training,validation,testing
arv,0.2714367655254469,0.04229643150016479,0.008918993087867892
