,training,testing
mae,0.5549120238739783,0.13399110544055173
