,training,validation,testing
nrmse,0.08444930397872846,0.04777489896188458,0.044025474050758906
