,training,validation,testing
mse,0.0011636615566806756,0.00020598206494276764,0.0003106365342470479
