,training,validation,testing
mse,0.0011611069869394604,0.00021248627773092857,0.00010768208739021169
