,training,testing
mse,0.3109932745206236,0.023793028397875768
