,training,validation,testing
mse,0.0015193633899867852,0.0017374611504740024,0.029524519333708747
