,training,testing
rmse,0.5576677097704542,0.15424988945822868
