,training,validation,testing
arv,0.2748414667292364,0.04026063781705998,0.02979248345722394
