,training,testing
nrmse,1.3805693570364213,0.38530321816493557
