,training,validation,testing
smape,3.7975027478522736,6.967393441432422,70.36183601472199
