,training,testing
mape,72.91604409028365,33050.51467859128
