,training,validation,testing
mse,0.00028633125647939953,0.015910679335196725,0.18954321572527214
