,training,testing
smape,117.41229107889082,63.11434538904871
