,training,validation,testing
smape,3.3221974483882213,2.1604950389928703,15.921465048252792
