,training,validation,testing
mae,0.021907335477334436,0.08301375769301574,0.39458948506395497
