,training,testing
arv,0.9761579132345963,1.246002456302353
