,training,validation,testing
mape,3.3308487750298053,2.1672168570406507,6316.455229799523
