,training,validation,testing
nrmse,0.07096136710294497,0.3501664204997153,1.0234039443206258
