,training,validation,testing
mae,0.012688211918742951,0.10468966497636883,0.4211738355428094
