,training,validation,testing
arv,0.06379796863631337,1.4674643879930735,1.0685269415801089
