,training,validation,testing
arv,0.1886350173724656,1.7874521322012966,1.0780716037465075
