,training,validation,testing
smape,1.6207484534773693,19.198896438151973,107.85776251505669
