,training,validation,testing
mape,1.6232602316865847,22.576037317517635,74119.53867218582
