,training,validation,testing
mae,0.025811089177168817,0.011086220311565751,0.008197745106579878
