,training,validation,testing
nrmse,0.09649694402391172,0.13875307760497438,0.4292093684806674
