,training,validation,testing
nrmse,0.04189065109632398,0.4198841055226772,1.0875065894694504
