,training,validation,testing
mape,2.808936692234241,18.14271539098012,70950.54111078099
