,training,validation,testing
nrmse,0.08435655786897649,0.0485233211045733,0.02592086604693515
