,training,validation,testing
rmse,0.01692132549416267,0.1261375413395898,0.43536561155570397
