,training,validation,testing
smape,3.293774502744144,2.1623935292405805,7.67972913204308
