,training,validation,testing
arv,0.39149122806778236,0.49784176538871205,0.9991961515082776
