,training,validation,testing
mae,0.02970309002875792,0.034414700535455124,0.16268271102271972
