,training,validation,testing
mse,0.0008216341570907717,0.011065698841707534,0.16785667770246784
