,training,validation,testing
rmse,0.03897901217305007,0.04168286399078166,0.17182700408756693
