,training,validation,testing
smape,2.8061166619548756,15.698440200362935,104.9310319883146
