,training,validation,testing
rmse,0.0340750199844323,0.014576909059568443,0.010376997995095292
