,training,validation,testing
rmse,0.02866416154522528,0.10519362548038515,0.40970315803331053
