,training,testing
rmse,0.1610026688789586,0.2838522209905961
