,training,testing
mse,0.025921859386147578,0.08057208336129419
