,training,testing
smape,20.91821647778334,90.61488600525006
