,training,testing
mape,19.099965836688384,48126.83186244323
