,training,testing
nrmse,0.25827008698522885,0.7090389148094554
