,training,testing
arv,1.9191007795043848,1.0471322926338766
