,training,testing
mae,0.14103117763342024,0.2746399811835528
