,arima,lstm,mlp,rf,svr,xgboost
0,0.1339911054405517,0.1626827110227197,0.0138465522885904,0.4211738355428094,0.0081977451065798,0.3945894850639549
