,arima,lstm,mlp,rf,svr,xgboost
0,0.1295212868690086,0.2746399811835528,0.0343830678176411,0.1787954051921135,0.4039130768506204,0.2674947152355079
