,arima,lstm,mlp,rf,svr,xgboost
0,33050.51467859128,32494.631666921385,6316.455229799523,74119.53867218582,1735.5477171651842,70950.54111078099
