,arima,lstm,mlp,rf,svr,xgboost
0,32626.02494562769,48126.83186244323,5957.372850053416,45137.99888823017,79612.39459978938,55757.65158758519
