,training,testing
smape,4.087504271747373,48.09646003807849
