,training,testing
mae,0.029627806101372042,0.034383067817641194
