,training,testing
mse,0.0016169721312693714,0.0014958844411372986
