,training,testing
nrmse,0.06450483980341391,0.09661104894349651
