,training,testing
mape,4.0164150033519705,5957.372850053416
