,training,testing
arv,0.10262679275204065,0.09015821825032927
