,arima,lstm,mlp,rf,svr,xgboost
0,0.0227081968424962,0.0805720833612941,0.0014958844411372,0.0439697974146427,0.1948347770223829,0.0837265900058968
