,arima,lstm,mlp,rf,svr,xgboost
0,0.0237930283978757,0.0295245193337087,0.000310636534247,0.1895432157252721,0.0001076820873902,0.1678566777024678
