,arima,lstm,mlp,rf,svr,xgboost
0,0.3764168881067085,0.7090389148094554,0.0966110489434965,0.5237873520302854,1.1025822948020818,0.7227855754006155
