,arima,lstm,mlp,rf,svr,xgboost
0,0.3853032181649355,0.4292093684806674,0.0440254740507589,1.0875065894694504,0.0259208660469351,1.0234039443206258
