,training,testing
arv,0.008317654591295682,1.377485147206715
