,training,testing
mae,0.008512307709391041,0.17879540519211357
