,training,testing
mape,1.1600895529696256,45137.99888823017
