,training,testing
mse,0.0001368599657194713,0.04396979741464272
