,training,testing
nrmse,0.018766325594001577,0.5237873520302854
