,training,testing
smape,1.1586115611782257,71.64268104232511
