,arima,lstm,mlp,rf,svr,xgboost
0,0.1542498894582286,0.1718270040875669,0.0176248839498888,0.4353656115557039,0.0103769979950952,0.4097031580333105
