,arima,lstm,mlp,rf,svr,xgboost
0,61.94963884754012,90.61488600525006,48.09646003807849,71.64268104232511,102.87959280665612,87.80590384701
