,arima,lstm,mlp,rf,svr,xgboost
0,63.11434538904871,70.36183601472199,15.921465048252792,107.85776251505668,7.67972913204308,104.9310319883146
