,training,testing
mse,0.0016640407814328797,0.19483477702238292
