,training,testing
nrmse,0.06543694511515603,1.1025822948020818
