,training,testing
smape,5.061783932882455,102.87959280665613
