,training,testing
arv,0.13693439941482918,1.15826511781122
