,training,testing
mape,5.213939070932893,79612.39459978938
