,training,testing
rmse,0.04079265597424222,0.4414009254888156
