,training,testing
mae,0.03380271026301622,0.40391307685062044
