,training,testing
mae,0.15404005917291552,0.26749471523550794
