,training,testing
smape,22.998829449101944,87.80590384701
