,training,testing
arv,1.3300262175246966,1.1701269746605247
