,training,testing
mape,20.342784539158394,55757.65158758519
