,training,testing
nrmse,0.2791285973158473,0.7227855754006155
