,training,testing
mse,0.03027795918043542,0.08372659000589688
