,training,testing
nrmse,0.30173414519560493,0.22429382931404432
