,training,testing
mse,0.08854709647144046,0.014759378674975726
