,training,testing
smape,61.70598813960709,34.031265457503956
