,training,testing
mape,14835.290553839037,36.397540817363485
