,training,testing
mae,0.23024151236213175,0.09504320909939368
