,training,testing
arv,3.2831762319945015,10.142554250486638
