,arima,lstm,mlp,rf,svr,xgboost
0,10.142554250486638,0.6696464728940933,0.0433727224603169,0.0038613995834027,0.093001018618988,1.2437203475572007
