,arima,lstm,mlp,rf,svr,xgboost
0,6.761686384323604,0.0672371350891024,0.0290248033106071,0.0299582634839537,0.0281833056762686,0.0342581976361417
