,training,validation,testing
nrmse,0.03579006476760317,0.09582465896306709,0.05346107815672446
