,training,validation,testing
mape,5221.059209065685,7.9799568069282705,6.790514984487826
