,training,validation,testing
mse,0.0005781609551821798,0.0002839487269352202,0.0003666147112493253
