,training,validation,testing
rmse,0.0352959753667752,0.02683895859774159,0.028957057271436926
