,training,validation,testing
nrmse,0.018900991844919248,0.06469220009216368,0.036878474611254264
