,training,validation,testing
mae,0.027628317133754163,0.02121449993246819,0.02338761046423695
