,training,validation,testing
nrmse,0.02496902882034234,0.061470858463389524,0.03575349492767882
