,training,validation,testing
arv,0.008494442078569529,0.09222763073192347,0.03425819763614176
