,training,testing
mse,0.12056669978903937,0.015628191495978192
