,training,validation,testing
mae,0.0181494951749141,0.013503448221163224,0.015136978828827552
