,training,validation,testing
arv,0.009640755698497793,0.07797613640800874,0.028183305676268665
