,training,validation,testing
mae,0.019006897029031196,0.013744331729091645,0.015410363653359536
