,training,validation,testing
mse,0.0005027889214133908,0.00035162781120089685,0.0004445126725743285
