,training,validation,testing
arv,0.02165961659260306,0.18773577129999183,0.06723713508910246
