,training,validation,testing
rmse,0.024044977753830004,0.016850778229364368,0.019147185465475735
