,training,validation,testing
mse,0.0012458058770920017,0.0007203296986112872,0.0008385111658212783
