,training,testing
mape,18969.082823959903,36.097029720344956
