,training,validation,testing
smape,5.3046199391076225,7.121482161605804,5.826609056265433
