,training,validation,testing
rmse,0.022422955233719545,0.018751741551143907,0.021083469177873182
