,training,validation,testing
nrmse,0.022736842140118785,0.06695040839822829,0.03892470781708122
