,training,testing
mae,0.29054040766911315,0.0978802799430022
