,training,validation,testing
arv,0.010118701585225095,0.08166436053586708,0.029024803310607153
