,training,validation,testing
mape,1610.8951940183347,7.6241048377405685,6.230131672097787
