,training,validation,testing
smape,5.594238383106666,7.246822875481454,5.9737228335865655
