,training,validation,testing
mse,0.000347451824193463,0.00032830734458648897,0.00039900590466349463
