,training,validation,testing
mape,2310.053418612291,11.32385539377651,9.176314645934374
