,training,testing
arv,2.0095966475500924,6.761686384323604
