,training,validation,testing
mape,1734.517945893188,7.312975966334215,6.008656659030287
