,training,validation,testing
arv,0.005796778645564247,0.08538488172902325,0.029958263483953737
