,training,validation,testing
nrmse,0.02438157048226031,0.060163291031232094,0.03534990344688094
