,training,testing
nrmse,0.35208780526369,0.23080098075435065
