,training,validation,testing
mae,0.014271763387770876,0.014473498965010977,0.01593438505679457
