,training,testing
smape,73.56628244690506,35.14511959134847
