,training,validation,testing
smape,4.207293393678985,7.6074001026788585,6.207976428200896
