,training,validation,testing
mape,1651.1325809143025,7.169572846641252,5.834630863483061
