,training,validation,testing
mae,0.017248622966887322,0.014933835829306925,0.016759411896898353
