,training,validation,testing
rmse,0.024624326105518908,0.017217007011759038,0.01936578976652383
