,training,validation,testing
smape,5.7376809718881665,7.889162027313254,6.66986180341444
