,training,testing
rmse,0.3472271587722357,0.12501276533209796
