,training,validation,testing
mse,0.00060635743615094,0.0002964253304429599,0.000375033813281199
