,training,validation,testing
rmse,0.01864005966174634,0.018119253422436834,0.019975132156346165
