,training,validation,testing
smape,8.149251239662297,11.098350002004354,9.047640404406152
