,training,testing
nrmse,0.11249513736034918,0.16960965005541787
