,training,testing
mse,0.012308153598884933,0.008439846353002213
