,training,testing
arv,0.5746673643121152,0.6696464728940933
