,training,testing
mape,10028.13267730281,40.54137598117526
