,training,testing
mae,0.0956175881498844,0.08349287610793105
