,training,testing
smape,30.882172728453348,30.74094248784552
