,arima,lstm,mlp,rf,svr,xgboost
0,0.0950432090993936,0.083492876107931,0.0186530247855281,0.0148272464636682,0.0255370306521643,0.1494401127352063
