,arima,lstm,mlp,rf,svr,xgboost
0,0.0978802799430022,0.0233876104642369,0.0154103636533595,0.0159343850567945,0.0151369788288275,0.0167594118968983
