,arima,lstm,mlp,rf,svr,xgboost
0,36.397540817363485,40.54137598117526,7.28696388255088,3973.325852413113,11.070579389524374,75.17227114196994
