,arima,lstm,mlp,rf,svr,xgboost
0,36.09702972034496,9.176314645934374,6.008656659030287,6.230131672097787,5.834630863483061,6.790514984487826
