,training,testing
mae,0.022867171901378706,0.01865302478552811
