,training,testing
smape,7.837174651573406,7.139381826794705
