,training,testing
arv,0.013978602771553163,0.04337272246031698
