,training,testing
nrmse,0.029939462634864935,0.04409142020136297
