,training,testing
rmse,0.02952614203177503,0.02388200582500349
