,training,testing
mape,479.23276338440814,7.2869638825508805
