,training,testing
mse,0.000871793063280552,0.0005703502022255006
