,arima,lstm,mlp,rf,svr,xgboost
0,0.0156281914959781,0.0008385111658212,0.0003750338132811,0.0003990059046634,0.0003666147112493,0.0004445126725743
