,arima,lstm,mlp,rf,svr,xgboost
0,0.0147593786749757,0.0084398463530022,0.0005703502022255,0.0004276233226564,0.0010565501139662,0.0282510161042227
