,arima,lstm,mlp,rf,svr,xgboost
0,0.2308009807543506,0.0534610781567244,0.0357534949276788,0.0368784746112542,0.0353499034468809,0.0389247078170812
