,arima,lstm,mlp,rf,svr,xgboost
0,0.2242938293140443,0.1696096500554178,0.0440914202013629,0.0206790551683697,0.0600106510632544,0.3103132531662307
