,training,testing
mse,6.446213326814608e-05,0.0004276233226564777
