,arima,lstm,mlp,rf,svr,xgboost
0,0.1250127653320979,0.0289570572714369,0.0193657897665238,0.0199751321563461,0.0191471854654757,0.0210834691778731
