,arima,lstm,mlp,rf,svr,xgboost
0,35.14511959134847,9.047640404406152,5.9737228335865655,6.207976428200896,5.826609056265433,6.66986180341444
