,arima,lstm,mlp,rf,svr,xgboost
0,34.03126545750396,30.74094248784552,7.139381826794705,10.858141888382566,9.996126449761633,47.1410786992728
