,training,testing
mse,0.00157659252427688,0.0010565501139662595
