,training,testing
nrmse,0.040262156082375176,0.06001065106325445
