,training,testing
rmse,0.03970632851670978,0.03250461681002038
