,training,testing
mape,5869.37037332522,11.070579389524374
