,training,testing
mae,0.03231490675209202,0.025537030652164328
