,training,testing
arv,0.027622931452076276,0.09300101861898809
