,training,testing
smape,12.219066305152412,9.996126449761631
