,training,testing
arv,3.858651739376828,1.2437203475572007
