,training,testing
mae,0.1603284332679019,0.14944011273520638
