,training,testing
mse,0.034072819722564124,0.028251016104222752
