,training,testing
smape,45.532273681274326,47.1410786992728
