,training,testing
nrmse,0.18717219540502436,0.31031325316623076
