,training,testing
mape,22031.97196412722,75.17227114196994
