,training,testing
mse,0.057491834475188325,0.022633767063110356
