,training,testing
nrmse,0.23977454926490493,0.21437888681492062
