,training,testing
mape,17773.933174078076,25.079073305280414
