,training,testing
arv,15.593454535901742,126.47263270292524
