,training,testing
mae,0.21199756062345587,0.12145051885697594
