,training,testing
smape,35.08921660721486,21.39434570486456
