,arima,lstm,mlp,rf,svr,xgboost
0,126.47263270292524,0.3684930078833399,0.0901992613284671,0.0483881193303329,0.1105080842118062,2.444912582529732
