,arima,lstm,mlp,rf,svr,xgboost
0,0.9327590418377024,0.1047956030089409,0.0535383400226738,0.0516111622990167,0.0511473052306309,0.0594044463947603
