,training,validation,testing
rmse,0.04375343002514712,0.05118473990420309,0.04321366531282018
