,training,validation,testing
mape,3940.143287911618,6.724777151264362,5.037861376879056
