,training,validation,testing
mae,0.013930551029838577,0.027325677205859742,0.025344033013583036
