,training,validation,testing
nrmse,0.019002704258555853,0.05983768804304908,0.04820130355102978
