,training,validation,testing
smape,2.71933791878737,6.188696985078279,4.669953985532836
