,training,testing
mse,5.027498492252427,0.5061135859227585
