,training,validation,testing
mape,4418.91204953659,9.907628237347396,6.691396903102154
