,training,validation,testing
mape,919.6611349415355,6.035008153087993,4.529805464703055
