,training,validation,testing
arv,0.02514303494881117,0.09743627893956984,0.05353834002267382
