,training,validation,testing
mse,0.00036110276913813656,0.00131822054941888,0.0011442222428617
