,training,validation,testing
arv,0.045016818340828726,0.24216759803068735,0.10479560300894093
