,training,validation,testing
mse,0.0011869999681279725,0.0012723674106169267,0.0011454037987439353
