,training,validation,testing
smape,4.878539820428341,6.283212288462184,4.69428388338865
