,training,validation,testing
arv,0.007153841889049775,0.09504085353289354,0.051611162299016744
