,training,validation,testing
smape,4.16447773492445,5.95744525314202,4.472284002803784
