,training,validation,testing
mae,0.02362978849567813,0.026294508701021256,0.02468250002364485
