,training,validation,testing
arv,0.017557301767975375,0.11376500869654828,0.059404446394760335
