,training,validation,testing
rmse,0.01900270425855585,0.03630730710778314,0.03382635426500615
