,training,validation,testing
mse,0.0008710650038368635,0.0015092361754660644,0.0013227479605542973
