,training,testing
smape,98.21615987063669,67.59151136232231
