,training,validation,testing
mse,0.0012601724696095309,0.0013398395399099323,0.001190030330349573
