,training,validation,testing
mse,0.001914362638965446,0.00261987759906092,0.0018674208697684377
