,training,testing
arv,1.1035021213459026,0.9327590418377025
