,training,validation,testing
mae,0.02632993890672646,0.027816071665822593,0.025826111281889073
