,training,validation,testing
nrmse,0.03445286589135907,0.0587877765820095,0.048226184136505604
