,training,validation,testing
smape,4.360110352225497,6.650638086984813,4.993198210166061
