,training,validation,testing
nrmse,0.035498908005874366,0.0603263655765414,0.04915668705705777
