,training,validation,testing
nrmse,0.029513810391693984,0.06402644220011607,0.0518253377095156
