,training,validation,testing
arv,0.02295103143893781,0.09094535499088045,0.051147305230630935
