,training,testing
nrmse,2.24220839625857,1.013742346041689
