,training,validation,testing
rmse,0.03549890800587436,0.036603818652019525,0.0344968162349741
