,training,testing
mape,158557.17796395696,115.18281184567458
