,training,validation,testing
mape,815.0899660767878,6.355658195599573,4.744558672704429
