,training,validation,testing
rmse,0.03445286589135906,0.035670259469436534,0.033843814778241756
