,training,testing
mae,1.8429270709027288,0.6398507115289414
