,training,testing
rmse,2.2422083962585697,0.7114166050372724
