,training,validation,testing
mae,0.03266582317888177,0.03985106860258743,0.033304322610586086
