,training,validation,testing
mape,1229.3817187350785,6.235681730114613,4.7054975035132784
