,training,validation,testing
smape,6.939279706352021,9.052711578473147,6.289657367715021
