,training,validation,testing
mae,0.021832420781339873,0.02983469532369953,0.027650144916408152
