,training,validation,testing
nrmse,0.04375343002514713,0.08435702735705639,0.061577874546495194
