,training,validation,testing
rmse,0.02951381039169398,0.03884888898625113,0.036369602150068917
