,training,testing
smape,13.226273364681548,11.197646780882604
