,training,testing
mse,0.006611930008726923,0.005141956237938666
