,training,testing
nrmse,0.08131377502445034,0.1021804423690548
