,training,testing
mae,0.07006144969120782,0.05961372641942253
