,training,testing
mape,4919.514774267941,12.446481606579422
