,training,testing
arv,0.24695392243492625,0.36849300788333994
