,arima,lstm,mlp,rf,svr,xgboost
0,0.6398507115289414,0.033304322610586,0.025826111281889,0.025344033013583,0.0246825000236448,0.0276501449164081
