,arima,lstm,mlp,rf,svr,xgboost
0,0.1214505188569759,0.0596137264194225,0.0349118248500118,0.0240344684387226,0.0396330416584871,0.1080221285791226
