,arima,lstm,mlp,rf,svr,xgboost
0,25.079073305280414,12.446481606579422,6.560620369701427,4.433398742962826,6.971892144827802,18.387496851226512
