,arima,lstm,mlp,rf,svr,xgboost
0,115.18281184567458,6.691396903102154,4.744558672704429,4.7054975035132784,4.529805464703055,5.037861376879056
