,training,testing
mse,0.002099384063521363,0.001992104113542627
