,training,testing
arv,0.03904899127766321,0.09019926132846717
