,training,testing
mape,3015.6942302884404,6.560620369701427
