,training,testing
smape,6.851026548594874,6.441450387148327
