,training,testing
nrmse,0.04581903603876191,0.06360036478677837
