,training,testing
mae,0.03463008233751576,0.03491182485001185
