,arima,lstm,mlp,rf,svr,xgboost
0,0.0226337670631103,0.0051419562379386,0.0019921041135426,0.0010511179470008,0.0022343871622296,0.0159637830593545
