,arima,lstm,mlp,rf,svr,xgboost
0,0.5061135859227585,0.0018674208697684,0.0011900303303495,0.0011442222428617,0.0011454037987439,0.0013227479605542
