,arima,lstm,mlp,rf,svr,xgboost
0,0.2143788868149206,0.1021804423690548,0.0636003647867783,0.0461986533203638,0.0673570105811477,0.1800410342597301
