,arima,lstm,mlp,rf,svr,xgboost
0,1.013742346041689,0.0615778745464951,0.0491566870570577,0.0482013035510297,0.0482261841365056,0.0518253377095156
