,training,testing
arv,0.00298028926767051,0.04838811933033293
