,training,testing
mae,0.00918983919493641,0.024034468438722652
