,training,testing
mape,234.4127269039662,4.433398742962826
