,training,testing
mse,0.00015822343003885273,0.001051117947000885
