,training,testing
nrmse,0.012578689519932225,0.04619865332036385
