,training,testing
rmse,0.012578689519932223,0.0324209491995667
