,training,testing
smape,1.8322912479550268,4.389825710047999
