,arima,lstm,mlp,rf,svr,xgboost
0,0.7114166050372724,0.0432136653128201,0.0344968162349741,0.0338263542650061,0.0338438147782417,0.0363696021500689
