,arima,lstm,mlp,rf,svr,xgboost
0,21.39434570486456,11.197646780882604,6.441450387148327,4.389825710047999,7.137759248127856,18.83432402563192
