,arima,lstm,mlp,rf,svr,xgboost
0,67.59151136232231,6.289657367715021,4.69428388338865,4.669953985532836,4.472284002803784,4.993198210166061
