,training,testing
nrmse,0.04785795943992555,0.0673570105811477
