,training,testing
rmse,0.04785795943992555,0.047269304651429374
