,training,testing
smape,7.733481800834066,7.137759248127856
