,training,testing
mae,0.040746107228060914,0.039633041658487154
