,training,testing
arv,0.04681607836049955,0.11050808421180629
