,training,testing
mape,2915.815061809489,6.971892144827802
