,training,testing
mse,0.002290384281753559,0.002234387162229643
