,training,testing
arv,2.1894658675977716,2.444912582529732
