,training,testing
mape,10975.80043812864,18.387496851226512
