,training,testing
mae,0.17719667516017792,0.10802212857912266
