,training,testing
mse,0.04129975045919105,0.015963783059354548
