,training,testing
smape,29.23794083380549,18.834324025631922
