,training,testing
nrmse,0.20322340037306494,0.18004103425973017
