,training,testing
smape,38.44290146607061,12.230056805990117
