,training,testing
mae,0.13247592304948252,0.047011901753496683
