,training,testing
nrmse,0.19966641521855033,0.11915834572888176
