,training,testing
mse,0.024244282135935973,0.008587290069031995
