,training,testing
mape,55.642106958752635,15.416633018951542
