,training,testing
arv,1.5434087146738993,11.795123717579527
