,arima,lstm,mlp,rf,svr,xgboost
0,11.795123717579528,1.2720296535759297,0.233741995355851,0.2832828678861898,0.8460495986062869,2.059573475791372
