,arima,lstm,mlp,rf,svr,xgboost
0,2.085429054245239,0.4548739791580286,0.1199537989707336,0.2942408637136158,0.1208418802691031,0.4285888831557513
