,training,validation,testing
mape,0.5907572652406101,0.223525672896843,0.66187692397375
