,training,validation,testing
mse,0.000227503164192262,3.3526743618482833e-06,0.0008492191585334318
