,training,validation,testing
rmse,0.01508320802058574,0.0018310309560049178,0.029141365076698653
