,training,validation,testing
mape,0.8322917225829366,0.7062703830161465,1.0833414995717494
