,training,testing
mse,0.027332096368904664,0.008500184814667333
