,training,validation,testing
rmse,0.014655139070991368,0.0017718891129680904,0.029919677508018654
