,training,validation,testing
rmse,0.024597432701011987,0.0028672129043581587,0.04542981101215592
