,training,validation,testing
rmse,0.03485261921798316,0.0038889138529575092,0.04984247996802289
