,training,validation,testing
arv,0.029113679037139094,0.023074520404310336,0.2942408637136158
