,training,validation,testing
mae,0.0024903505720469867,0.0010646204184423034,0.004540802883748847
