,training,validation,testing
arv,0.21012806164770229,0.02994539105472558,0.45487397915802863
