,training,validation,testing
mse,0.0006050336954808138,8.220909838917947e-06,0.0020638677286002037
