,training,testing
smape,63.54056977744983,16.21463052686795
