,training,validation,testing
mse,0.00021477310119009775,3.1395910286548463e-06,0.0008951871021838372
