,training,validation,testing
arv,0.11566829948183219,0.013191681994250352,0.42858888315575133
