,training,validation,testing
nrmse,0.018792748431724036,0.02035649289219409,0.03847275677142615
