,training,validation,testing
mape,4.1461711453349865,0.512348855068494,1.2176027814693615
