,training,validation,testing
smape,0.8697126023484867,0.25926791465254084,0.8032842557315716
