,training,validation,testing
smape,0.6168203188379848,0.2235028901710759,0.6445553773875721
