,training,validation,testing
nrmse,0.03154206606823491,0.03294020979123491,0.05841674158333118
