,training,validation,testing
smape,0.8114327510322252,0.7094465481487793,1.1867231614719025
