,training,validation,testing
mae,0.011814241920303836,0.0029177076634454677,0.012474753041952924
