,training,validation,testing
nrmse,0.017907949063697852,0.04203117701122866,0.05026438910729647
