,training,testing
nrmse,0.21200047194154745,0.11855246349178471
