,training,validation,testing
mape,4.286922892498912,0.7088995408812268,2.595383016248283
