,training,validation,testing
mae,0.001851335862284978,0.0009205957466876427,0.0037564172474584025
