,training,validation,testing
arv,0.031082516454377648,0.005242859698347131,0.12084188026910316
