,training,validation,testing
mape,0.8665478380156872,0.25915073535798205,0.8040238749538173
