,training,validation,testing
rmse,0.013965146447748477,0.0036585174738026117,0.03908985054444613
