,training,testing
mape,52.370258149892656,15.051645847397996
