,training,validation,testing
mse,0.0001950253153070619,1.3384750106119043e-05,0.0015280164155871355
