,training,validation,testing
smape,4.228927074381595,0.7111326697336057,2.6375400134335427
