,training,validation,testing
mse,0.0012147050663537293,1.5123650955724819e-05,0.0024842728093627635
