,training,testing
mae,0.1341102861336404,0.06319882409380682
