,training,testing
rmse,0.1653242159180096,0.09219644686574062
