,training,testing
arv,1.3332641582338935,2.085429054245239
