,training,validation,testing
arv,0.033739373517598106,0.005726315035853815,0.11995379897073362
