,training,validation,testing
nrmse,0.01934167478733147,0.02103594878963101,0.03747194969874541
