,training,validation,testing
smape,3.275775765292048,0.512136795431582,1.3635090943293549
