,training,validation,testing
nrmse,0.044692616151742956,0.044678104643623,0.06409085152005742
