,training,validation,testing
mae,0.00771025247700698,0.0020905117542838014,0.007262993771663344
