,training,validation,testing
mae,0.0021672097218636472,0.002903187338884095,0.006649485622641654
