,training,testing
mae,0.07779176984875842,0.15379748489113873
