,training,testing
nrmse,0.13512645785684718,0.22205217118705228
