,training,testing
mape,22.223558086464003,35.03582585213491
