,training,testing
smape,25.09912907774792,43.757960359446436
