,training,testing
arv,2.372100536015759,1.2720296535759297
