,training,testing
mse,0.011104015846481968,0.029820659955804088
