,arima,lstm,mlp,rf,svr,xgboost
0,0.0470119017534966,0.1537974848911387,0.0083667639868644,0.005278010520096,0.0762169084653985,0.0706366248542297
