,arima,lstm,mlp,rf,svr,xgboost
0,0.0631988240938068,0.0124747530419529,0.0045408028837488,0.0066494856226416,0.0037564172474584,0.0072629937716633
