,arima,lstm,mlp,rf,svr,xgboost
0,15.051645847397996,2.595383016248283,0.8040238749538173,1.0833414995717494,0.66187692397375,1.2176027814693615
