,arima,lstm,mlp,rf,svr,xgboost
0,15.416633018951542,35.03582585213491,1.608706352396988,0.7706228751805468,19.59153649001978,20.71719422176901
