,training,testing
smape,1.459827212625327,1.569237999346825
