,training,testing
rmse,0.017993449836570433,0.039801051096663764
