,training,testing
mape,1.4393899159758654,1.608706352396988
