,training,testing
mae,0.0044753397106969085,0.00836676398686446
