,training,testing
nrmse,0.023073569930622276,0.05117889916021531
