,training,testing
arv,0.039697318390023696,0.23374199535585102
