,training,testing
mse,0.0003237642370211765,0.0015841236683992396
