,arima,lstm,mlp,rf,svr,xgboost
0,0.0085001848146673,0.0024842728093627,0.0008492191585334,0.0015280164155871,0.0008951871021838,0.0020638677286002
