,arima,lstm,mlp,rf,svr,xgboost
0,0.0085872900690319,0.029820659955804,0.0015841236683992,0.0015003930450162,0.0071787022702417,0.0087499313593282
