,arima,lstm,mlp,rf,svr,xgboost
0,0.1185524634917847,0.0640908515200574,0.0374719496987454,0.0502643891072964,0.0384727567714261,0.0584167415833311
