,arima,lstm,mlp,rf,svr,xgboost
0,0.1191583457288817,0.2220521711870522,0.0511788991602153,0.0498079789613564,0.1089480269578971,0.1202814685233234
