,training,testing
arv,0.0032953371971320296,0.28328286788618984
