,training,testing
mse,2.778742737144726e-05,0.0015003930450162369
