,training,testing
mape,0.26820816233851963,0.7706228751805468
