,training,testing
mae,0.0008387976047416813,0.0052780105200960145
