,training,testing
nrmse,0.006759654928801978,0.04980797896135649
