,training,testing
rmse,0.005271378128293138,0.03873490731906089
