,training,testing
smape,0.2631321478055925,0.8697970367491377
