,arima,lstm,mlp,rf,svr,xgboost
0,0.0921964468657406,0.0498424799680228,0.0291413650766986,0.0390898505444461,0.0299196775080186,0.0454298110121559
