,arima,lstm,mlp,rf,svr,xgboost
0,12.230056805990117,43.75796035944644,1.569237999346825,0.8697970367491377,17.81035124227399,17.384164911639363
