,arima,lstm,mlp,rf,svr,xgboost
0,16.21463052686795,2.6375400134335427,0.8032842557315716,1.1867231614719025,0.6445553773875721,1.3635090943293549
