,training,testing
mape,29.760410028555658,19.59153649001978
