,training,testing
mae,0.08207615382663289,0.07621690846539857
