,training,testing
nrmse,0.10718330950321994,0.10894802695789718
