,training,testing
mse,0.006986402670240411,0.007178702270241751
