,training,testing
smape,25.404263777573266,17.81035124227399
