,training,testing
arv,0.5282479530458694,0.8460495986062869
