,training,testing
rmse,0.08358470356614547,0.08472722272234438
