,training,testing
arv,1.1951894185472465,2.059573475791372
