,training,testing
rmse,0.1476970203710914,0.09354106776880523
