,training,testing
mape,54.25495641893019,20.71719422176901
