,training,testing
smape,38.901557322882184,17.384164911639363
