,training,testing
nrmse,0.18939656147264244,0.12028146852332343
