,training,testing
mae,0.1340658377072488,0.07063662485422978
