,training,testing
mse,0.021814409826498585,0.008749931359328212
