,training,testing
rmse,0.0441572976098216,0.0057137394262311205
