,training,testing
rmse,0.014878932476114356,0.005644369208684578
