,training,testing
rmse,0.08819897403694747,0.09778881047649558
