,arima,lstm,mlp,rf,svr,xgboost
0,22.182298661248723,0.7710964154904804,0.4318276650111008,1.9282034632077043,0.4442254555959869,2.046920414307249
