,arima,lstm,mlp,rf,svr,xgboost
0,0.0741768129431901,0.0561479690200317,0.0376121186092293,0.1004953740103564,0.0324524906519377,0.0589001576484307
