,arima,lstm,mlp,rf,svr,xgboost
0,16.929295857078966,12.636012116909631,8.481685474451504,19.98425639252118,7.481110711431903,12.04363857834745
