,training,validation,testing
nrmse,0.04666891068280992,0.062300973927524754,0.078756749753314
