,training,validation,testing
nrmse,0.03879734115444897,0.10166482287435624,0.16850544639974788
