,training,validation,testing
smape,25.890959360257593,10.657770917204852,12.350657698569343
