,training,validation,testing
arv,0.23544178377769467,0.12071514943718378,2.046920414307249
