,training,validation,testing
mae,0.01254959015740639,0.03292199073605377,0.10049537401035641
