,training,validation,testing
mae,0.03265380509032069,0.028323650001992048,0.056147969020031795
