,training,validation,testing
mse,0.0004942812924570403,0.0006737268357374858,0.004320651702526779
