,training,validation,testing
arv,0.06984127028278075,0.06595307142754579,0.4442254555959869
