,training,validation,testing
mse,0.001187900628947812,0.0010665952203272387,0.008978474165210606
