,training,validation,testing
smape,10.157633053593731,10.623620782616896,23.179122657476583
