,training,testing
arv,1.115010843891433,22.182298661248723
