,training,validation,testing
mse,0.00035298324704741987,0.0019264557952226253,0.019309472530904138
