,training,validation,testing
nrmse,0.08366761531139386,0.08203958279714478,0.10492775340476916
