,training,validation,testing
nrmse,0.0459104979927869,0.060121956842602894,0.07970826692750235
