,training,validation,testing
mape,10055.24463003988,10.13940551518648,19.98425639252118
