,training,testing
mse,0.07150354638018366,0.01213559066760043
