,training,testing
rmse,0.2674014704151487,0.11016165697555765
