,training,testing
mae,0.253519649357757,0.07417681294319017
