,training,validation,testing
rmse,0.022599703800511788,0.026896988145957878,0.06494699285545558
