,training,validation,testing
mape,8017.433716921945,5.775752167864236,7.481110711431903
