,training,validation,testing
smape,12.200669632795798,6.447239046918013,8.514222844412183
