,training,validation,testing
mape,10357.749267558627,6.385052298853555,8.481685474451504
