,training,validation,testing
rmse,0.04051655151293576,0.03541867079896873,0.0865289904936915
