,training,validation,testing
mae,0.015296895605992572,0.01802100566132767,0.037612118609229396
