,training,testing
mape,97794.15937796494,16.929295857078966
