,training,validation,testing
smape,10.926418658692079,5.799126596814835,7.2343054879296815
