,training,validation,testing
mae,0.014020413447342044,0.015674086649581687,0.03245249065193775
