,training,validation,testing
rmse,0.03446593432576305,0.03265876942457016,0.09475481077607936
