,training,validation,testing
mse,0.0016415909465003773,0.0012544822411657203,0.007487266195857354
