,training,validation,testing
rmse,0.022232437843318943,0.025956248491210854,0.06573166438275224
