,training,validation,testing
nrmse,0.07117295097523371,0.07564687657160461,0.11490263970839787
