,training,validation,testing
mape,25818.76753328959,8.760540814974247,12.04363857834745
