,training,testing
smape,91.7796086546939,16.528729465399618
