,training,validation,testing
smape,22.66890173172017,8.729753580258832,12.886143521315976
