,training,validation,testing
arv,0.07474945942249994,0.07336936390198216,0.4318276650111008
