,training,validation,testing
rmse,0.018787848387918714,0.04389140912778519,0.1389585280970698
