,training,validation,testing
arv,0.296295398704207,0.1748931436200785,0.7710964154904804
