,training,testing
nrmse,0.5521902167131062,0.13358546207279287
