,training,validation,testing
mse,0.0005107466118708669,0.0007234479713237986,0.004218111880966598
