,training,validation,testing
mape,22334.354446599198,11.589846164299479,12.636012116909631
