,training,validation,testing
arv,0.051058554261961715,0.2536603556009258,1.9282034632077045
