,arima,lstm,mlp,rf,svr,xgboost
0,0.0121355906676004,0.0074872661958573,0.0042181118809665,0.0193094725309041,0.0043206517025267,0.0089784741652106
