,arima,lstm,mlp,rf,svr,xgboost
0,0.1335854620727928,0.1049277534047691,0.078756749753314,0.1685054463997478,0.0797082669275023,0.1149026397083978
