,arima,lstm,mlp,rf,svr,xgboost
0,0.1101616569755576,0.0865289904936915,0.0649469928554555,0.1389585280970698,0.0657316643827522,0.0947548107760793
