,arima,lstm,mlp,rf,svr,xgboost
0,16.528729465399618,12.350657698569345,8.514222844412183,23.179122657476583,7.2343054879296815,12.886143521315976
