,arima,lstm,mlp,rf,svr,xgboost
0,8.361877346265686,1.6865614008831848,1.3671942763072575,1.2687022869555191,1.0898070523932588,1.5271619153551068
