,arima,lstm,mlp,rf,svr,xgboost
0,0.0472857543118132,0.0509957971881776,0.0396371878956284,0.03980869309927,0.0408481923959559,0.0396448604852674
