,arima,lstm,mlp,rf,svr,xgboost
0,51.62780736663005,74.35774262483066,48.15519999907192,45.40991955234492,50.87274480269538,50.11914444804353
