,training,validation,testing
arv,0.30374772816194284,1.3221816688890995,1.5271619153551068
