,training,validation,testing
mae,0.04675494830971484,0.046984108596121364,0.03963718789562846
