,training,validation,testing
smape,28.82530632152732,40.17240559284422,33.43237876348968
