,training,testing
mse,0.03194517306815301,0.004614725292429741
