,training,validation,testing
arv,0.5813738570469191,3.376125762372484,1.6865614008831848
