,training,validation,testing
mae,0.04239137436100054,0.05594737139798751,0.03964486048526744
