,training,validation,testing
smape,24.38316936430831,33.66352523120839,33.75352178474034
