,training,validation,testing
rmse,0.06744087319961811,0.06506586515495284,0.05267015502853461
