,training,validation,testing
mae,0.05510850575124938,0.05214141384229226,0.04084819239595597
