,training,validation,testing
mape,24841.237278146633,53.0779092415417,50.87274480269538
