,training,validation,testing
smape,35.631865042373896,38.85880994977941,32.93035493771944
