,training,validation,testing
mape,26194.256230474457,56.44814251575633,50.11914444804353
