,training,validation,testing
mape,29595.54791495652,75.35321594706326,74.35774262483066
