,training,validation,testing
nrmse,0.05876903782090039,0.1776756319599385,0.1464548778363333
