,training,testing
mape,25985.38143199427,51.62780736663005
