,training,validation,testing
nrmse,0.055396396156899876,0.15261439368916305,0.14441284805146096
