,training,validation,testing
smape,34.4696790393848,48.95832196027954,38.83848281153928
