,training,testing
arv,2.397805679746646,8.361877346265686
