,training,validation,testing
arv,0.2246158349065189,1.4303341917828811,1.2687022869555193
