,training,validation,testing
mape,25849.217038911756,46.367863451921856,48.15519999907192
