,training,validation,testing
nrmse,0.06744087319961811,0.15242094569104886,0.14502386431624528
