,training,validation,testing
rmse,0.07874424643700324,0.09681147195116566,0.06483510313142601
