,training,validation,testing
rmse,0.055396396156899876,0.06514844475910585,0.05244824450682235
