,training,validation,testing
mse,0.004548271377926969,0.004233566808362506,0.0027741452307298692
