,training,validation,testing
mape,17142.346817494323,40.22685799139143,45.40991955234492
