,training,validation,testing
mse,0.005455827190115828,0.005166074264650782,0.002743859172886988
