,training,validation,testing
arv,0.3220638461264278,0.8191716762834083,1.3671942763072575
