,training,validation,testing
mae,0.055479785251015615,0.07325492329676314,0.0509957971881776
