,training,testing
mae,0.13936059309901966,0.047285754311813255
