,training,validation,testing
nrmse,0.07874424643700324,0.22678705759767923,0.17851926189257877
