,training,validation,testing
arv,0.46205372741388506,0.9543559349215864,1.0898070523932588
