,training,validation,testing
mse,0.006200656346931497,0.009372461101351336,0.004203590598062647
