,training,testing
nrmse,0.17873212656977203,0.1870457320927263
