,training,validation,testing
mae,0.03600220026572458,0.04597998913252785,0.039808693099270084
