,training,validation,testing
mse,0.0034537998063944204,0.00575271490333464,0.00282916273306968
