,training,validation,testing
mse,0.0030687607071721913,0.004244319854530267,0.0027508183518474214
