,training,validation,testing
nrmse,0.07386357146872759,0.16837273464435187,0.14423006039449293
