,training,testing
smape,75.2968033822461,38.12384771236799
