,training,testing
rmse,0.17873212656977203,0.06793176938980569
