,training,validation,testing
smape,30.941640451612866,35.55421651179568,32.21122473657419
