,training,validation,testing
rmse,0.07386357146872759,0.07187540792684784,0.05238185919654807
