,training,validation,testing
rmse,0.05876903782090039,0.0758466538703893,0.053189874347188304
