,arima,lstm,mlp,rf,svr,xgboost
0,0.0046147252924297,0.0042035905980626,0.0027741452307298,0.0027508183518474,0.0027438591728869,0.0028291627330696
