,arima,lstm,mlp,rf,svr,xgboost
0,0.1870457320927263,0.1785192618925787,0.1450238643162452,0.1444128480514609,0.1442300603944929,0.1464548778363333
