,arima,lstm,mlp,rf,svr,xgboost
0,0.0679317693898056,0.064835103131426,0.0526701550285346,0.0524482445068223,0.052381859196548,0.0531898743471883
