,arima,lstm,mlp,rf,svr,xgboost
0,38.12384771236799,38.83848281153928,32.21122473657419,33.75352178474034,32.93035493771944,33.43237876348968
