,training,testing
rmse,0.195031041929141,0.33575935784975874
