,training,testing
rmse,0.0373704508187658,0.32533607697941697
