,training,testing
rmse,0.012023768368596496,0.03505061414429334
