,training,testing
rmse,0.05112797896824109,0.4190601650867637
