,training,testing
rmse,0.30356722568397265,0.24346319774157427
