,arima,lstm,mlp,rf,svr,xgboost
0,8.061511545893916,3.966730899464817,0.2334369278613796,0.3262855237208961,0.2709534503127766,0.3904849511272507
