,arima,lstm,mlp,rf,svr,xgboost
0,0.1481591820737031,0.1239867753290022,0.0426880203384381,0.0494421385694771,0.0514401302338786,0.0538996891862144
