,arima,lstm,mlp,rf,svr,xgboost
0,43.74783352723869,31.92007156750032,11.231959868303816,12.097786945550574,13.530028968935504,12.918438553282458
