,training,validation,testing
smape,15.714769792409522,10.553941205293727,9.768824731698722
