,training,validation,testing
mape,4818.66382159211,12.510692201449741,12.097786945550574
