,training,validation,testing
smape,48.43099080616513,30.45454157406777,28.330756100594762
