,training,validation,testing
nrmse,0.08232333270299362,0.11297034737849282,0.09018539383740064
