,training,validation,testing
arv,0.06483662604329617,0.28758051975658455,0.39048495112725073
