,training,validation,testing
arv,0.1953786141531007,0.3640964588434826,0.2709534503127766
