,training,validation,testing
smape,13.833412898209977,10.431690928641752,10.725838167535207
