,training,testing
mape,62349.253131969366,43.74783352723869
