,training,validation,testing
mse,0.006233998603585551,0.005486337567432634,0.005691355291241373
