,training,validation,testing
smape,12.957689292849878,10.75277897990679,11.656346603088744
