,training,validation,testing
rmse,0.07895567492958028,0.0740698154947927,0.07544107164695749
