,training,validation,testing
arv,3.5195332618775277,4.6863259499532885,3.966730899464817
