,training,validation,testing
mape,6925.426244831327,14.707216663529376,13.530028968935504
