,training,validation,testing
arv,0.12865112882857258,0.3191289669466981,0.32628552372089614
