,training,validation,testing
mape,988.4802905636194,12.527195971225128,11.231959868303816
