,training,validation,testing
rmse,0.04775954451569981,0.0720017429168447,0.086587733096198
