,training,validation,testing
smape,21.704311689790014,12.724560140241397,12.286192874728178
