,training,testing
smape,67.59267116573541,33.33588217171306
