,training,testing
mse,0.07678979435688486,0.03278339104329318
