,training,validation,testing
nrmse,0.17958315439493913,0.21205027181213001,0.18257435158837004
