,training,validation,testing
mae,0.03859002193737174,0.03815431738226755,0.04268802033843814
