,training,validation,testing
arv,0.11344913657894606,0.2701246951932548,0.23343692786137962
