,training,validation,testing
mae,0.03625058837378804,0.039106540405519086,0.0494421385694771
