,training,testing
nrmse,0.2889291404910738,0.21644885572980804
