,training,validation,testing
mape,1725.0016254273398,12.640180751867511,12.918438553282458
