,training,testing
mae,0.240613397894553,0.14815918207370318
