,training,validation,testing
mse,0.0022809740923471116,0.005184250983063397,0.0074974355227384205
