,training,validation,testing
nrmse,0.06994215561918954,0.1094094750368632,0.09641448145744637
