,training,validation,testing
mape,27084.93771408534,34.80059123626923,31.92007156750032
