,training,validation,testing
nrmse,0.04979660900139291,0.1098161491943331,0.10351057640474647
