,training,validation,testing
rmse,0.1722368215143922,0.13903227593097855,0.15272544868970792
