,training,testing
arv,2.144257575886147,8.061511545893916
