,training,validation,testing
mae,0.05211870475815602,0.04545599038570167,0.05144013023387867
