,training,validation,testing
rmse,0.06465861510182579,0.06957328427330445,0.0732862970623796
