,training,validation,testing
mse,0.029665522685380596,0.01932997375054776,0.023325062677472606
