,training,validation,testing
mse,0.004180736506886054,0.004840441884574032,0.00537088133711535
