,training,validation,testing
mse,0.004499858315105453,0.005145925160178454,0.006504708294422582
