,training,validation,testing
mae,0.02878435285188005,0.04007090895083444,0.05389968918621445
