,training,validation,testing
rmse,0.06708098325982896,0.0717351040995861,0.08065177179964854
