,training,validation,testing
mae,0.13897504184226628,0.11588252954207558,0.12398677532900226
