,training,validation,testing
nrmse,0.06741646737729569,0.10611229473320874,0.08760948670487231
