,training,testing
rmse,0.2771097153780157,0.18106184314563126
