,arima,lstm,mlp,rf,svr,xgboost
0,0.1810618431456312,0.1527254486897079,0.0732862970623796,0.0806517717996485,0.0754410716469574,0.086587733096198
