,arima,lstm,mlp,rf,svr,xgboost
0,33.33588217171306,28.33075610059476,9.768824731698722,10.725838167535208,12.286192874728178,11.656346603088744
