,arima,lstm,mlp,rf,svr,xgboost
0,99.16948559156852,6.821881176886046,4.933795851258557,2.3034876363844408,4.21105658275394,1.5913730921445473
