,arima,lstm,mlp,rf,svr,xgboost
0,0.0963291305251325,0.103441869431971,0.1036487359019738,0.1350069080261504,0.100656668004985,0.1690108298888129
