,arima,lstm,mlp,rf,svr,xgboost
0,15.300410234667067,15.035022008211696,15.489564430927938,18.62745192081105,15.203893633197133,22.895592964814952
