,training,validation,testing
arv,0.3951264798605732,0.8873722647322637,1.5913730921445473
