,training,validation,testing
smape,33.06021355022226,19.399910450972037,15.381472659995717
