,training,validation,testing
smape,18.248031336811273,26.941804125043344,26.518325728512536
