,training,validation,testing
mse,0.01958809807313217,0.013875574886479013,0.01702748124914568
