,training,testing
mse,0.14452641382307402,0.015145448385908478
