,training,validation,testing
rmse,0.09267340958600984,0.13434546389565738,0.1663372849629313
