,training,validation,testing
mae,0.11424074597846448,0.0939105258080308,0.103441869431971
