,training,testing
mae,0.3503206158089235,0.09632913052513256
