,training,validation,testing
rmse,0.07044288161676507,0.15159594724498554,0.20119275667886616
