,training,validation,testing
mae,0.07467343119578365,0.10961119821070119,0.13500690802615048
