,training,validation,testing
mape,58412.41066601101,21.960868276547092,15.203893633197133
