,training,testing
nrmse,0.44563219030127516,0.18635891341752753
