,training,validation,testing
mse,0.016832564548694494,0.014321957449219266,0.016720767461771046
