,training,validation,testing
rmse,0.1297403736263099,0.11967438092264888,0.12930880659015861
