,training,validation,testing
nrmse,0.14604378302853024,0.16611741022443163,0.19801685547535236
