,training,validation,testing
nrmse,0.1640586283589425,0.1536292782382911,0.19759880203428185
