,training,testing
rmse,0.380166297589718,0.12306684519361206
