,training,validation,testing
mae,0.053552573045016594,0.1255958688609598,0.16901082988881294
