,training,validation,testing
smape,34.44991452809976,18.909967916905185,15.321913325719935
