,training,validation,testing
arv,1.513665133024941,1.150268091783658,4.933795851258557
