,training,testing
arv,1.201872151229913,99.16948559156853
