,training,validation,testing
rmse,0.13995748666338706,0.11779463012582116,0.13048939132797607
