,training,validation,testing
mape,57906.53409380702,21.779122994180284,18.62745192081105
