,training,validation,testing
nrmse,0.08257337861098571,0.19771339265822774,0.30466421287686246
