,training,validation,testing
arv,1.0023254978923866,1.2416815165955233,2.3034876363844408
