,training,validation,testing
nrmse,0.10863207695772796,0.1752150894385633,0.25188291483173997
