,training,validation,testing
arv,1.3866373677437915,0.9865956237011003,4.2110565827539395
