,training,validation,testing
smape,24.168941201388524,22.001460255990803,20.53970255961747
