,training,validation,testing
smape,30.137924304265812,21.465936555445154,14.943429741254748
