,training,validation,testing
mae,0.10712927623758976,0.095331775926804,0.10364873590197388
