,training,validation,testing
mse,0.004962199570473578,0.02298133122110444,0.04047852534004144
