,training,validation,testing
mse,0.008588360844296341,0.01804870366933938,0.027668092368839405
