,training,testing
mape,167777.84905861714,15.300410234667067
