,training,validation,testing
mse,0.015522449854937859,0.016223079965839056,0.017099606455753546
