,training,testing
smape,72.13854313852121,14.23232963871347
