,training,validation,testing
mape,47979.95905052731,24.32668071405926,22.895592964814952
