,training,validation,testing
arv,1.7784752957283556,1.4649649101150155,6.821881176886046
