,training,validation,testing
nrmse,0.15208209469424044,0.15608087350945102,0.19581105417586517
