,training,validation,testing
rmse,0.12458912414387485,0.12736985501224007,0.13076546354352722
