,training,validation,testing
mape,100981.83343637291,21.279603485449034,15.035022008211696
