,training,validation,testing
mape,65315.59176460753,21.29282160176293,15.489564430927938
