,training,validation,testing
mae,0.09602055938344918,0.1027201038901292,0.10065666800498509
