,arima,lstm,mlp,rf,svr,xgboost
0,0.0151454483859084,0.0170274812491456,0.016720767461771,0.0276680923688394,0.0170996064557535,0.0404785253400414
