,arima,lstm,mlp,rf,svr,xgboost
0,0.1863589134175275,0.1975988020342818,0.1958110541758651,0.2518829148317399,0.1980168554753523,0.3046642128768624
