,arima,lstm,mlp,rf,svr,xgboost
0,0.123066845193612,0.130489391327976,0.1293088065901586,0.1663372849629313,0.1307654635435272,0.2011927566788661
