,arima,lstm,mlp,rf,svr,xgboost
0,14.23232963871347,15.321913325719937,15.381472659995715,20.53970255961747,14.943429741254748,26.518325728512536
