,training,testing
smape,55.43419306273807,10.222314197975901
