,training,testing
mape,97.56596690942175,11.012621511033696
