,training,testing
mse,0.36251921813115145,0.014877100431267649
