,training,testing
nrmse,0.6369341257445237,0.6385511065151733
