,training,testing
arv,0.9020508341685141,1.0372418945267803
