,training,testing
mae,0.579410058816118,0.10277316074585155
