,arima,lstm,mlp,rf,svr,xgboost
0,1.0361915572634586,6.711310024679195,5.861815881953594,1.790342378137269,7.889435392598392,1.2707837114939529
