,arima,lstm,mlp,rf,svr,xgboost
0,1.0372418945267805,1.0014990554144956,3.376149848149046,5.573149867370022,1.1484295633377637,1.006337993269564
