,training,validation,testing
mape,2.3045793019516734,1.8894338384760945,2.106290792314556
