,training,testing
mae,0.5146484397756905,0.10383607480586209
