,training,validation,testing
smape,2.290159200513441,1.8840298036268461,2.0981525523686386
