,training,validation,testing
mape,2.336497954846799,1.8907187324717702,2.1225774438963447
