,training,validation,testing
nrmse,0.02402939249964529,0.14869617986048153,0.1355645804046123
