,training,validation,testing
mape,2.6187344175462854,3.1311657957363286,5.235435255859548
