,training,testing
arv,0.9237118644156865,1.0361915572634586
