,training,testing
nrmse,0.5755533771513381,0.6451542951098196
