,training,validation,testing
rmse,0.021034352048543,0.02189994998558413,0.025010206254720422
