,training,validation,testing
mse,0.0002506632955128061,0.0006789338901261674,0.0014095003172892523
