,training,validation,testing
mse,0.00033987541418495663,0.0012114122066330803,0.0030056047643333516
