,training,validation,testing
mae,0.01618971215240721,0.01735170746775753,0.0196487279726735
