,training,validation,testing
nrmse,0.023176535684317292,0.1434215637219785,0.13191067069028023
