,training,validation,testing
rmse,0.02210031804011817,0.022696095166405538,0.0258946305900556
