,training,validation,testing
mae,0.012067817909664203,0.021342646097854332,0.031986294265203497
