,training,validation,testing
mae,0.01412533894322979,0.02921039457953622,0.049703703073029896
