,training,validation,testing
mae,0.017435112743289884,0.018108069223996378,0.02029571698265019
