,training,validation,testing
mse,0.0004884240574743727,0.0005151127358025368,0.0006705318933954432
