,training,validation,testing
arv,0.00593329777107189,3.406049132941262,1.790342378137269
