,training,testing
mape,101.95277154645635,11.125828807549846
