,training,validation,testing
arv,0.008137198313308933,1.842893737009952,1.2707837114939529
