,training,validation,testing
mape,2.5114007869845705,1.9658978043556992,2.172944908331386
