,training,validation,testing
rmse,0.01583234965230386,0.026056359878658557,0.03754331255082924
