,training,testing
smape,54.26089195329149,10.3199147966781
