,training,validation,testing
smape,2.5246953836575727,1.9667546796847069,2.167564581431441
