,training,validation,testing
nrmse,0.022870381341691094,0.1434801395621616,0.1309344076163824
