,training,validation,testing
smape,2.387596947969401,3.1927707097000964,5.402142130899383
