,training,testing
mse,0.28020938543151896,0.015186376304127554
