,training,validation,testing
arv,0.010778937382078177,4.577586857902954,5.861815881953594
