,training,validation,testing
arv,0.01154213669116359,4.643461675647807,6.711310024679195
