,training,validation,testing
mape,1.7391309492697182,2.2951936746462898,3.367473848256808
