,training,validation,testing
rmse,0.021315928386417632,0.021891009319828663,0.025196685433734916
