,training,validation,testing
rmse,0.018435710297814854,0.034805347385611314,0.05482339614009106
