,training,validation,testing
smape,1.7253671582235701,2.3204529902608244,3.4362790659397597
