,training,validation,testing
mae,0.016468783472498576,0.017400464622074202,0.019842949749099864
