,training,validation,testing
arv,0.010417455534619896,5.5646927838275415,7.889435392598392
