,training,validation,testing
nrmse,0.020044911478277395,0.2280313929339701,0.28701358253558035
