,training,validation,testing
smape,2.330449429175665,1.8899350506477792,2.1191139116559747
