,training,validation,testing
nrmse,0.017214310821058114,0.17071135570322263,0.1965482147062154
