,training,testing
rmse,0.5293480758740122,0.12323301629079585
