,training,validation,testing
mse,0.000442443966102045,0.0004796078093710864,0.0006255104169036566
