,training,validation,testing
mse,0.000454368802974885,0.0004792162890408253,0.0006348729568465894
