,training,testing
nrmse,0.5859437644942683,3.538035335020542
