,training,testing
mse,0.3067989522551056,0.45672133891787337
