,training,testing
mape,68.26969023278696,71.85425363148977
