,training,testing
arv,1.1765794854635727,1.0014990554144956
