,training,testing
smape,94.44359444357396,112.16152320237813
