,training,testing
mae,0.5268235355537528,0.6752958768189622
