,arima,lstm,mlp,rf,svr,xgboost
0,0.1027731607458515,0.6752958768189622,0.0223536573863899,0.0211936662801044,0.0672187081674622,0.3151665497822769
