,arima,lstm,mlp,rf,svr,xgboost
0,0.103836074805862,0.0202957169826501,0.0198429497490998,0.0319862942652034,0.0196487279726735,0.0497037030730298
