,arima,lstm,mlp,rf,svr,xgboost
0,11.012621511033696,71.85425363148977,2.389368668985129,2.251076369032816,7.093166957043627,33.49715840496108
