,arima,lstm,mlp,rf,svr,xgboost
0,11.125828807549846,2.172944908331386,2.1225774438963447,3.367473848256808,2.106290792314556,5.235435255859548
