,training,testing
smape,2.714095398382091,2.38933434266539
