,training,testing
nrmse,0.026387128519874927,0.15144743170453848
