,training,testing
mae,0.019660485131047407,0.022353657386389964
