,training,testing
arv,0.016781144035569517,3.376149848149046
