,training,testing
mse,0.0006221946363022457,0.0008368561206850789
