,training,testing
rmse,0.024943829623821714,0.02892846557778478
