,training,testing
mape,2.7096910684375857,2.3893686689851292
