,arima,lstm,mlp,rf,svr,xgboost
0,0.0151863763041275,0.0006705318933954,0.0006348729568465,0.0014095003172892,0.0006255104169036,0.0030056047643333
