,arima,lstm,mlp,rf,svr,xgboost
0,0.0148771004312676,0.4567213389178733,0.000836856120685,0.0007004495333596,0.005106308676984,0.0999661989649365
