,arima,lstm,mlp,rf,svr,xgboost
0,0.6451542951098196,0.1355645804046123,0.1319106706902802,0.1965482147062154,0.1309344076163824,0.2870135825355803
