,arima,lstm,mlp,rf,svr,xgboost
0,0.6385511065151733,3.538035335020542,0.1514474317045384,0.1385558731556158,0.3741020142959069,1.6552481225801978
