,training,testing
arv,0.001778038197668245,5.573149867370022
