,training,testing
mse,6.60890525003365e-05,0.0007004495333596501
