,training,testing
mape,0.8397666804322792,2.2510763690328157
