,training,testing
mae,0.00628600272809169,0.021193666280104433
