,training,testing
nrmse,0.0085999071757586,0.13855587315561582
