,training,testing
rmse,0.008129517359618374,0.026466007129139258
