,training,testing
smape,0.8386877504910677,2.2638702255515897
