,arima,lstm,mlp,rf,svr,xgboost
0,0.1232330162907958,0.0258946305900556,0.0251966854337349,0.0375433125508292,0.0250102062547204,0.054823396140091
