,arima,lstm,mlp,rf,svr,xgboost
0,10.2223141979759,112.16152320237812,2.38933434266539,2.2638702255515897,7.384668427461307,40.26477848817944
