,arima,lstm,mlp,rf,svr,xgboost
0,10.3199147966781,2.167564581431441,2.1191139116559747,3.43627906593976,2.098152552368638,5.402142130899383
