,training,testing
nrmse,0.04274301942448322,0.37410201429590695
