,training,testing
mape,6.47288446142516,7.093166957043627
