,training,testing
smape,5.7836078258295,7.384668427461307
