,training,testing
arv,0.05672136415461062,1.1484295633377635
