,training,testing
mse,0.0016325721904537926,0.005106308676984061
