,training,testing
mae,0.033770714418363226,0.06721870816746223
