,training,testing
smape,34.946894464277165,40.26477848817944
