,training,testing
mae,0.23708957985632603,0.31516654978227693
