,training,testing
rmse,0.2491723699071411,0.3161743173708715
