,training,testing
mape,36.2031536354753,33.49715840496108
