,training,testing
mse,0.062086869925141154,0.09996619896493658
