,training,testing
nrmse,0.2635899718486845,1.6552481225801978
