,training,testing
arv,1.3336136427784644,1.006337993269564
