,training,testing
rmse,0.6056536413944513,0.12197171980122133
