,training,testing
mape,106.7053809542591,11.012621511033696
