,training,testing
mae,0.5829196682726483,0.10277316074585155
