,training,testing
nrmse,0.6315533256155645,0.6385511065151733
