,training,testing
smape,55.99076522184261,10.222314197975901
