,training,testing
mse,0.3668163333343587,0.014877100431267649
