,training,testing
arv,0.9027168730781573,1.0372418945267803
