,arima,lstm,mlp,rf,svr,xgboost
0,3.4518362507265854,3.8694350130568727,5.218760377998986,1.761626094492433,5.192579116413508,1.3800235903707865
