,arima,lstm,mlp,rf,svr,xgboost
0,1.0372418945267805,1.201535590133427,3.919874390811784,4.58950219990288,1.1449603119855958,1.0063386021083027
