,training,validation,testing
arv,0.01051883162527738,4.062539711704307,5.218760377998986
