,training,validation,testing
nrmse,0.021481346296973354,0.2022988171390777,0.25086492245138425
