,training,validation,testing
mape,2.0115196834987947,2.3249413777616557,3.3668473532938203
