,training,validation,testing
mape,2.376017915039967,1.9059645834933765,2.155722261673085
