,training,validation,testing
rmse,0.02144424026137227,0.022211248034929836,0.025318279319391873
