,training,validation,testing
mae,0.01549559279916057,0.025569335928005386,0.04250604843005381
