,training,validation,testing
arv,0.006508758142540801,3.008749022449543,1.761626094492433
