,training,validation,testing
mse,0.0007933883383761573,0.0004989972671223614,0.0008341150018993504
