,training,validation,testing
mape,2.396711570422984,1.9162404917792406,2.1669176587557444
