,training,validation,testing
mse,0.00028704624978491996,0.00069916884165231,0.0014134411670744121
