,training,validation,testing
arv,0.009225795273880842,2.1683882108143684,1.3800235903707863
