,training,validation,testing
rmse,0.021544175937358745,0.022271807945143482,0.025532727045005123
