,training,validation,testing
smape,2.385479925529185,1.9133332454785479,2.1602073953319074
