,training,validation,testing
mae,0.01663346707388113,0.01761705186257423,0.020227239769677784
