,training,testing
mse,0.07507920511797492,0.0009307318169721562
