,training,testing
arv,2.68436567433422,3.4518362507265854
