,training,validation,testing
smape,2.3616744367924207,1.9037851031577206,2.151747220943279
