,training,validation,testing
smape,1.9712656979437897,2.3523165797953296,3.436515375002395
