,training,validation,testing
smape,2.744571892253566,2.7875471530054523,4.598636191806793
