,training,validation,testing
nrmse,0.01815116536691353,0.17323661946259458,0.19682278943633844
