,training,validation,testing
arv,0.010365531051961686,4.152673245665428,5.192579116413508
