,training,testing
rmse,0.27400584869300676,0.030507897616390355
