,training,testing
mape,71.89194296921801,2.6177094768137192
