,training,validation,testing
mse,0.0004641515168198675,0.0004960334291453564,0.0006519201503547361
