,training,validation,testing
mse,0.00040203683282134963,0.000953431183185716,0.0022961848682598023
