,training,validation,testing
mape,3.2496647890826664,1.9237362604921344,2.4547601609456584
