,training,validation,testing
mape,3.2139883000400715,2.742108437521383,4.47437376550258
