,training,validation,testing
mae,0.016464540714868903,0.01752779187608063,0.02014579653332425
