,training,validation,testing
mae,0.013014361926704798,0.021627146345811116,0.03198473362697119
