,training,validation,testing
mae,0.021817724170114808,0.017734458521965712,0.023200344749405983
