,training,validation,testing
smape,3.175736654970253,1.9255356634662804,2.479743823577737
