,training,validation,testing
arv,0.01759180541079666,15.795516755016179,3.8694350130568727
