,training,testing
mae,0.16961581027088665,0.024655414336378367
