,training,testing
smape,24.915916531755535,2.6388586796781963
