,training,validation,testing
rmse,0.016942439310350797,0.02644180102890705,0.037595759961389426
