,training,validation,testing
rmse,0.020050856161803906,0.03087768098782219,0.047918523227034056
