,training,validation,testing
nrmse,0.023081204127080396,0.14591641142442602,0.13366992884505113
