,training,validation,testing
nrmse,0.03017668164299286,0.14635169308570836,0.15119919554345476
