,training,validation,testing
rmse,0.02816714998675154,0.022338246733402366,0.028881049182800655
