,training,validation,testing
nrmse,0.022974138730672184,0.1455196459352333,0.13254724374474125
