,training,testing
nrmse,0.2935542739757511,0.1597161359382787
