,training,validation,testing
mse,0.0004598554403874595,0.0004933395392691745,0.0006410152676947461
