,training,testing
rmse,0.06509568823494392,0.05911250491998331
