,training,testing
smape,9.493362194654358,5.968379822450879
