,training,testing
mape,13.479276283022449,5.772392791447172
