,training,testing
mae,0.04933317876699396,0.054739829098062485
