,training,testing
arv,0.21769704518331195,1.201535590133427
