,training,testing
mse,0.004237448626781016,0.0034942882379150504
