,training,testing
nrmse,0.06787938778566296,0.3094680921696818
