,arima,lstm,mlp,rf,svr,xgboost
0,0.1027731607458515,0.0547398290980624,0.0215163155244474,0.0213685832863493,0.0675101020508338,0.3151679268454551
