,arima,lstm,mlp,rf,svr,xgboost
0,0.0246554143363783,0.0232003447494059,0.0202272397696777,0.0319847336269711,0.0201457965333242,0.0425060484300538
