,arima,lstm,mlp,rf,svr,xgboost
0,2.6177094768137192,2.4547601609456584,2.1669176587557444,3.3668473532938203,2.155722261673085,4.47437376550258
