,arima,lstm,mlp,rf,svr,xgboost
0,11.012621511033696,5.772392791447172,2.2928898019253645,2.268976780536529,7.123658106021347,33.4973013020049
