,training,testing
mse,0.0005333518134109387,0.000743154794510121
