,training,testing
mae,0.01814393538440053,0.021516315524447445
