,training,testing
nrmse,0.02408200164405265,0.14271714735544433
