,training,testing
arv,0.013891344539925599,3.9198743908117843
