,training,testing
mape,2.503102065006518,2.2928898019253645
