,training,testing
smape,2.4936119254637967,2.3004727220028784
