,arima,lstm,mlp,rf,svr,xgboost
0,0.0148771004312676,0.003494288237915,0.0007431547945101,0.000717459747473,0.0051597018854488,0.0999672244322917
