,arima,lstm,mlp,rf,svr,xgboost
0,0.0009307318169721,0.0008341150018993,0.0006519201503547,0.0014134411670744,0.0006410152676947,0.0022961848682598
