,arima,lstm,mlp,rf,svr,xgboost
0,0.6385511065151733,0.3094680921696818,0.1427171473554443,0.1402281758428747,0.3760527936498721,1.6552566124426669
