,arima,lstm,mlp,rf,svr,xgboost
0,0.1597161359382787,0.1511991955434547,0.1336699288450511,0.1968227894363384,0.1325472437447412,0.2508649224513842
