,training,testing
arv,0.0018368784533245959,4.5895021999028796
