,training,testing
mape,0.8805424656137749,2.2689767805365295
