,training,testing
mae,0.006511187790816797,0.02136858328634932
