,training,testing
mse,7.116764346729044e-05,0.0007174597474730674
