,training,testing
nrmse,0.008796845945091449,0.14022817584287472
