,training,testing
smape,0.8796479842532923,2.2832707479669248
