,arima,lstm,mlp,rf,svr,xgboost
0,0.0305078976163903,0.0288810491828006,0.0255327270450051,0.0375957599613894,0.0253182793193918,0.047918523227034
