,arima,lstm,mlp,rf,svr,xgboost
0,2.6388586796781963,2.479743823577737,2.1602073953319074,3.436515375002395,2.151747220943279,4.598636191806793
