,arima,lstm,mlp,rf,svr,xgboost
0,10.2223141979759,5.968379822450879,2.3004727220028784,2.2832707479669248,7.41859245118003,40.26499800995551
