,training,testing
mse,0.0016002181496261873,0.005159701885448807
