,training,testing
mape,7.1568645867943355,7.123658106021347
