,training,testing
smape,5.977133127210411,7.41859245118003
