,training,testing
rmse,0.04000272677738591,0.07183106490543494
