,training,testing
mae,0.033113903596035055,0.06751010205083381
