,training,testing
arv,0.0531492057713,1.1449603119855958
