,training,testing
nrmse,0.04171337114688455,0.37605279364987215
