,training,testing
mae,0.23734228107638428,0.3151679268454551
