,training,testing
rmse,0.24945832225387687,0.31617593904706254
