,training,testing
mape,39.48047574578288,33.4973013020049
