,training,testing
nrmse,0.26012595690695783,1.6552566124426669
