,training,testing
arv,1.3516020053067783,1.0063386021083027
