,training,testing
mse,0.06222945454171908,0.09996722443229179
