,training,testing
smape,35.3288968856867,40.264998009955505
