,training,testing
rmse,0.3175668845878966,0.3072417938876192
