,training,testing
rmse,0.04049522582327966,0.045332474004606715
