,training,testing
rmse,0.015222918855056453,0.018335031356428305
