,training,testing
rmse,0.002786193049182431,0.008680350722701137
