,training,testing
rmse,0.060681604818807904,0.062338982321552834
