,training,testing
rmse,0.28366248897404683,0.27815726857906775
