,training,testing
rmse,0.2835872922982906,0.278147165578909
