,arima,lstm,mlp,rf,svr,xgboost
0,38.21583715530426,1.3219493963403155,0.5097906335109508,1.3138768080117984,0.5279417131804411,1.1439265823770353
