,arima,lstm,mlp,rf,svr,xgboost
0,86019.53842659768,149084.0787599741,25685.967082660063,164389.48361884244,20601.84092711981,201183.6051212053
