,training,validation,testing
mape,4.7896400487889235,21.33289746362394,164389.48361884244
