,training,validation,testing
mae,0.025426123992077602,0.046124018634483725,0.09678905794307732
