,training,validation,testing
nrmse,0.047732054904033316,0.09538123755565897,0.5907918288333501
