,training,validation,testing
nrmse,0.10006654164423602,0.10668124732781643,0.3784357566040105
