,training,validation,testing
mse,0.0020596652927386055,0.0020851172064599802,0.0015365345987734724
