,training,testing
nrmse,0.6349358874038221,0.21219306442904196
