,training,validation,testing
rmse,0.0386269061072308,0.07300826703553187,0.1528436949379138
