,training,validation,testing
smape,5.465501788781102,18.09224529944322,79.23511348807263
