,training,validation,testing
arv,0.2384777421089537,0.32736459860108985,1.3219493963403155
