,training,validation,testing
rmse,0.0452260994806311,0.044794707024725676,0.03808963045090057
