,training,validation,testing
arv,0.04020086152012171,0.14188451880028732,1.3138768080117984
