,training,validation,testing
rmse,0.0809783051732934,0.08165770535371654,0.09790507673439379
