,training,validation,testing
smape,6.4106146417874195,10.27315434649092,32.98393941205557
