,training,validation,testing
mae,0.03468706770789744,0.03451720116762306,0.029396327662399562
