,training,validation,testing
arv,0.07351176468166266,0.06479558200341134,0.5097906335109508
