,training,validation,testing
mse,0.0065574859087390355,0.006667980843634386,0.009585404050367537
