,training,validation,testing
rmse,0.04538353548081733,0.04566308362846272,0.03919865557354579
