,training,validation,testing
rmse,0.03355105297002899,0.06005736284436746,0.10936995768623468
