,training,testing
smape,130.7304162768729,39.62048707176511
