,training,validation,testing
nrmse,0.04145971976134446,0.07846160202155096,0.42275134310985957
