,training,validation,testing
arv,0.07384882712807075,0.067161530416105,0.5279417131804411
