,training,validation,testing
mape,6.4665600256892555,11.139510496090367,20601.840927119814
