,training,validation,testing
nrmse,0.0558868126148123,0.05852179164699413,0.14722911823621448
