,training,validation,testing
mape,11.073082649408281,25.564054416437337,149084.0787599741
