,training,validation,testing
mse,0.0020454000742319406,0.002006565777431008,0.0014508199478861724
