,training,validation,testing
smape,6.404664471596227,9.890784057121959,30.66199878209634
