,training,validation,testing
mse,0.0011256731553976912,0.0036068868318200093,0.011961787644288766
