,training,validation,testing
mae,0.034593242047694935,0.03539172030732479,0.03051151568036676
