,training,testing
mse,0.264009365990943,0.003013619835232456
