,training,validation,testing
mae,0.028923885587560573,0.05327258887583671,0.14290527323368415
