,training,validation,testing
arv,0.05677542291081596,0.24699757049620497,1.1439265823770353
