,training,testing
rmse,0.5138184173333445,0.05489644647181142
