,training,testing
arv,1.1273909079733586,38.215837155304264
