,training,validation,testing
smape,4.745780993791577,15.803496605097997,63.49484857535182
