,training,validation,testing
mae,0.06275538515950753,0.06627338314244827,0.08585631411594256
