,training,testing
mape,78.36779167567349,86019.53842659768
