,training,validation,testing
mape,5.595154536440635,27.011826744672824,201183.6051212053
