,training,validation,testing
mse,0.0014920378754168244,0.00533020705553153,0.023361195082274057
