,training,validation,testing
nrmse,0.0560813594880177,0.05965627734966816,0.15151587001027916
