,training,validation,testing
smape,11.264195605693034,19.86490219629509,59.22430765706037
