,training,testing
mae,0.48391869804025706,0.044241029500569455
