,training,validation,testing
mape,6.470809612806136,10.822980065307974,25685.967082660063
