,arima,lstm,mlp,rf,svr,xgboost
0,0.0030136198352324,0.0095854040503675,0.0014508199478861,0.0119617876442887,0.0015365345987734,0.023361195082274
