,arima,lstm,mlp,rf,svr,xgboost
0,39.62048707176511,59.22430765706037,30.66199878209634,63.49484857535182,32.98393941205557,79.23511348807263
