,training,testing
mae,0.20119398900197347,0.21696087298704156
