,training,testing
smape,58.189208262592864,69.1582566783767
