,training,testing
mse,0.05224701136749312,0.058204233045553284
