,training,testing
rmse,0.22857605160535327,0.2412555347459479
