,training,testing
arv,32.0118258072351,22.207291778331015
