,training,testing
nrmse,0.2896341392536367,0.2412555347459479
