,training,testing
mape,231472.58804741869,174973.35420650107
