,arima,lstm,mlp,rf,svr,xgboost
0,1.0063432893979032,0.0293195940824467,0.0259963786235355,0.0270843022743541,0.0270245029343082,0.033215935726905
