,arima,lstm,mlp,rf,svr,xgboost
0,22.20729177833101,1.2453014684709192,0.0311778076715,0.0271979352749358,0.0749667481750797,3.485881489194554
