,training,validation,testing
mse,0.0010004867398836635,0.0011364050007942863,0.0015503101733667882
