,training,testing
mae,8.047570358776184,2.6779708118891317
