,training,validation,testing
arv,0.00844179453861802,0.02510789147563603,0.027084302274354183
