,training,validation,testing
mse,0.00041778913535388647,0.0011563755835129286,0.0015222237143992772
