,training,validation,testing
mae,0.02770397244570011,0.02713280730158698,0.027121371473129402
