,training,validation,testing
mse,0.000460176457075033,0.0013855483445188517,0.0018276323701679575
