,training,validation,testing
nrmse,0.02589987066770935,0.04529516700026876,0.039015685491854135
