,training,validation,testing
mae,0.01428708879413732,0.024809596641701927,0.025115487117517616
