,training,testing
nrmse,11.748979913977061,3.07178790016515
