,training,validation,testing
arv,0.00932120734802844,0.030143215386289064,0.03321593572690509
