,training,testing
rmse,9.272164690418983,3.07178790016515
