,training,validation,testing
mse,0.0011858048880916963,0.001144263462896856,0.0014680198290159675
