,training,validation,testing
smape,12.481850639353185,12.189627102738983,15.570596056020477
