,training,validation,testing
smape,11.823120141431513,12.195029874827247,16.30031967917476
