,training,validation,testing
rmse,0.020439890786251438,0.034005522838399777,0.039015685491854135
