,training,validation,testing
arv,0.028651685704807167,0.029643028882312353,0.029319594082446755
