,training,testing
arv,1.000231941859169,1.0063432893979032
