,training,validation,testing
nrmse,0.043634061818185514,0.04505732702045927,0.038314746887014244
