,training,validation,testing
rmse,0.036849675984760744,0.03617250019891701,0.03957937736270529
