,training,validation,testing
nrmse,0.04007972130196426,0.04490234028173265,0.03937397837870575
