,training,validation,testing
nrmse,0.0271819883819832,0.049580768101779395,0.04275081718713641
