,training,validation,testing
arv,0.024025364594178377,0.02475283882623369,0.02599637862353555
