,training,validation,testing
mape,8474.49661271901,4720.96614799935,7618.26623417317
