,training,validation,testing
mape,3585.58734785944,4248.366815240022,6141.8434003949915
