,training,testing
smape,198.09449426741037,195.07800080233994
