,training,validation,testing
mae,0.021351872536634585,0.024272902853898916,0.025055710310670932
