,training,validation,testing
smape,13.45018791087112,11.77407388476515,15.029225371417782
