,training,validation,testing
rmse,0.021451723871871765,0.03722295453774259,0.04275081718713641
