,training,testing
mape,5812626.424868213,1305602.3180244688
