,training,validation,testing
smape,8.77784294315362,10.036887375345383,14.625031909750403
