,training,validation,testing
rmse,0.03163047169872216,0.03371060665123495,0.03937397837870575
