,training,validation,testing
mape,7501.081946414597,3271.2460260499256,7429.819532834006
