,training,validation,testing
rmse,0.03443551782813344,0.03382696354828284,0.038314746887014244
