,training,testing
mse,85.97303804625254,9.435880903601022
