,training,validation,testing
mae,0.024901803453873998,0.024191762599052525,0.02462400409646779
