,training,validation,testing
nrmse,0.04669309890805588,0.04818156877379458,0.03957937736270529
