,training,validation,testing
mae,0.01559630681371083,0.027093747874614837,0.02810136509228933
