,training,validation,testing
arv,0.020129670007435093,0.024370015139375582,0.02702450293430829
