,training,validation,testing
mape,16643.29030521791,7516.306768088796,13260.86907831838
