,training,validation,testing
mse,0.0013578986201818529,0.0013084497706406513,0.0015665271124194276
