,training,validation,testing
smape,15.823319539866715,13.845158679183989,18.188466535389285
