,training,testing
nrmse,0.16166816594708364,0.1435681855057166
