,training,testing
mape,144809.90185970766,124517.00579005567
