,training,testing
rmse,0.12758672419518452,0.1435681855057166
