,training,testing
mae,0.10020223677957737,0.11671395119904586
