,training,testing
mse,0.016278372190858082,0.020611823889403854
