,training,testing
smape,39.78251822117238,49.91977917202081
