,training,testing
arv,1.2628761622935774,1.2453014684709192
