,arima,lstm,mlp,rf,svr,xgboost
0,0.2169608729870415,0.1167139511990458,0.0280306966781889,0.0250108615683047,0.0475095165159205,0.1511013645403072
