,arima,lstm,mlp,rf,svr,xgboost
0,2.677970811889132,0.0271213714731294,0.0246240040964677,0.0251154871175176,0.0250557103106709,0.0281013650922893
