,arima,lstm,mlp,rf,svr,xgboost
0,174973.35420650107,124517.00579005569,9053.650883985734,6615.30057420358,43373.1067697693,169055.65381202346
