,arima,lstm,mlp,rf,svr,xgboost
0,1305602.3180244688,13260.86907831838,7429.819532834006,6141.843400394992,7812.906075967923,7618.26623417317
