,training,testing
smape,14.57864306569954,16.93385676970771
