,training,testing
rmse,0.03745449805634094,0.0420117939813759
