,training,testing
nrmse,0.04745948330779222,0.0420117939813759
