,training,testing
mse,0.0014028394246524474,0.0017649908335335728
