,training,testing
mae,0.027392375309273853,0.028030696678188964
