,training,testing
mape,7000.919081225172,9053.650883985734
