,training,testing
arv,0.028816157085873845,0.031177807671500003
