,arima,lstm,mlp,rf,svr,xgboost
0,9.435880903601022,0.0015665271124194,0.0014680198290159,0.0015222237143992,0.0015503101733667,0.0018276323701679
