,arima,lstm,mlp,rf,svr,xgboost
0,0.0582042330455532,0.0206118238894038,0.0017649908335335,0.0015260676588852,0.0033641714466713,0.0349943464457706
