,training,testing
arv,0.003513855257052288,0.0271979352749358
