,training,testing
mape,2128.786550571003,6615.30057420358
