,training,testing
mse,0.00017201521992728645,0.0015260676588852336
