,training,testing
mae,0.009573723163809535,0.025010861568304718
