,training,testing
nrmse,0.016618907170913244,0.03906491595901921
