,training,testing
rmse,0.013115457290056129,0.03906491595901921
