,training,testing
smape,5.913475274148725,14.477781918830813
