,arima,lstm,mlp,rf,svr,xgboost
0,3.07178790016515,0.0395793773627052,0.0383147468870142,0.0390156854918541,0.0393739783787057,0.0427508171871364
