,arima,lstm,mlp,rf,svr,xgboost
0,195.07800080233997,18.188466535389285,15.029225371417782,14.625031909750405,15.570596056020475,16.30031967917476
