,arima,lstm,mlp,rf,svr,xgboost
0,69.1582566783767,49.91977917202081,16.93385676970771,14.477781918830813,32.03983154460428,54.95026543524635
