,training,testing
nrmse,0.06384311214963294,0.05800147796971504
