,training,testing
mae,0.04186341682478891,0.04750951651592058
