,training,testing
mse,0.0025385752980287475,0.003364171446671339
