,training,testing
mape,50319.63352477653,43373.1067697693
