,training,testing
arv,0.0631916817340853,0.07496674817507973
