,training,testing
smape,25.156748095973935,32.039831544604276
