,training,testing
arv,4.3080282616122805,3.4858814891945546
