,training,testing
nrmse,0.2086869906564426,0.18706775896923192
