,training,testing
smape,43.861357318375006,54.95026543524635
