,training,testing
mae,0.12774769623611362,0.1511013645403072
