,training,testing
mape,198604.91546589273,169055.65381202346
