,training,testing
mse,0.027123935559620817,0.03499434644577065
