,arima,lstm,mlp,rf,svr,xgboost
0,22.182298661248723,2.5023353559447843,0.4831942203695763,1.91943725828932,0.4619764125292857,1.879444325632669
