,arima,lstm,mlp,rf,svr,xgboost
0,0.0741768129431901,0.0791804960136578,0.0386014648779642,0.0989790038264447,0.0325994253711646,0.0514236333539134
