,arima,lstm,mlp,rf,svr,xgboost
0,16.929295857078966,19.084292446519544,8.85175975604255,19.817115059248795,7.50426666478589,10.786090518870845
