,training,validation,testing
nrmse,0.045521156043838655,0.05956053291249656,0.08121048769254012
