,training,validation,testing
mape,9141.21672808102,6.462555166149059,8.85175975604255
