,training,validation,testing
nrmse,0.02995676698088554,0.10350627516232326,0.16453902038906285
