,training,validation,testing
mae,0.013767412535838894,0.015298997750845292,0.032599425371164614
