,training,testing
arv,1.116089552002599,22.182298661248723
