,training,testing
nrmse,0.5506407532884022,0.13358546207279287
