,training,validation,testing
arv,0.03015676360428049,0.2700366388944823,1.91943725828932
