,training,validation,testing
mae,0.0157259246051669,0.0214052760127407,0.05142363335391341
