,training,validation,testing
mse,0.00021044569642884054,0.0019968755137578296,0.01841112556500031
