,training,validation,testing
mse,0.0004859333789374343,0.0006612029479805458,0.004485044561725715
