,training,validation,testing
nrmse,0.08966465985659991,0.09588454131119033,0.14420911174770112
