,training,testing
smape,91.38875058784564,16.528729465399618
