,training,validation,testing
mse,0.0004960548426387364,0.000697002148418369,0.004524270137906097
