,training,validation,testing
smape,24.545768883546405,12.1043542059443,17.321667420646882
