,training,validation,testing
mape,14293.423423679318,7.509470712289315,10.786090518870845
