,training,testing
mae,0.25269031802873665,0.07417681294319017
