,training,testing
mse,0.07110282690572513,0.01213559066760043
