,training,validation,testing
nrmse,0.04599279087273848,0.06115165886705544,0.08156484241225903
