,training,validation,testing
rmse,0.021415945851675167,0.029392917347424972,0.08612556319834748
