,training,validation,testing
mse,0.0004586427367218828,0.0008639435901925558,0.0074176126362325455
