,training,validation,testing
mape,8477.690620338179,10.571219452557493,19.817115059248795
