,training,validation,testing
mse,0.001885353437212559,0.001713621180557768,0.014142556711307054
