,training,validation,testing
mae,0.015269568572531865,0.017930366258264444,0.03860146487796428
