,training,validation,testing
rmse,0.022272288670873865,0.02640079825343107,0.06726269499437335
