,training,validation,testing
mae,0.009952544101464806,0.03423408887712656,0.09897900382644478
