,training,validation,testing
smape,12.310181651811982,6.522945260397832,8.557921901781834
