,training,validation,testing
mae,0.03329286646310081,0.03329791183978995,0.07918049601365784
