,training,validation,testing
arv,0.06876761729754674,0.08855413764685136,1.879444325632669
