,training,validation,testing
smape,13.779159347127887,7.611833919781898,11.217224775088193
