,training,validation,testing
mape,7977.708697448518,5.657814654975046,7.50426666478589
