,training,validation,testing
arv,0.06802527899179887,0.06451308940776429,0.46197641252928573
