,training,validation,testing
smape,10.729906103992684,5.68345333341341,7.225300689500775
