,training,validation,testing
smape,8.229860320574044,11.115299418426721,22.798638775620592
