,training,validation,testing
arv,0.07183356143134,0.07051340071541035,0.4831942203695763
