,training,testing
rmse,0.26665113332915935,0.11016165697555765
