,training,validation,testing
nrmse,0.044224423158903896,0.06808224650948548,0.1044385448803071
