,training,validation,testing
mape,21561.038325400328,12.251396324101366,19.084292446519544
