,training,validation,testing
rmse,0.022043896636879657,0.02571386684224187,0.06697047529863974
