,training,testing
mape,98931.11965962719,16.929295857078966
