,training,validation,testing
rmse,0.014506746583188132,0.044686413077778236,0.13568760284197046
