,training,validation,testing
arv,0.339075228038384,0.17211967041372248,2.5023353559447843
