,training,validation,testing
rmse,0.04342065680309959,0.041395907775500805,0.11892248194225957
