,arima,lstm,mlp,rf,svr,xgboost
0,0.0121355906676004,0.014142556711307,0.004524270137906,0.0184111255650003,0.0044850445617257,0.0074176126362325
