,arima,lstm,mlp,rf,svr,xgboost
0,0.1335854620727928,0.1442091117477011,0.081564842412259,0.1645390203890628,0.0812104876925401,0.1044385448803071
