,arima,lstm,mlp,rf,svr,xgboost
0,0.1101616569755576,0.1189224819422595,0.0672626949943733,0.1356876028419704,0.0669704752986397,0.0861255631983474
