,arima,lstm,mlp,rf,svr,xgboost
0,16.528729465399618,17.321667420646882,8.557921901781834,22.798638775620592,7.225300689500775,11.217224775088193
