,training,testing
mape,17722.474852306103,25.079073305280414
