,training,testing
mae,0.21218102782745998,0.12145051885697594
