,training,testing
smape,35.09430442701958,21.39434570486456
