,training,testing
arv,15.292980155359094,126.47263270292524
