,training,testing
nrmse,0.2398863908977311,0.21437888681492062
