,training,testing
mse,0.05754548053793904,0.022633767063110356
