,arima,lstm,mlp,rf,svr,xgboost
0,0.9327590418377024,0.0891756803397346,0.0531646880293609,0.0502390812006998,0.0475082179165466,0.0577669996128419
