,arima,lstm,mlp,rf,svr,xgboost
0,126.47263270292524,0.1017508690196887,0.0691962893827545,0.0488443201995708,0.1040410711673639,2.447997402393303
