,training,validation,testing
smape,4.653291929047105,6.50802569921351,4.89736101497594
