,training,validation,testing
mae,0.020524780206382456,0.025951740968270402,0.023861840054302186
