,training,validation,testing
mse,0.0019913107346455463,0.0026757113781829475,0.0020548762376844565
