,training,testing
mae,1.8494853912920821,0.6398507115289414
