,training,validation,testing
mape,1182.5150850343841,6.176622363893214,4.656142054737215
