,training,validation,testing
mse,0.0010185038765277992,0.0012141681372517495,0.001077907299379534
