,training,validation,testing
smape,6.389802340315037,9.315949330083043,6.700959117068393
