,training,validation,testing
mae,0.023722413195943898,0.029392897322613416,0.027130062909578898
