,training,testing
smape,98.28836322133495,67.59151136232231
