,training,validation,testing
rmse,0.031991382153026784,0.0383119811271881,0.03561858916041334
