,training,validation,testing
nrmse,0.044624104861000255,0.08525118005880093,0.06459463157214261
