,training,validation,testing
arv,0.024095562887762108,0.09825487174461502,0.05316468802936096
