,training,testing
nrmse,2.250193485886393,1.013742346041689
