,training,testing
mse,5.063370723925553,0.5061135859227585
