,training,validation,testing
mape,583.6732228324864,6.213099941635318,4.669234291579935
