,training,validation,testing
smape,4.756437116791376,6.134189240363492,4.626373182701526
