,training,validation,testing
nrmse,0.03191400752847877,0.05742753595817255,0.04678367100882811
