,training,validation,testing
mae,0.025668611111407655,0.027230309820503437,0.02557102282558107
