,training,testing
arv,1.102832133517905,0.9327590418377025
