,training,validation,testing
arv,0.038007987035030374,0.18890739651608662,0.08917568033973466
