,training,validation,testing
nrmse,0.03199138215302679,0.063141570047987,0.050755171980109634
