,training,validation,testing
arv,0.007522185866111613,0.09348361539125839,0.050239081200699864
