,training,validation,testing
mape,40.230092673281334,5.941101498146497,4.373675530148727
