,training,validation,testing
rmse,0.034796176406197615,0.035860660646172784,0.033883224884936454
