,training,validation,testing
arv,0.01969039138481471,0.08658482539942558,0.04750821791654664
