,training,validation,testing
mse,0.0010234485320610004,0.0014678078978900173,0.0012686838937783149
