,training,validation,testing
mae,0.014285982642242819,0.027073019703246038,0.025147973000282754
