,training,validation,testing
mae,0.0330576138523997,0.04140542223211974,0.03604279238498814
