,training,validation,testing
nrmse,0.03479617640619762,0.05910157474343059,0.04828234208071938
