,training,validation,testing
rmse,0.03191400752847876,0.03484491551506115,0.03283149858564994
