,training,testing
rmse,2.2501934858863923,0.7114166050372724
