,training,validation,testing
smape,2.7772216753499235,6.1325159482305756,4.623529524434667
