,training,validation,testing
rmse,0.019464563779199993,0.03598588825356967,0.03334964641624298
