,training,validation,testing
mape,4274.1161700336015,6.569665293120379,4.930665114268784
