,training,testing
mape,158175.53386621177,115.18281184567458
