,training,validation,testing
arv,0.020792186377057726,0.11339847452916565,0.05776699961284193
