,training,validation,testing
smape,3.6279980190503656,5.857605524538219,4.317925924245536
