,training,validation,testing
mse,0.0003788692431145443,0.001294984153398404,0.0011121989160884282
