,training,validation,testing
rmse,0.04462410486100025,0.051727278859253246,0.045330742743578074
