,training,validation,testing
nrmse,0.019464563779199997,0.05930796103596249,0.04752201250052591
