,training,validation,testing
mse,0.0012107738924912238,0.0012859869819799655,0.0011480729286031772
