,training,validation,testing
mape,3316.34781261166,9.457408003190174,6.815438343374092
