,training,testing
nrmse,0.04654574703893463,0.06497139411683808
