,training,testing
mape,1076.673380283557,6.725560712251105
