,training,testing
rmse,0.04654574703893463,0.04559514437531287
