,training,testing
smape,8.016787263470272,6.355947803950898
