,training,testing
mse,0.002166506567412492,0.0020789171906056246
