,training,testing
mae,0.03737318322289409,0.034551926261192335
