,training,testing
arv,0.04679735801620225,0.10175086901968879
