,arima,lstm,mlp,rf,svr,xgboost
0,0.6398507115289414,0.0360427923849881,0.025571022825581,0.0251479730002827,0.0238618400543021,0.0271300629095788
