,arima,lstm,mlp,rf,svr,xgboost
0,0.1214505188569759,0.0345519262611923,0.030606104220788,0.0239463392295449,0.037954961690024,0.1080025509955675
