,arima,lstm,mlp,rf,svr,xgboost
0,115.18281184567458,6.815438343374092,4.669234291579935,4.656142054737215,4.373675530148727,4.930665114268784
