,arima,lstm,mlp,rf,svr,xgboost
0,25.079073305280414,6.725560712251105,5.633228291037652,4.4145283164524045,6.5795224795015175,18.39233030784261
