,training,testing
mape,3086.5534273557137,5.633228291037652
