,training,testing
nrmse,0.04195530016605574,0.05557789830815709
