,training,testing
mae,0.032038581462108924,0.030606104220788074
