,training,testing
smape,6.309420239221956,5.5690748145689595
