,training,testing
mse,0.0017602472120238368,0.0015212376261095123
