,training,testing
arv,0.03314638737690225,0.06919628938275452
