,training,testing
rmse,0.04195530016605574,0.039003046369604416
