,arima,lstm,mlp,rf,svr,xgboost
0,0.5061135859227585,0.0020548762376844,0.0011480729286031,0.0011121989160884,0.0010779072993795,0.0012686838937783
