,arima,lstm,mlp,rf,svr,xgboost
0,0.0226337670631103,0.0020789171906056,0.0015212376261095,0.0010489578382925,0.0020456911134643,0.0159261638924785
