,arima,lstm,mlp,rf,svr,xgboost
0,1.013742346041689,0.0645946315721426,0.0482823420807193,0.0475220125005259,0.0467836710088281,0.0507551719801096
