,arima,lstm,mlp,rf,svr,xgboost
0,0.2143788868149206,0.064971394116838,0.055577898308157,0.0461511584426161,0.0644501035949463,0.1798287728994428
