,training,testing
arv,0.0030416720907121496,0.04884432019957087
