,training,testing
mae,0.009203154345680163,0.02394633922954494
