,training,testing
mape,260.4973783313724,4.4145283164524045
