,training,testing
mse,0.00016171762310302322,0.0010489578382925392
