,training,testing
nrmse,0.01271682441111079,0.04615115844261618
