,training,testing
rmse,0.012716824411110788,0.0323876185955766
