,training,testing
smape,1.8316652278862828,4.368971399001776
