,arima,lstm,mlp,rf,svr,xgboost
0,0.1504452294461687,0.0455951443753128,0.0390030463696044,0.0323876185955766,0.0452293169688023,0.1261989060668855
