,arima,lstm,mlp,rf,svr,xgboost
0,0.7114166050372724,0.045330742743578,0.0338832248849364,0.0333496464162429,0.0328314985856499,0.0356185891604133
