,arima,lstm,mlp,rf,svr,xgboost
0,21.39434570486456,6.355947803950898,5.56907481456896,4.368971399001776,6.73413039658929,18.833695750479897
