,arima,lstm,mlp,rf,svr,xgboost
0,67.59151136232231,6.700959117068393,4.626373182701526,4.623529524434667,4.317925924245536,4.89736101497594
