,training,testing
rmse,0.0479882951522365,0.04522931696880231
