,training,testing
arv,0.047967281561221556,0.10404107116736395
