,training,testing
mse,0.0023028764716181652,0.0020456911134643886
