,training,testing
smape,7.6814809692257695,6.73413039658929
