,training,testing
mape,2897.8918960269248,6.5795224795015175
