,training,testing
nrmse,0.0479882951522365,0.0644501035949463
