,training,testing
mae,0.040991044159568626,0.03795496169002405
