,training,testing
nrmse,0.20345170199936569,0.17982877289944285
