,training,testing
mae,0.17746391571250072,0.10800255099556753
