,training,testing
mse,0.041392595046438704,0.01592616389247859
