,training,testing
smape,29.25743832528593,18.833695750479897
