,training,testing
mape,10944.056532343096,18.392330307842606
