,training,testing
arv,2.183087121538138,2.447997402393303
