,training,testing
mae,0.6554011465033573,0.06652325885408403
