,training,testing
mape,227.87064434961616,8.054544658217742
