,training,testing
smape,83.61961275641865,7.608496949183237
