,training,testing
arv,0.9040536769152052,0.9641462525059338
