,training,testing
nrmse,0.7101537656959226,0.27580278000268266
