,training,testing
mse,0.43351430047933703,0.0066132593421288875
