,arima,lstm,mlp,rf,svr,xgboost
0,0.9638362011305508,2.337864675949889,3.0001289242036844,1.1349234701032804,3.0638557824525297,1.0857895270285531
