,arima,lstm,mlp,rf,svr,xgboost
0,0.9641462525059338,1.0472636708671346,1.7740476328169488,2.5532754679686103,1.2067194551633222,1.0242389354430763
