,training,validation,testing
mse,0.00018561673522065586,0.0006226911261849709,0.0012581005996198272
