,training,testing
nrmse,0.6801868823397884,0.25960329768196627
