,training,testing
mape,269.82187094413695,7.500279401292502
