,training,validation,testing
mape,3.4120370638107245,7.831236138216694,15.900065050913877
