,training,validation,testing
rmse,0.014057322432909799,0.025315153775171198,0.035059842810513935
