,training,validation,testing
smape,1.3646795111130394,5.399996159811555,13.584143193673684
