,training,validation,testing
mse,5.990622507387754e-05,0.002392746139197223,0.012979267982010068
