,training,validation,testing
mse,0.00018561242539784446,0.0006234560345349211,0.001255879298848592
