,training,testing
rmse,0.6306342764504458,0.07654544330210547
