,training,testing
mae,0.6280517803242941,0.06193878999971359
