,training,validation,testing
mse,0.00019760831398278906,0.0006408570106605645,0.0012291925778979455
