,training,validation,testing
mae,0.009444808396150677,0.019587898029603708,0.027693799327066074
