,training,validation,testing
mae,0.005349047835770746,0.04070869766517379,0.10699150338956309
