,training,validation,testing
arv,0.0013677065210433658,1.5863242113087863,1.1349234701032804
