,training,testing
arv,0.9423417574616036,0.9638362011305507
