,training,validation,testing
mae,0.009376352963582349,0.019747629880795117,0.027803833605744566
