,training,validation,testing
smape,2.3839403088681466,2.580947203944313,3.327590936554393
