,training,validation,testing
rmse,0.00773991117997342,0.048915704422988975,0.11392659032030261
