,training,validation,testing
nrmse,0.015161888081161761,0.13007820349938465,0.11890519431573325
