,training,validation,testing
mae,0.009767144585082972,0.01995013970394301,0.027544792507209294
