,training,validation,testing
smape,2.4379208329228375,2.560146420765093,3.315153377100452
