,training,validation,testing
smape,2.8552472844463703,8.232917831524245,17.372939647462232
