,training,testing
mse,0.3976995906341773,0.005859204890315843
