,training,validation,testing
rmse,0.013624123282643029,0.02495377979755714,0.03546971383617053
