,training,validation,testing
mape,2.3994368976845646,2.5887507148790574,3.3361492355047915
