,training,validation,testing
nrmse,0.012227834692164126,0.353707182579478,0.47430147251679583
