,training,validation,testing
nrmse,0.008348081053768533,0.25134617039103013,0.38638117783295167
