,training,validation,testing
nrmse,0.014694479354050554,0.12830006515102355,0.12018902532844643
