,training,validation,testing
mape,1.369564281009495,5.206036463672727,12.631819894444057
