,training,validation,testing
mae,0.007462104683484511,0.06095255243962993,0.1342117035374869
