,training,validation,testing
mape,2.5995534882033513,2.598240204520578,3.296222183087723
