,training,testing
smape,89.65012416833649,7.109349383191919
