,training,validation,testing
nrmse,0.014694649952097977,0.12822133633527652,0.12029526882957195
