,training,validation,testing
arv,0.0042447667625852455,1.5673678774096949,3.0001289242036844
