,training,validation,testing
mse,0.00012852800230687487,0.0047384885654104935,0.01955812516878852
