,training,validation,testing
smape,2.631581794775087,2.6083278972458195,3.2963665027803324
