,training,validation,testing
arv,0.004551626055238267,1.4601269617263513,2.337864675949889
