,training,validation,testing
mape,2.460597301003822,2.5644128344635164,3.3165899153591645
