,training,validation,testing
rmse,0.011337019110280924,0.06883668037761913,0.13985036706704962
