,training,validation,testing
arv,0.0029795197349571753,1.2914279884719202,1.0857895270285531
