,training,validation,testing
arv,0.004225512527406846,1.5613738017523329,3.0638557824525297
