,training,validation,testing
rmse,0.013623965112912043,0.024969101596471612,0.03543838736241524
