,training,testing
mape,46.80049042680685,20.90748474204104
