,training,testing
smape,27.272508116678857,23.438270517763677
