,training,testing
mse,0.013457235811799063,0.032390864186695616
