,training,testing
rmse,0.11600532665269757,0.17997462095166533
