,training,testing
mae,0.10102096517081388,0.17584039315630598
