,training,testing
arv,0.8961817710672129,1.0472636708671346
