,training,testing
nrmse,0.12512054041025042,0.6103825790610982
