,arima,lstm,mlp,rf,svr,xgboost
0,0.066523258854084,0.1758403931563059,0.0406107586916819,0.0363549443018424,0.1002846919715817,0.2522908227682284
