,arima,lstm,mlp,rf,svr,xgboost
0,0.0619387899997135,0.0275447925072092,0.027693799327066,0.106991503389563,0.0278038336057445,0.1342117035374869
