,arima,lstm,mlp,rf,svr,xgboost
0,8.054544658217742,20.90748474204104,4.882841901617063,4.252276126838569,11.78869936130024,30.084979727800853
