,arima,lstm,mlp,rf,svr,xgboost
0,7.500279401292502,3.296222183087723,3.3165899153591645,12.631819894444057,3.3361492355047915,15.900065050913875
