,training,testing
arv,0.010873458023155456,1.7740476328169488
