,training,testing
mse,0.0005632901473152052,0.0025405756380006968
