,training,testing
mae,0.016638094030713337,0.0406107586916819
