,training,testing
smape,3.468718738181309,4.845322502489468
