,training,testing
mape,3.459780159409075,4.882841901617063
