,training,testing
rmse,0.02373373437357057,0.05040412322420356
