,training,testing
nrmse,0.025598632032345834,0.17094520641977262
