,arima,lstm,mlp,rf,svr,xgboost
0,0.0058592048903158,0.0012291925778979,0.0012558792988485,0.01297926798201,0.0012581005996198,0.0195581251687885
