,arima,lstm,mlp,rf,svr,xgboost
0,0.0066132593421288,0.0323908641866956,0.0025405756380006,0.0020958000774933,0.012436593657824,0.0651942567112244
