,arima,lstm,mlp,rf,svr,xgboost
0,0.2758027800026826,0.6103825790610982,0.1709452064197726,0.1552622188606932,0.3782174696279195,0.8659554133664009
