,arima,lstm,mlp,rf,svr,xgboost
0,0.2596032976819662,0.1189051943157332,0.1201890253284464,0.3863811778329516,0.1202952688295719,0.4743014725167958
