,training,testing
arv,0.0008535544488117071,2.5532754679686103
