,training,testing
mape,0.9337044384557708,4.252276126838569
