,training,testing
mse,4.350349452292463e-05,0.0020958000774933413
