,training,testing
mae,0.004574884534012023,0.036354944301842496
