,training,testing
nrmse,0.0071139818400394565,0.15526221886069327
