,training,testing
smape,0.932898738596433,4.3686425022916175
