,arima,lstm,mlp,rf,svr,xgboost
0,0.0765454433021054,0.0350598428105139,0.0354383873624152,0.1139265903203026,0.0354697138361705,0.1398503670670496
