,arima,lstm,mlp,rf,svr,xgboost
0,7.608496949183237,23.43827051776368,4.845322502489468,4.3686425022916175,12.695117730123798,35.499255083766315
