,arima,lstm,mlp,rf,svr,xgboost
0,7.109349383191919,3.2963665027803324,3.315153377100452,13.584143193673684,3.327590936554393,17.372939647462232
