,training,testing
arv,0.0447360985068954,1.2067194551633222
