,training,testing
nrmse,0.04863374419457012,0.3782174696279195
