,training,testing
mse,0.002033171680680545,0.012436593657824067
