,training,testing
smape,12.706082618229656,12.695117730123798
