,training,testing
rmse,0.04509070503641017,0.11151947658514215
