,training,testing
mae,0.038670441225546553,0.10028469197158173
