,training,testing
mape,17.64157246852169,11.788699361300239
