,training,testing
mape,67.65491525328594,30.084979727800853
