,training,testing
nrmse,0.1735304678474393,0.8659554133664009
