,training,testing
arv,5.199717354621237,1.0242389354430765
