,training,testing
mae,0.1403854050852046,0.2522908227682284
