,training,testing
smape,33.8414669898042,35.499255083766315
