,training,testing
mse,0.025885115967142346,0.06519425671122449
