,arima,lstm,mlp,rf,svr,xgboost
0,1.323459429676603,0.2244933626109997,0.0656690509840368,1.0342831228689051,0.0529300046183482,1.088619718293938
