,arima,lstm,mlp,rf,svr,xgboost
0,0.0107534079489581,0.0032878468086602,0.0010230340972518,0.0329523898381894,0.0010324309275062,0.0204956606533491
