,arima,lstm,mlp,rf,svr,xgboost
0,1.2652394294903897,0.3878409135740064,0.1207044939292629,3.8879115124304295,0.1219137386472015,2.416232993764093
