,training,testing
rmse,0.09144391895891886,0.012370848435932608
