,training,validation,testing
mae,0.0011775595810570572,0.012115053758105511,0.03295238983818946
