,training,validation,testing
rmse,0.061836169682466996,0.002071679584317421,0.003662300589152515
