,training,validation,testing
rmse,0.04368944212490505,0.005867650056591112,0.02138454529047046
