,training,validation,testing
arv,0.21726379011885122,0.03458032632003728,0.052930004618348264
