,training,testing
mape,99380.31664901269,1.2652394294903895
