,training,validation,testing
mape,116443.27691181276,0.11494296353285237,0.12070449392926295
