,training,validation,testing
smape,0.32943189634602377,1.4751243818142603,3.96753335313282
