,training,validation,testing
mape,117988.05415311008,0.10771403949597509,0.12191373864720155
