,training,validation,testing
mse,0.0013522273086676105,1.5491759183853587e-06,2.1611633490053355e-06
