,training,validation,testing
mae,0.0058715615382071915,0.0009492435319510013,0.0010230340972518382
