,training,validation,testing
smape,0.8576727964429104,0.11496163981097993,0.12080964002636843
