,training,testing
mae,0.07489298391554028,0.010753407948958177
