,training,testing
nrmse,0.09144391895891885,0.48804008855213304
