,training,validation,testing
mae,0.0028068969170135477,0.0008901658568822373,0.001032430927506249
