,training,validation,testing
smape,0.46759507152090396,0.10774804157483905,0.12195376573940521
