,training,validation,testing
nrmse,0.06183616968246698,0.08173458627632824,0.14448075353044923
