,training,validation,testing
rmse,0.03578143431439506,0.0012222326727809262,0.0013641078967926528
