,training,validation,testing
smape,2.6227419849142874,0.19522214564075857,0.3869229518190361
