,training,validation,testing
rmse,0.015400177225628852,0.01374400924583634,0.03351248525118586
