,training,testing
smape,9.262928152537063,1.2758853633293175
