,training,validation,testing
nrmse,0.03578143431439505,0.048221106487408176,0.05381517219236401
