,training,validation,testing
nrmse,0.04368944212490504,0.2314981300294873,0.8436378015022961
