,training,validation,testing
mape,124364.43199543483,0.19498501290032047,0.3878409135740064
