,training,validation,testing
mse,0.00023716545858077753,0.0001888977901496348,0.0011230866677109496
