,training,validation,testing
mae,0.014413886591120832,0.005026835791159659,0.020495660653349148
