,training,validation,testing
smape,1.736013411519261,0.609119854311268,2.4483444869008846
