,training,testing
arv,5.356739577475681,1.3234594296766027
