,training,validation,testing
nrmse,0.015400177225628848,0.5422464545146297,1.3220949520393832
