,training,validation,testing
rmse,0.036772643482181296,0.0012446589566565448,0.001470089571762665
