,training,validation,testing
nrmse,0.03677264348218129,0.04910589728621943,0.05799623594923872
