,training,validation,testing
arv,0.42167982476281496,0.06982977199739965,0.22449336261099978
