,training,validation,testing
arv,0.24804727134289373,0.03733341013699299,0.06566905098403683
