,training,validation,testing
arv,0.7385011108265954,1.4377983821612101,1.088619718293938
