,training,testing
mse,0.00836199031456532,0.00015303789102481626
