,training,validation,testing
mape,52485.36343286618,1.4613014560649091,3.8879115124304295
