,training,validation,testing
mse,0.0012803110415953681,1.4938527064132066e-06,1.8607903540920746e-06
