,training,validation,testing
mae,0.02087160095482915,0.0016067767015381213,0.003287846808660211
