,training,validation,testing
mape,87421.68470063548,0.6084053840296735,2.416232993764093
