,training,validation,testing
mse,0.0019087673531854273,3.442931718661368e-05,0.00045729877728018246
