,training,validation,testing
arv,0.037784377800226164,1.286770973433163,1.0342831228689053
