,training,validation,testing
mse,0.0038237118809988503,4.2918563000776024e-06,1.3412445605306858e-05
