,arima,lstm,mlp,rf,svr,xgboost
0,0.0001530378910248,1.3412445605306858e-05,2.1611633490053355e-06,0.0011230866677109,1.8607903540920744e-06,0.0004572987772801
