,arima,lstm,mlp,rf,svr,xgboost
0,0.488040088552133,0.1444807535304492,0.0579962359492387,1.3220949520393832,0.053815172192364,0.8436378015022961
