,arima,lstm,mlp,rf,svr,xgboost
0,0.0123708484359326,0.0036623005891525,0.0014700895717626,0.0335124852511858,0.0013641078967926,0.0213845452904704
