,arima,lstm,mlp,rf,svr,xgboost
0,1.2758853633293177,0.3869229518190361,0.1208096400263684,3.96753335313282,0.1219537657394052,2.448344486900885
