,arima,lstm,mlp,rf,svr,xgboost
0,1.326691270915524,1.1546922567800972,0.1304428408191102,1.255507949013015,0.0801503927937978,1.066696998316744
