,arima,lstm,mlp,rf,svr,xgboost
0,0.3021935631849862,0.4036496097576847,0.0487528177390835,0.2756494340859146,0.0371047613398953,0.2004603833290466
