,arima,lstm,mlp,rf,svr,xgboost
0,54.48842074262858,78.82660141344776,10.90727243890183,51.02020512798352,7.160062353323707,37.70178728776165
