,training,validation,testing
mse,0.0013052394347534259,0.006239761345795053,0.18836122735358757
