,training,validation,testing
smape,20.849635663928655,14.469979420802998,48.26054498326471
