,training,validation,testing
smape,37.60859195617691,56.97603493591582,130.7506936617261
