,training,testing
arv,1.0687015576034165,1.326691270915524
