,training,testing
mae,0.1413792818621342,0.3021935631849862
