,training,validation,testing
mae,0.006964489164144478,0.020419329882047105,0.27564943408591464
