,training,validation,testing
rmse,0.03612809758004739,0.07899216002740432,0.434006022254977
