,training,validation,testing
nrmse,0.03723076261596111,0.11930240417068935,0.3909020945042586
