,training,validation,testing
mape,970.1710094603669,10.538606852093379,7.160062353323707
