,training,validation,testing
arv,0.44885042337765285,0.20780128600748565,1.066696998316744
