,training,validation,testing
mape,1889.576973974873,15.698789429870331,51.02020512798352
