,training,testing
mape,49190.312846297005,54.48842074262858
