,training,validation,testing
smape,29.81423715620779,14.096697190094165,10.170906075239996
