,training,validation,testing
rmse,0.02706751554139133,0.021485342539469297,0.06180505994671008
