,training,validation,testing
nrmse,0.06541056690209161,0.09463915958611593,0.07760276585171941
