,training,validation,testing
mape,14067.813211882007,43.089053997363166,78.82660141344776
