,training,validation,testing
nrmse,0.04723649988797295,0.10138963216676349,0.2891674379154994
