,training,validation,testing
mse,0.0002373585213133716,0.0007335693970678686,0.09692362715879213
