,training,validation,testing
mape,7182.544554506224,13.672277318523745,37.701787287761654
