,training,validation,testing
smape,17.176558224234572,10.481757542012604,6.9414641345127395
