,training,validation,testing
mse,0.0007326503975834613,0.00046161994403832904,0.0038198654350164265
