,training,validation,testing
nrmse,0.059140025924219665,0.08370664097811428,0.06812917293651015
