,training,testing
mse,0.02078705578041031,0.12112901769227939
