,training,testing
nrmse,0.34841433010691736,0.43699580299684615
