,training,validation,testing
mae,0.016320960149353626,0.016078437667695213,0.04875281773908356
