,training,validation,testing
mae,0.010185958585476128,0.016875448229558176,0.20046038332904664
