,training,validation,testing
mae,0.00945771650706133,0.01144736645130067,0.03710476133989533
