,training,validation,testing
mse,0.0003820818283432049,0.0005298219038766788,0.05303864709008631
