,training,testing
smape,113.30453163551172,78.77076714559857
