,training,validation,testing
rmse,0.015406444148906379,0.027084486280302026,0.31132559669707877
