,training,validation,testing
mse,0.0005989133372667462,0.0003611292312239418,0.0029441497568235384
