,training,validation,testing
mae,0.021755702136414253,0.06347587676678268,0.4036496097576847
