,training,validation,testing
smape,13.435707244555726,16.493974621194425,70.37126078889142
