,training,validation,testing
mape,5342.718958911717,13.97155682788778,10.90727243890183
