,training,validation,testing
nrmse,0.08730610462534946,0.3479465884778108,0.5449402969971864
