,training,validation,testing
rmse,0.02447270596535549,0.019003400517379563,0.05426001987489074
