,training,validation,testing
arv,0.5340023788229882,0.12596046065789482,0.08015039279379788
