,training,testing
rmse,0.14417716802743183,0.3480359431039837
