,training,validation,testing
arv,0.28878357375198765,0.3615527618989742,1.255507949013015
