,training,validation,testing
arv,225.23513256934848,1.660881333671956,1.1546922567800972
