,training,validation,testing
rmse,0.019546913524728267,0.02301786054082088,0.23030120948463625
