,training,validation,testing
arv,1.0659262781617058,0.1498619180875023,0.13044284081911026
