,arima,lstm,mlp,rf,svr,xgboost
0,0.1211290176922793,0.1883612273535875,0.0038198654350164,0.0969236271587921,0.0029441497568235,0.0530386470900863
