,arima,lstm,mlp,rf,svr,xgboost
0,0.4369958029968461,0.5449402969971864,0.0776027658517194,0.3909020945042586,0.0681291729365101,0.2891674379154994
