,arima,lstm,mlp,rf,svr,xgboost
0,0.3480359431039837,0.434006022254977,0.06180505994671,0.3113255966970787,0.0542600198748907,0.2303012094846362
