,arima,lstm,mlp,rf,svr,xgboost
0,78.77076714559857,130.7506936617261,10.170906075239996,70.37126078889142,6.94146413451274,48.26054498326471
