,training,testing
arv,0.904467406641748,0.9641462525059338
