,training,testing
mae,0.66066063502972,0.06652325885408403
