,training,testing
nrmse,0.711578912985811,0.27580278000268266
