,training,testing
smape,84.55314160018997,7.608496949183237
