,training,testing
rmse,0.6637045550239389,0.08132194871084243
