,training,testing
mse,0.4405037363595247,0.0066132593421288875
