,training,testing
mape,257.27922019161736,8.054544658217742
