,arima,lstm,mlp,rf,svr,xgboost
0,0.9641462525059338,1.1047748628093894,1.6941454223474393,2.822173681902606,1.234491123526898,1.0242455889545918
