,arima,lstm,mlp,rf,svr,xgboost
0,0.9638362011305508,2.121771878194933,2.5797473164469618,1.1468960753790878,2.693319373246181,1.0881560246026316
