,training,validation,testing
mape,2.5366367208400367,2.5633082288724065,3.2557622627473948
