,training,validation,testing
smape,3.209646767067414,8.00182852225076,17.11092596412715
