,training,validation,testing
nrmse,0.0076923148667428385,0.23781121384486553,0.37207191686711877
