,training,testing
mse,0.40493828937033993,0.005859204890315843
