,training,validation,testing
arv,0.004131327508019981,1.5621294879867735,2.693319373246181
