,training,validation,testing
mape,2.5071270565292547,2.583092275822802,3.2440727631869053
