,training,validation,testing
nrmse,0.01457773608198762,0.12775964880905757,0.11803215571941844
