,training,validation,testing
smape,2.505024256294857,2.5619631814083768,3.2566249038657484
