,training,validation,testing
arv,0.004167293729132119,1.536254580366774,2.5797473164469618
