,training,testing
smape,90.753018471904,7.109349383191919
