,training,validation,testing
rmse,0.011858475933913456,0.06728157352086206,0.1380711151786407
