,training,validation,testing
arv,0.0011454832396147565,1.6628497265646063,1.1468960753790878
