,training,validation,testing
mae,0.008005269290205912,0.0593243705602099,0.1323599230332535
