,training,validation,testing
mse,0.00018719952618695808,0.0006264382688713353,0.0012096283172840915
