,training,validation,testing
rmse,0.013596959751033165,0.024863928535717054,0.03480242263530247
