,training,validation,testing
nrmse,0.01466900457518937,0.12860655379915203,0.11795513035549936
