,training,validation,testing
smape,1.2701017458154855,5.051331131215658,12.971611161349571
