,training,validation,testing
smape,2.487689892961014,2.5790868648288483,3.242192995131523
