,training,validation,testing
nrmse,0.012713851895167707,0.34571649415731504,0.46826715306273226
