,training,validation,testing
smape,2.8477553064308707,2.612931393335303,3.3866723702251136
