,training,testing
rmse,0.6363476167711638,0.07654544330210547
