,training,validation,testing
mae,0.004789319127390792,0.03816794673816027,0.10249911816278486
