,training,validation,testing
mae,0.009367717238968577,0.019599896583282445,0.02721076317219759
