,training,validation,testing
rmse,0.007174783179441102,0.046281600498667495,0.10970742695167301
