,training,validation,testing
mape,1.2733247786792086,4.879826673482433,12.092554482621185
