,training,testing
arv,0.942678845802879,0.9638362011305507
