,training,validation,testing
mse,0.00014062345147520462,0.004526810135443167,0.019063632846673468
