,training,validation,testing
nrmse,0.014845372221790581,0.12951677961426858,0.12110923408992148
