,training,validation,testing
arv,0.003160749365483528,1.3053414025413608,1.0881560246026316
