,training,testing
nrmse,0.6822486631974438,0.25960329768196627
