,training,validation,testing
mse,0.000191728043103257,0.0006353370083510822,0.0012751838108871773
