,training,testing
mae,0.6336761653346332,0.06193878999971359
