,training,testing
mape,308.12333179350964,7.500279401292502
