,training,validation,testing
mse,5.147751367199097e-05,0.0021419865447182595,0.012035719528356671
