,training,validation,testing
rmse,0.01368208778611503,0.025028748847502055,0.0347797112881072
