,training,validation,testing
mape,2.972835830448547,2.62019146335175,3.414372111603322
