,training,validation,testing
mae,0.009462104099968905,0.0197293752526259,0.02709037114758861
