,training,validation,testing
mae,0.009622059222560469,0.01999651161429911,0.028327095834838625
