,training,validation,testing
arv,0.004340350132257681,1.3958082979325093,2.1217718781949335
