,training,validation,testing
rmse,0.013846589583838217,0.02520589233395799,0.03570971591720071
