,training,validation,testing
mape,4.092042048364874,7.618965733854989,15.677702575826801
