,training,validation,testing
mse,0.00018487731447121584,0.0006182149422292449,0.0012112086212862137
