,training,testing
mae,0.05162123652053113,0.1071937105916839
