,training,testing
smape,17.033198759977477,13.621748674869522
