,training,testing
nrmse,0.06490372899840738,0.38332079175874156
