,training,testing
rmse,0.0605370673415968,0.11302421885269137
