,training,testing
mse,0.003664736522321026,0.012774474047261076
