,training,testing
arv,0.12337893206424892,1.1047748628093894
