,training,testing
mape,28.19134056706113,12.680621129426347
