,arima,lstm,mlp,rf,svr,xgboost
0,0.066523258854084,0.1071937105916839,0.0367030374422644,0.0336141638883706,0.0958851470964866,0.2522866242786139
