,arima,lstm,mlp,rf,svr,xgboost
0,0.0619387899997135,0.0283270958348386,0.0270903711475886,0.1024991181627848,0.0272107631721975,0.1323599230332535
