,arima,lstm,mlp,rf,svr,xgboost
0,7.500279401292502,3.414372111603322,3.2440727631869053,12.092554482621184,3.2557622627473948,15.6777025758268
