,arima,lstm,mlp,rf,svr,xgboost
0,8.054544658217742,12.680621129426347,4.392159776670548,3.939956626047588,11.256661436519794,30.08444756209349
