,training,testing
mae,0.0162163296613062,0.0367030374422644
