,training,testing
nrmse,0.024473440146597556,0.15798961482792576
