,training,testing
arv,0.0100262256321406,1.6941454223474393
