,training,testing
smape,3.3963738517946345,4.394207245839735
