,training,testing
rmse,0.02282689018178708,0.046584096627877936
