,training,testing
mse,0.0005210669153713675,0.0021700780586354686
