,training,testing
mape,3.3761916494948814,4.392159776670548
