,arima,lstm,mlp,rf,svr,xgboost
0,0.0066132593421288,0.012774474047261,0.0021700780586354,0.0018167683136675,0.0116603709033935,0.0651924055801799
