,arima,lstm,mlp,rf,svr,xgboost
0,0.0058592048903158,0.0012751838108871,0.001209628317284,0.0120357195283566,0.0012112086212862,0.0190636328466734
