,arima,lstm,mlp,rf,svr,xgboost
0,0.2758027800026826,0.3833207917587415,0.1579896148279257,0.1445575022838044,0.3662242049838046,0.8659431192747983
