,arima,lstm,mlp,rf,svr,xgboost
0,0.2596032976819662,0.1211092340899214,0.1179551303554993,0.3720719168671187,0.1180321557194184,0.4682671530627322
