,training,testing
arv,0.000834869398870842,2.8221736819026066
