,training,testing
mse,4.360971882690981e-05,0.0018167683136675653
