,training,testing
mape,0.9635638227782996,3.9399566260475876
