,training,testing
mae,0.004599074011298743,0.03361416388837065
