,training,testing
nrmse,0.007080108525871817,0.14455750228380448
