,training,testing
rmse,0.006603765503628199,0.04262356523881555
