,training,testing
smape,0.9624301398414994,4.032526533437373
