,arima,lstm,mlp,rf,svr,xgboost
0,0.0765454433021054,0.0357097159172007,0.0347797112881072,0.109707426951673,0.0348024226353024,0.1380711151786407
