,arima,lstm,mlp,rf,svr,xgboost
0,7.608496949183237,13.621748674869522,4.394207245839735,4.032526533437373,12.102296382575814,35.49853785596947
