,arima,lstm,mlp,rf,svr,xgboost
0,7.109349383191919,3.3866723702251136,3.242192995131523,12.971611161349571,3.2566249038657484,17.11092596412715
