,training,testing
mae,0.03889281339627533,0.09588514709648667
