,training,testing
mape,20.880545945547645,11.256661436519794
