,training,testing
nrmse,0.04890213411385404,0.3662242049838046
