,training,testing
arv,0.04469997245662995,1.234491123526898
