,training,testing
mse,0.0020804586185188163,0.0116603709033935
