,training,testing
rmse,0.045612044664965594,0.10798319731973813
