,training,testing
smape,13.511375778591752,12.102296382575814
