,training,testing
nrmse,0.17422330594818802,0.8659431192747983
