,training,testing
mae,0.14153959100355992,0.2522866242786139
