,training,testing
mse,0.026406811046036045,0.06519240558017993
