,training,testing
smape,34.70474023833423,35.49853785596947
