,training,testing
arv,5.279430984738185,1.0242455889545918
