,training,testing
mape,80.05253470713055,30.08444756209349
