,training,testing
nrmse,0.6463977445998025,0.6385511065151733
