,training,testing
rmse,0.5985934873959307,0.12197171980122133
