,training,testing
mse,0.35831416315282216,0.014877100431267649
