,training,testing
smape,54.89409716396183,10.222314197975901
