,training,testing
mae,0.5759381546175208,0.10277316074585155
