,training,testing
arv,0.9014445656241711,1.0372418945267803
