,training,testing
mape,91.94727439074958,11.012621511033696
