,arima,lstm,mlp,rf,svr,xgboost
0,1.0372418945267805,1.0018371689560408,3.104073660845656,5.789600816170287,1.148793468034415,1.0063407260973354
