,arima,lstm,mlp,rf,svr,xgboost
0,1.0361915572634586,5.682289933842657,8.182872437248383,1.7897904048038933,9.860123609195842,1.2452209699148349
