,training,testing
nrmse,0.5829966565243119,0.6451542951098196
