,training,validation,testing
arv,0.0107578598004619,6.237932283166459,9.860123609195842
