,training,validation,testing
mse,0.00043422044520960814,0.00047163694771124644,0.0006204002879907702
