,training,testing
rmse,0.5249665871387321,0.12323301629079585
