,training,validation,testing
smape,2.256756143331882,1.862138137442383,2.080704303543699
