,training,validation,testing
mae,0.016173200060064088,0.017271276679910016,0.019617072955143398
