,training,validation,testing
arv,0.010767956035388482,5.553548232732908,8.182872437248383
