,training,validation,testing
smape,2.284088460087076,1.8755692450787547,2.0949509913979574
