,training,validation,testing
rmse,0.01764465343596167,0.0361468492147525,0.056944737104507176
