,training,validation,testing
mape,1.6882789119935282,2.294030237931156,3.374046171511446
