,training,validation,testing
rmse,0.032119743545308124,0.022226579115843696,0.026983833525376817
