,training,testing
mae,0.5106023720924321,0.10383607480586209
