,training,validation,testing
arv,0.023270908433193804,9.61068932371344,5.682289933842657
