,training,validation,testing
arv,0.007782904035203833,1.7825955798637796,1.2452209699148347
