,training,validation,testing
rmse,0.020837956838654026,0.02171720395703016,0.02490783587529776
