,training,testing
smape,53.58219331846436,10.3199147966781
