,training,validation,testing
mse,0.0010316779254163628,0.0004940208191928591,0.0007281272717252498
