,training,validation,testing
mae,0.01608762613562363,0.01715004511748383,0.01948605099940419
