,training,validation,testing
mse,0.0004378048014620972,0.00046715812846486495,0.0006204702736630127
