,training,testing
mape,94.59353239314386,11.125828807549846
