,training,validation,testing
smape,2.179146983179467,3.3200564239306103,5.667993992673748
