,training,validation,testing
smape,1.676994737905828,2.31954356988199,3.442908312650418
