,training,validation,testing
nrmse,0.023141395020865894,0.14228285711637453,0.1303984742118092
