,training,validation,testing
mae,0.013313417385204062,0.030348601263761675,0.05207290558176687
