,training,validation,testing
arv,0.005799144065191827,3.408298736311633,1.7897904048038933
