,training,validation,testing
nrmse,0.02323671127349895,0.1416056632132534,0.13040582895333475
