,training,validation,testing
smape,4.459666041537927,1.9259625159999012,2.290759024867746
