,training,validation,testing
rmse,0.015322386685784383,0.026072370674688355,0.037581470623933876
