,training,validation,testing
nrmse,0.019595102261198566,0.2368204024885478,0.29811930952156895
