,training,validation,testing
mape,4.32867278023499,1.9225708149136072,2.2767733159599453
