,training,validation,testing
mse,0.00023477553374870254,0.0006797685125983493,0.0014123669342576048
