,training,validation,testing
mae,0.011649983802430429,0.021335595655838292,0.03204753362991531
