,training,validation,testing
mape,2.332207981249859,3.252815938710971,5.487256664947794
