,training,validation,testing
mape,2.2719615337576857,1.866750011697545,2.0881043693129655
