,training,validation,testing
mape,2.298983272196636,1.877548697536901,2.0996361467716933
