,training,validation,testing
mse,0.000311333794875194,0.0013065947081540537,0.0032427030839014366
