,training,testing
arv,0.9219908236879949,1.0361915572634586
