,training,testing
mse,0.27558991761208806,0.015186376304127554
