,training,validation,testing
mae,0.02540335667302139,0.01773728220362841,0.021445354843690725
