,training,validation,testing
nrmse,0.03567027607870284,0.14562008934403595,0.141266818109405
