,training,validation,testing
rmse,0.02092378554330208,0.02161384113166526,0.024909240728352454
