,training,validation,testing
nrmse,0.017016130981730927,0.17081625234683911,0.19674798133935922
