,training,testing
nrmse,0.5279280934863344,3.106208873052033
