,training,testing
smape,78.95352576401082,92.13070580287204
