,training,testing
mae,0.465952981140271,0.5927826528527196
