,training,testing
arv,1.1785186101833987,1.0018371689560408
