,training,testing
mse,0.23900878102124004,0.35203697712103016
