,training,testing
mape,59.617569887386644,63.067330536554465
