,arima,lstm,mlp,rf,svr,xgboost
0,0.103836074805862,0.0214453548436907,0.0196170729551433,0.0320475336299153,0.0194860509994041,0.0520729055817668
