,arima,lstm,mlp,rf,svr,xgboost
0,0.1027731607458515,0.5927826528527196,0.0233574169740097,0.0213710691337161,0.0671127390646055,0.3151638237092805
