,arima,lstm,mlp,rf,svr,xgboost
0,11.012621511033696,63.06733053655447,2.5002592738303644,2.2687103851910715,7.082358930933573,33.49685222014615
