,arima,lstm,mlp,rf,svr,xgboost
0,11.125828807549846,2.2767733159599453,2.0996361467716933,3.374046171511446,2.088104369312965,5.487256664947794
