,training,testing
nrmse,0.02805546581762727,0.1558814640952713
