,training,testing
mae,0.020156148502646756,0.02335741697400974
