,training,testing
rmse,0.02598062766244368,0.029775424499058137
