,training,testing
mape,2.699463198753333,2.5002592738303644
