,training,testing
arv,0.019136705107535113,3.104073660845656
