,training,testing
mse,0.0006749930137345336,0.0008865759040991115
