,training,testing
smape,2.6746919658303274,2.495824466756809
