,arima,lstm,mlp,rf,svr,xgboost
0,0.0151863763041275,0.0007281272717252,0.0006204002879907,0.0014123669342576,0.000620470273663,0.0032427030839014
