,arima,lstm,mlp,rf,svr,xgboost
0,0.0148771004312676,0.3520369771210301,0.0008865759040991,0.0007223007479599,0.0050811018099061,0.0999647384975295
