,arima,lstm,mlp,rf,svr,xgboost
0,0.6451542951098196,0.141266818109405,0.1303984742118092,0.1967479813393592,0.1304058289533347,0.2981193095215689
