,arima,lstm,mlp,rf,svr,xgboost
0,0.6385511065151733,3.106208873052033,0.1558814640952713,0.14070046951849,0.3731775102475028,1.6552360312693943
