,training,testing
arv,0.0018035074015250075,5.789600816170287
