,training,testing
mae,0.00620430589245981,0.021371069133716194
