,training,testing
mse,6.429817624455503e-05,0.0007223007479599182
