,training,testing
mape,0.8192647639112319,2.2687103851910715
