,training,testing
nrmse,0.008658988689087575,0.14070046951849002
