,training,testing
rmse,0.00801861435938623,0.026875653442473137
