,training,testing
smape,0.8184760016081559,2.2826843770047685
