,arima,lstm,mlp,rf,svr,xgboost
0,0.1232330162907958,0.0269838335253768,0.0249078358752977,0.0375814706239338,0.0249092407283524,0.0569447371045071
