,arima,lstm,mlp,rf,svr,xgboost
0,10.3199147966781,2.290759024867746,2.0949509913979574,3.442908312650418,2.080704303543699,5.667993992673748
