,arima,lstm,mlp,rf,svr,xgboost
0,10.2223141979759,92.13070580287204,2.495824466756809,2.2826843770047685,7.3722978430913795,40.26435503094408
