,training,testing
smape,5.668792678636291,7.3722978430913795
