,training,testing
mae,0.03468567617529835,0.0671127390646055
