,training,testing
mape,6.150559282141161,7.082358930933573
