,training,testing
mse,0.0016864494877580985,0.0050811018099061805
