,training,testing
nrmse,0.04434600624957874,0.37317751024750284
