,training,testing
rmse,0.04106640339447927,0.07128184768863796
