,training,testing
arv,0.06185269348776286,1.148793468034415
