,training,testing
smape,34.599126093405324,40.264355030944074
