,training,testing
arv,1.3170594922183743,1.0063407260973354
