,training,testing
nrmse,0.268818162494635,1.6552360312693943
