,training,testing
mse,0.06197000431264918,0.09996473849752956
