,training,testing
mape,34.3000213535823,33.49685222014615
