,training,testing
mae,0.23684068944120779,0.31516382370928053
