,arima,lstm,mlp,rf,svr,xgboost
0,55.87270105645894,7.357778091390227,1.0150888491561314,0.9561502232533826,1.0444297985597475,0.9839167329974896
