,arima,lstm,mlp,rf,svr,xgboost
0,0.0507772365821336,0.0503607481301006,0.0439813668163466,0.0477582674393915,0.0487585524320175,0.0551696507342102
