,arima,lstm,mlp,rf,svr,xgboost
0,23.76069263320673,22.43487999930302,19.252180187131955,19.586834747238143,22.21855813159183,22.15589216165904
