,training,validation,testing
mae,0.04835974049255052,0.04744345529961427,0.048758552432017585
