,training,testing
smape,48.05011050132066,21.079225252152597
