,training,testing
rmse,0.15180229154394026,0.06762431684764053
