,training,validation,testing
nrmse,0.05324054986305885,0.11850683402324298,0.13370562325089666
