,training,validation,testing
rmse,0.05457645937109011,0.06483281364444991,0.06589842858991565
