,training,validation,testing
mape,58386.20167330328,26.509047095867544,22.43487999930302
