,training,validation,testing
arv,0.07319276408278212,0.6978791112148711,0.9561502232533826
