,training,validation,testing
mape,17889.04805983566,21.947349663466078,19.586834747238143
