,training,validation,testing
smape,22.132858777205264,15.166870458292994,19.93013883958047
