,training,testing
mse,0.02304393571799144,0.004573048229110079
