,training,validation,testing
smape,19.490107856009253,14.743818581732896,17.993262107160792
