,training,validation,testing
mse,0.0014300569684725505,0.009028915986182072,0.0043985854542959325
