,training,validation,testing
mse,0.008284218533952599,0.013907765952016229,0.004885200218088451
