,training,validation,testing
arv,0.7114760075486918,2.102298112291581,7.357778091390227
