,training,validation,testing
mse,0.0018883674545503743,0.01191009174665014,0.005234217496704383
