,training,validation,testing
mae,0.024637478800646876,0.06812259012295348,0.04775826743939154
