,training,validation,testing
smape,11.233950105807725,22.42449090208019,20.33767133435253
