,training,testing
mape,62989.62972597426,23.760692633206734
