,training,validation,testing
arv,0.10629278838431329,0.8458117093901828,0.9839167329974895
