,training,validation,testing
mape,25189.74513538501,15.572976520230942,22.21855813159183
