,training,validation,testing
rmse,0.09101768253450863,0.11793119159923819,0.06989420732856516
