,training,validation,testing
arv,0.1995869661609378,0.3579144612071009,1.0444297985597477
