,training,testing
mae,0.12326857836052488,0.05077723658213366
