,training,validation,testing
rmse,0.043455350125736814,0.10913336678876054,0.07234789213725845
