,training,testing
nrmse,0.21371952015025633,0.13633144776604
