,training,validation,testing
mape,16965.64770886859,14.650906375158318,19.252180187131955
