,training,validation,testing
mae,0.030344966053456636,0.0810402620055882,0.055169650734210256
