,training,validation,testing
mse,0.00297858991748425,0.00420329372505597,0.004342602890620212
