,training,validation,testing
nrmse,0.061179949804285996,0.1361078404667376,0.14585423317644775
