,training,validation,testing
mae,0.041121226030620114,0.04479137124564091,0.04398136681634669
