,training,validation,testing
nrmse,0.08438621141184943,0.08620945327074366,0.13794967281859868
