,training,validation,testing
rmse,0.0378160940404023,0.09502060821833373,0.0663218324105715
