,training,validation,testing
mse,0.003592619748483114,0.004778137045729672,0.004682254737988099
