,training,validation,testing
smape,29.564944022485435,24.911226434647904,20.871452887226695
