,training,validation,testing
mae,0.0681146463299678,0.07996316984355883,0.050360748130100684
