,training,validation,testing
arv,0.15414743358192048,0.27082019785889083,1.0150888491561314
