,training,validation,testing
nrmse,0.12814204079938382,0.1470802219756541,0.14090757466772869
