,training,validation,testing
nrmse,0.07683714514225956,0.08085752796034248,0.1328520359830247
