,training,validation,testing
rmse,0.059938466350776064,0.06912406994477156,0.06842700298849935
