,training,validation,testing
mape,32551.28935597242,27.089426997304944,22.155892161659036
