,training,validation,testing
smape,14.932912675830975,26.796645299841675,24.220424831564518
