,training,testing
arv,34.08181855173869,55.87270105645894
