,arima,lstm,mlp,rf,svr,xgboost
0,0.00457304822911,0.0048852002180884,0.0043426028906202,0.0043985854542959,0.004682254737988,0.0052342174967043
