,arima,lstm,mlp,rf,svr,xgboost
0,0.13633144776604,0.1409075746677286,0.1328520359830247,0.1337056232508966,0.1379496728185986,0.1458542331764477
