,arima,lstm,mlp,rf,svr,xgboost
0,0.0676243168476405,0.0698942073285651,0.0658984285899156,0.0663218324105715,0.0684270029884993,0.0723478921372584
