,arima,lstm,mlp,rf,svr,xgboost
0,21.0792252521526,20.871452887226692,17.993262107160792,20.33767133435253,19.93013883958047,24.22042483156452
