,training,testing
mae,0.20777055506283373,0.09983657132248468
