,training,testing
mse,0.06456572906107799,0.015344036876226168
