,training,testing
arv,4.081095605737319,20.974687235043163
