,training,testing
smape,50.585816685226604,29.349983417123326
