,training,testing
mape,9600.86582380165,32.20870385801758
