,training,testing
nrmse,0.25409787299597375,0.20034359921083078
