,arima,lstm,mlp,rf,svr,xgboost
0,10.940897594676594,0.1550125346366035,0.1244798998278787,0.1226722763808051,0.1207942043918299,0.1283008244998019
