,arima,lstm,mlp,rf,svr,xgboost
0,20.974687235043163,1.136004207149811,0.1626354781063748,0.1258548171496825,0.1465152373465715,1.590078228836728
