,training,testing
mse,0.0870506121181285,0.016098515193620357
