,training,validation,testing
smape,6.936357485527565,11.748426164656166,9.863723723272267
