,training,validation,testing
arv,0.05753087839571867,0.28348986418504085,0.12079420439182999
