,training,validation,testing
mse,0.002555649448418426,0.0013458181104880622,0.0016210264874979995
