,training,validation,testing
nrmse,0.050866810066249546,0.10088996291822297,0.06521956591818755
