,training,validation,testing
rmse,0.050866810066249546,0.037005140694127095,0.040324802502654744
