,training,validation,testing
mape,2949.410767915153,11.855535123747627,9.878674476820844
