,training,validation,testing
nrmse,0.037066398088910366,0.10519204097180189,0.06766499508497481
