,training,testing
nrmse,0.29504340717617894,0.20521002147172676
