,training,validation,testing
arv,0.07610982532344279,0.37809330052121826,0.15501253463660353
