,training,validation,testing
rmse,0.03769099981187993,0.03768405506875731,0.040915281169352044
