,training,testing
arv,2.1835006215335993,10.940897594676594
