,training,validation,testing
arv,0.05793957623252054,0.3024869677906477,0.1244798998278787
