,training,validation,testing
rmse,0.037066398088910366,0.03858308758839689,0.04183679429218349
