,training,validation,testing
arv,0.03190873398813195,0.2857984367287247,0.12267227638080519
