,training,validation,testing
mape,3256.7676096393725,12.16845522421523,9.959175010499406
