,training,validation,testing
mae,0.027069566998797936,0.03023487686471405,0.03277911214862439
