,training,validation,testing
mape,4006.0860995599887,12.480272868814184,10.366924540638788
