,training,validation,testing
smape,9.301007635521684,11.71561996335412,9.694111999213733
