,training,validation,testing
rmse,0.056571921968099965,0.04284600972000454,0.04430985512279229
