,training,validation,testing
mae,0.04321378563278781,0.0336560273562825,0.035148244401688004
