,training,validation,testing
mse,0.0014206114668191328,0.0014200880064251336,0.0016740602331671338
