,training,testing
smape,59.093434601329974,30.08880415710245
