,training,validation,testing
mape,2815.089833518685,12.133486852544213,10.087939511154
