,training,validation,testing
mae,0.03755160999561397,0.028666902265425554,0.03144329057368947
