,training,validation,testing
nrmse,0.056571921968099965,0.11681437364541944,0.07166481514239381
