,training,testing
mae,0.2558314242365368,0.10221253936576857
