,training,validation,testing
nrmse,0.05055343161861939,0.10001821206482707,0.06511794859227212
