,training,validation,testing
smape,9.030165253469141,11.530176737546578,9.679262350000577
