,training,validation,testing
rmse,0.05055343161861939,0.03668539369405843,0.04026197321913072
