,training,validation,testing
arv,0.031596629011786066,0.30075947723138285,0.12830082449980193
