,training,validation,testing
mse,0.0013739178672855779,0.0014886546478539058,0.0017503173566464773
