,training,testing
rmse,0.29504340717617894,0.1268799243127941
