,training,validation,testing
mse,0.002587432366315906,0.0013693804377921412,0.0016260896968781102
