,training,validation,testing
mae,0.02766174735598416,0.029528443106417515,0.032181272639115265
