,training,validation,testing
smape,10.432527012318936,13.679846642689741,10.951918562782113
