,training,validation,testing
smape,7.155705465298744,12.12146192772753,10.092733310113696
