,training,validation,testing
mse,0.0032003823551647916,0.0018357805489267235,0.0019633632610028423
