,training,validation,testing
mae,0.038360395893810066,0.02905051254547051,0.031534521619839585
