,training,testing
mape,12320.63623729282,31.828933899669103
