,training,validation,testing
nrmse,0.03769099981187993,0.10274093942571026,0.06617458020061119
