,training,validation,testing
mape,3428.2229529613196,13.69950609229192,10.939368311474581
