,training,testing
smape,30.589544828323024,26.629053765699624
