,training,testing
mae,0.11619599475763803,0.0887514180853811
