,training,testing
mape,8240.657760581262,34.65718284110609
