,training,testing
rmse,0.1361545005838782,0.10290692133473518
