,training,testing
mse,0.018538048029245288,0.010589834458593374
