,training,testing
arv,2.1360045020504628,1.1360042071498113
