,training,testing
nrmse,0.1361545005838782,0.16643713850766298
