,arima,lstm,mlp,rf,svr,xgboost
0,0.0998365713224846,0.0887514180853811,0.0357778665816049,0.0321981459019289,0.0339700944302702,0.1159427274630927
