,arima,lstm,mlp,rf,svr,xgboost
0,0.1022125393657685,0.035148244401688,0.0315345216198395,0.0321812726391152,0.0314432905736894,0.0327791121486243
