,arima,lstm,mlp,rf,svr,xgboost
0,31.828933899669103,10.93936831147458,9.959175010499406,10.087939511154,9.878674476820844,10.366924540638788
