,arima,lstm,mlp,rf,svr,xgboost
0,32.20870385801758,34.65718284110609,10.958613149838817,10.092093840187957,10.31847452335706,46.27705453598103
