,training,testing
mae,0.042042238597195254,0.03577786658160495
