,training,testing
arv,0.06929578927732467,0.1626354781063748
