,training,testing
smape,11.484444392874456,11.084932044136771
