,training,testing
mse,0.003014091609624045,0.0020526491069995756
