,training,testing
mape,2957.6203560620575,10.958613149838815
