,training,testing
nrmse,0.05490074325201841,0.07327621229627648
