,arima,lstm,mlp,rf,svr,xgboost
0,0.0160985151936203,0.0019633632610028,0.0016260896968781,0.0016740602331671,0.0016210264874979,0.0017503173566464
