,arima,lstm,mlp,rf,svr,xgboost
0,0.0153440368762261,0.0105898344585933,0.0020526491069995,0.0016603052596975,0.0018654407281425,0.0184315531853204
