,arima,lstm,mlp,rf,svr,xgboost
0,0.2052100214717267,0.0716648151423938,0.0652195659181875,0.0661745802006111,0.0651179485922721,0.0676649950849748
