,arima,lstm,mlp,rf,svr,xgboost
0,0.2003435992108307,0.1664371385076629,0.0732762122962764,0.0659021565950627,0.0698548206811593,0.2195768860473353
