,training,testing
arv,0.007106631266123188,0.12585481714968255
