,training,testing
mape,1070.8855944636396,10.092093840187957
