,training,testing
mse,0.00033525254775989004,0.001660305259697558
