,training,testing
mae,0.01367957658965471,0.03219814590192897
