,training,testing
nrmse,0.018309902997009297,0.0659021565950627
