,training,testing
rmse,0.018309902997009297,0.040746843555023476
