,training,testing
smape,3.915178459604744,9.866865872491532
