,arima,lstm,mlp,rf,svr,xgboost
0,0.1238710493869579,0.1029069213347351,0.0453061707386485,0.0407468435550234,0.0431907481776197,0.1357628564273766
