,arima,lstm,mlp,rf,svr,xgboost
0,0.1268799243127941,0.0443098551227922,0.0403248025026547,0.040915281169352,0.0402619732191307,0.0418367942921834
