,arima,lstm,mlp,rf,svr,xgboost
0,30.08880415710245,10.951918562782112,9.694111999213732,9.863723723272267,9.679262350000576,10.092733310113696
