,arima,lstm,mlp,rf,svr,xgboost
0,29.34998341712333,26.629053765699624,11.084932044136773,9.866865872491532,10.323974946291235,32.90508830273859
