,training,testing
arv,0.052453166750128,0.14651523734657151
