,training,testing
mse,0.0024089548824417473,0.0018654407281425657
