,training,testing
mape,2922.141925800235,10.31847452335706
