,training,testing
smape,10.772990719124065,10.323974946291237
