,training,testing
rmse,0.04908110514690707,0.043190748177619774
