,training,testing
mae,0.03837456035457513,0.0339700944302702
