,training,testing
nrmse,0.04908110514690707,0.06985482068115932
