,training,testing
mape,11122.486375524642,46.27705453598103
