,training,testing
mae,0.13927186711602463,0.11594272746309277
