,training,testing
mse,0.02625463829765491,0.018431553185320478
