,training,testing
nrmse,0.16203283092526313,0.2195768860473353
