,training,testing
smape,35.90207470957291,32.90508830273859
