,training,testing
arv,5.043747709588464,1.5900782288367281
