,arima,lstm,mlp,rf,svr,xgboost
frontend,0.2412555347459479,0.1435681855057166,0.0420117939813759,0.0390649159590192,0.058001477969715,0.1870677589692319
