,training,testing
rmse,0.05038427629755882,0.05800147796971504
