,training,testing
rmse,0.16469345937110197,0.18706775896923192
