,arima,lstm,mlp,rf,svr,xgboost
0,55.87270105645894,5.682070738798231,1.0440280075474362,0.9691896701303933,1.0462516010330056,1.0545044619369497
