,arima,lstm,mlp,rf,svr,xgboost
0,0.0507772365821336,0.0500869109964647,0.0439261546833738,0.0456067799784161,0.0480306668847923,0.0552451557853863
