,arima,lstm,mlp,rf,svr,xgboost
0,23.76069263320673,21.222747566579663,19.13815560208513,19.273930611497185,21.81204255738888,21.953166779473584
