,training,validation,testing
mape,24643.92744176742,15.828743551185868,21.81204255738888
