,training,testing
arv,34.07328138113861,55.87270105645894
