,training,validation,testing
mse,0.007899218692632711,0.013972622500001813,0.005112549707180517
