,training,validation,testing
mse,0.0025688927070226302,0.011752944499046132,0.005390998666777572
