,training,validation,testing
nrmse,0.07135737177432447,0.13520692398799725,0.14802251132396643
