,training,validation,testing
mse,0.0035927232101313654,0.004705622113482638,0.0045916540614920585
