,training,validation,testing
arv,0.16036500672309764,0.29564151823523566,1.0440280075474362
