,training,validation,testing
mae,0.0650908811482098,0.08290705969320133,0.0500869109964647
