,training,validation,testing
smape,21.848470936701958,15.257550441356264,19.668269792680988
