,training,testing
rmse,0.14974694965726879,0.06762431684764053
