,training,validation,testing
mape,52996.82936929971,26.85029977741517,21.222747566579663
