,training,validation,testing
arv,0.49808157374959916,1.5082467181492356,5.682070738798231
