,training,validation,testing
mape,16835.9228415345,20.711749399301183,19.273930611497182
