,training,validation,testing
rmse,0.05479079613009241,0.06468816102431629,0.06614748850730656
