,training,testing
nrmse,0.21082584392642278,0.13633144776604
