,training,testing
mae,0.12066280778427262,0.05077723658213366
