,training,validation,testing
mse,0.001428898422495365,0.00867023576691931,0.004121276978403876
