,training,validation,testing
rmse,0.05068424515589268,0.10841099805391578,0.07342342042412334
