,training,testing
mape,61442.141398126136,23.760692633206734
