,training,validation,testing
mse,0.0030020313405693497,0.004184558176707873,0.0043754902358242535
