,training,validation,testing
arv,0.2034949401054888,0.34483308170698856,1.0462516010330056
