,training,validation,testing
mae,0.024603709756308264,0.06543129402968602,0.04560677997841611
