,training,validation,testing
mae,0.048035090614040044,0.04737224791785557,0.04803066688479234
