,training,validation,testing
arv,0.07535019011773836,0.7100473260477247,0.9691896701303933
