,training,validation,testing
rmse,0.08887754886715042,0.11820584799408959,0.07150209582369259
