,training,testing
smape,47.03127866526657,21.079225252152597
