,training,validation,testing
smape,28.049058299018387,25.571805774200328,20.858614778171972
