,training,validation,testing
mape,16397.5108814004,14.222282950792934,19.13815560208513
