,training,validation,testing
rmse,0.03780077277643097,0.09311410079531085,0.06419717266674504
