,training,validation,testing
mae,0.036048504123991965,0.08049264210077524,0.055245155785386364
