,training,validation,testing
nrmse,0.08438742649642235,0.08555277755931168,0.1366085042414706
