,training,validation,testing
nrmse,0.07713890573374098,0.08067712157938339,0.13335414381495878
