,training,validation,testing
smape,11.222315380570135,20.91468557205974,19.307397692417908
