,training,validation,testing
arv,0.15563751881185336,0.8899848111487573,1.0545044619369497
