,training,validation,testing
rmse,0.05993932941009071,0.06859753722607421,0.06776174482325598
