,training,validation,testing
mae,0.04092460867811392,0.04386575002867082,0.043926154683373804
