,training,testing
mse,0.02242414893165659,0.004573048229110079
