,training,validation,testing
nrmse,0.053218979350843625,0.11612909552018992,0.12942228328697963
