,training,validation,testing
mape,31789.711028060476,26.819358920258907,21.953166779473584
