,training,validation,testing
nrmse,0.12512898786195298,0.14742276513979896,0.14414909748977742
