,training,validation,testing
smape,19.397997122535195,14.206768843035661,18.299308644611266
