,training,validation,testing
smape,17.172271244366566,26.365222152734574,24.147219419312993
