,arima,lstm,mlp,rf,svr,xgboost
0,0.00457304822911,0.0051125497071805,0.0043754902358242,0.0041212769784038,0.004591654061492,0.0053909986667775
