,arima,lstm,mlp,rf,svr,xgboost
0,0.13633144776604,0.1441490974897774,0.1333541438149587,0.1294222832869796,0.1366085042414706,0.1480225113239664
