,arima,lstm,mlp,rf,svr,xgboost
0,0.0676243168476405,0.0715020958236925,0.0661474885073065,0.064197172666745,0.0677617448232559,0.0734234204241233
