,arima,lstm,mlp,rf,svr,xgboost
0,21.0792252521526,20.85861477817197,18.299308644611266,19.307397692417908,19.668269792680988,24.147219419312997
