,training,testing
rmse,0.4888852432025741,0.5933270406116935
