,arima,lstm,mlp,rf,svr,xgboost
frontend,0.1219717198012213,0.5933270406116935,0.0297754244990581,0.0268756534424731,0.0712818476886379,0.3161720077703425
