,training,testing
rmse,0.24893775188317496,0.31617200777034254
