,arima,lstm,mlp,rf,svr,xgboost
0,8.361877346265686,3.451625705849563,1.1319251955169654,1.1870444694526483,1.095684635355482,1.1547700676214612
