,arima,lstm,mlp,rf,svr,xgboost
0,0.0472857543118132,0.0433117944058483,0.0507379566351188,0.040582799489445,0.0410672776131767,0.043280847464092
