,arima,lstm,mlp,rf,svr,xgboost
0,51.62780736663005,53.69742061741704,65.29374218533076,50.25135942739959,52.71186746428813,53.04339574180622
