,training,testing
nrmse,0.1843465031250282,0.1870457320927263
