,training,validation,testing
mae,0.04087839072989377,0.049221753962720355,0.04058279948944505
