,training,validation,testing
mape,18371.132186838397,42.63518596183518,50.25135942739959
