,training,validation,testing
nrmse,0.06538317871069362,0.16712636874234962,0.1567781218790821
