,training,validation,testing
arv,0.2828442193126744,1.3635222600304775,1.1870444694526483
