,training,validation,testing
smape,28.210547310773237,36.45021735318439,37.06687967767414
