,training,validation,testing
smape,31.334607151779547,35.726481090861924,33.42295460106574
