,training,testing
mae,0.14628543758460558,0.047285754311813255
