,training,validation,testing
mape,22346.779688745282,48.018462426797335,52.71186746428813
