,training,testing
mape,23654.43753368963,51.62780736663005
