,training,validation,testing
rmse,0.08914215232995111,0.06727997148860124,0.060957739363354455
