,training,validation,testing
nrmse,0.06131127662174696,0.17268720941719182,0.14986667183273053
