,training,validation,testing
rmse,0.07405152290811312,0.0679572322375199,0.05197260067466672
