,training,validation,testing
rmse,0.06131127662174696,0.07371718257606874,0.05442897881846212
