,training,validation,testing
mape,22868.210214771385,56.7318822483993,53.69742061741704
