,training,validation,testing
nrmse,0.08224135655265882,0.22069531137794593,0.1624769423272617
