,training,validation,testing
mse,0.006763640727621558,0.008875714568075078,0.003482039727630579
