,training,validation,testing
arv,0.32080865534013264,0.9054778461318599,1.1547700676214612
