,training,validation,testing
mae,0.060185268399006425,0.06525795969448984,0.0433117944058483
