,training,testing
smape,77.19787339588038,38.12384771236799
