,training,validation,testing
mse,0.0037590726409883752,0.005434223006953454,0.002962513735220598
