,training,validation,testing
mape,30386.640695024562,58.83946037118726,65.29374218533076
