,training,validation,testing
arv,0.7693784568950303,3.4280103862944995,3.451625705849563
