,training,testing
rmse,0.1843465031250282,0.06793176938980569
