,training,validation,testing
mae,0.053677801900559916,0.0493998647723712,0.041067277613176724
