,training,validation,testing
mse,0.004274960058314499,0.005089874428617249,0.003242060851067229
