,training,validation,testing
mse,0.0054836280450108014,0.004618185413384214,0.0027011512208883672
