,training,validation,testing
mse,0.007946323322016207,0.0045265945635069955,0.003715845988290653
