,training,validation,testing
arv,0.49645730787310044,1.2266845462881841,1.095684635355482
