,training,validation,testing
arv,0.7539111945337666,0.852118780121109,1.1319251955169654
