,training,validation,testing
smape,36.75315279078419,38.63424961633113,39.752033966662204
