,training,validation,testing
smape,33.917992688763526,44.20748659618504,34.4921234428477
