,training,validation,testing
nrmse,0.07405152290811312,0.15919415778951723,0.14310319353193227
