,training,validation,testing
rmse,0.06538317871069362,0.07134335588278175,0.05693909773668027
