,training,validation,testing
nrmse,0.08914215232995111,0.15760763122011293,0.16784319160759675
