,training,testing
mse,0.03398363321442604,0.004614725292429741
