,training,validation,testing
smape,25.322924682386112,34.716877527670796,32.906183611196674
