,training,validation,testing
mae,0.06534389259756561,0.052109588514635825,0.050737956635118854
