,training,validation,testing
rmse,0.08224135655265882,0.09421101086430969,0.059008810593254454
