,training,validation,testing
mape,17851.064174552557,44.09899556149775,53.04339574180622
