,training,validation,testing
mae,0.045003246619138355,0.050085321492012995,0.04328084746409201
