,training,testing
arv,2.197073168663715,8.361877346265686
