,arima,lstm,mlp,rf,svr,xgboost
0,0.0046147252924297,0.0034820397276305,0.0037158459882906,0.0029625137352205,0.0027011512208883,0.0032420608510672
