,arima,lstm,mlp,rf,svr,xgboost
0,0.1870457320927263,0.1624769423272617,0.1678431916075967,0.1498666718327305,0.1431031935319322,0.1567781218790821
