,arima,lstm,mlp,rf,svr,xgboost
0,0.0679317693898056,0.0590088105932544,0.0609577393633544,0.0544289788184621,0.0519726006746667,0.0569390977366802
