,arima,lstm,mlp,rf,svr,xgboost
0,38.12384771236799,34.4921234428477,39.75203396666221,32.906183611196674,33.42295460106574,37.06687967767414
