,arima,lstm,mlp,rf,svr,xgboost
0,1.408891848108483,1.8305283856666712,0.3941508664059828,0.5179905772342465,0.4947359484813822,0.4530620414112323
