,arima,lstm,mlp,rf,svr,xgboost
0,0.1411502460528371,0.0756168715812699,0.0397482360171487,0.0515000846622919,0.0490522241129853,0.0457958691084618
