,arima,lstm,mlp,rf,svr,xgboost
0,72.68999600592618,34.21739173392264,17.55916374586837,22.490450877156785,23.052076546355885,19.465521994138346
