,training,validation,testing
mae,0.01376134226831915,0.047457502366701855,0.04905222411298538
