,training,validation,testing
arv,0.0748863664692881,0.5045474094372231,0.5179905772342465
