,training,validation,testing
rmse,0.05739806690863431,0.06484494286171678,0.05298586515722452
