,training,validation,testing
smape,10.7300876876805,12.301432162553198,20.62053668647403
