,training,validation,testing
smape,5.101918973741677,13.252748085550422,19.327019460731645
