,training,validation,testing
mape,8841.230964821187,13.217326538757076,22.490450877156785
