,training,validation,testing
arv,0.05671667355373308,0.7971495293124082,0.45306204141123235
