,training,validation,testing
mse,0.0011741407053380364,0.004048036862169733,0.0039214079269218214
