,training,validation,testing
rmse,0.04189600207463545,0.05594881294744436,0.0672851646501179
