,training,testing
mae,0.1286882076519338,0.14115024605283719
