,training,validation,testing
nrmse,0.035778909890577706,0.14603288986895074,0.1437011744192519
