,training,validation,testing
mse,0.0032945380848480614,0.004204866614739314,0.0028075019064595793
