,training,testing
arv,7.9584347073709845,1.408891848108483
