,training,validation,testing
smape,17.93296128358383,14.102239528312182,16.357388348909126
