,training,validation,testing
nrmse,0.05739806690863431,0.1372427130086961,0.11966338446846882
