,training,validation,testing
nrmse,0.04189600207463545,0.11841427472452297,0.15195695121066585
