,training,validation,testing
mae,0.07171799329145097,0.07481080425694205,0.07561687158126995
