,training,validation,testing
mape,26775.3260387192,22.695694186909286,34.21739173392264
