,training,validation,testing
mse,0.0017552749898378584,0.003130269670228118,0.004527293381993476
