,training,testing
smape,43.700672065898424,47.908986524683854
