,training,validation,testing
mae,0.025785986703240574,0.04350510674194862,0.051500084662291994
