,training,validation,testing
rmse,0.035778909890577706,0.06899815802157362,0.0636295813003651
