,training,testing
nrmse,0.17594451508684555,0.351665536575214
