,training,validation,testing
mse,0.0012801303929580793,0.004760745810370045,0.004048723616459771
