,training,validation,testing
mape,204.87807616220235,14.85441100856625,23.052076546355885
