,training,validation,testing
mape,13089.571869532003,16.793778695525884,19.465521994138342
