,training,testing
rmse,0.17594451508684555,0.1557143213371769
