,training,validation,testing
arv,0.13982138577606432,0.5494205402454911,0.39415086640598285
