,training,validation,testing
mape,5036.698886056458,15.124364179548103,17.55916374586837
