,training,validation,testing
rmse,0.03426573660871799,0.06362418456978237,0.06262114600453925
