,training,validation,testing
mse,0.009943560496602938,0.008899661631592042,0.008085654582890107
