,training,validation,testing
arv,0.04688933763699283,0.8558779588623,0.4947359484813822
