,training,validation,testing
mae,0.02276380795071015,0.051949333940502274,0.04579586910846185
