,training,validation,testing
smape,27.29187049075546,20.397902426243437,29.004896300689925
