,training,testing
mape,96105.67032953771,72.68999600592618
