,training,validation,testing
smape,10.623082853367915,14.335544439889233,19.73876789218488
