,training,validation,testing
nrmse,0.03426573660871799,0.1346590083662196,0.1414237221183805
