,training,validation,testing
nrmse,0.09971740317819622,0.1996640748308626,0.2030761139739258
