,training,testing
mse,0.03095647238914522,0.024246949869497582
