,training,validation,testing
arv,0.6422277155820604,8.180662288195485,1.8305283856666712
