,training,validation,testing
mae,0.04167618530300798,0.0503735238880401,0.03974823601714878
