,training,validation,testing
rmse,0.09971740317819622,0.09433801795454494,0.08992026792047557
