,arima,lstm,mlp,rf,svr,xgboost
0,0.0242469498694975,0.0080856545828901,0.0028075019064595,0.0045272933819934,0.0039214079269218,0.0040487236164597
