,arima,lstm,mlp,rf,svr,xgboost
0,0.351665536575214,0.2030761139739258,0.1196633844684688,0.1519569512106658,0.1414237221183805,0.1437011744192519
