,arima,lstm,mlp,rf,svr,xgboost
0,0.1557143213371769,0.0899202679204755,0.0529858651572245,0.0672851646501179,0.0626211460045392,0.0636295813003651
