,arima,lstm,mlp,rf,svr,xgboost
0,47.908986524683854,29.004896300689925,16.357388348909126,20.62053668647403,19.327019460731645,19.73876789218488
