,training,testing
rmse,0.03088308836556371,0.029959314144618384
