,arima,lstm,mlp,rf,svr,xgboost
0,0.9534504655331262,0.9866602828524508,0.293531593181031,1.0001758030238632,0.2554312271795999,1.0001973919333031
