,arima,lstm,mlp,rf,svr,xgboost
0,0.0974431662739432,0.0157674585997523,0.00266614514369,0.5810786444794512,0.0017637894965221,0.548382244565344
