,arima,lstm,mlp,rf,svr,xgboost
0,9.960341916990409,1.6190929171558297,0.2726873996211452,59.5728976315925,0.1803609727920901,56.22047312940244
