,training,validation,testing
smape,3.3790529258650066,0.7500215666150102,0.18042840463105825
