,training,validation,testing
mae,0.0027374953330803753,0.35286884450862116,0.5810786444794512
