,training,validation,testing
smape,14.125524769739975,48.65102658148564,78.20537690715827
