,training,validation,testing
mape,24.687349047742728,35.51206747960609,56.220473129402436
