,training,validation,testing
nrmse,0.026009629697519163,0.6962074064703895,14.515163655008331
