,training,testing
mse,1.1161833597746829,0.013151448820745712
