,training,validation,testing
mae,0.002944911191280572,0.004707374440934145,0.0017637894965221042
