,training,validation,testing
rmse,0.02653840291019368,0.049550424393736546,0.016494963278049123
