,training,validation,testing
nrmse,0.017622180158212347,0.7400605586433716,15.380440699544506
