,training,validation,testing
mse,4.861061250836724e-05,0.19343960737403773,0.3377117513814414
