,training,validation,testing
mse,0.00010589614678682105,0.17119385115978555,0.3007824464658897
