,training,testing
smape,137.25929442669843,9.324368198024588
