,training,validation,testing
arv,0.0022830550525333427,1.555740070731641,1.0001758030238632
