,training,validation,testing
nrmse,0.022752327139378734,0.03621546789639112,0.10254729856083965
