,training,validation,testing
mape,3.909189245350341,37.70320856948542,59.572897631592504
