,training,validation,testing
rmse,0.01029058534714236,0.41375578685957437,0.5484363650104629
