,training,validation,testing
smape,4.4929986729451175,0.9979943086657046,0.27327269472948756
