,training,validation,testing
mape,20.790548917497315,3.5146420183391305,1.6190929171558295
