,training,validation,testing
arv,0.0037748124783895704,0.006533441045800565,0.2554312271795999
