,training,validation,testing
mse,0.0007042868290237764,0.0024552445575994016,0.00027208381354418905
