,training,validation,testing
mse,8.103328901190654e-05,0.0004632325674513496,1.5012639710764204e-05
