,training,validation,testing
rmse,0.006972131131036423,0.4398176978863376,0.5811297199261464
