,training,validation,testing
arv,0.0038550449565317372,0.0070885683002113635,0.29353159318103106
