,training,validation,testing
mae,0.00675933115575131,0.33203271104143817,0.548382244565344
