,training,validation,testing
mse,8.217640039795838e-05,0.0005014267272317168,1.8022919324160622e-05
