,training,testing
nrmse,2.670311106263732,3.035166308001707
