,training,validation,testing
nrmse,0.022912245134679616,0.03767890713876786,0.11235910273222073
