,training,validation,testing
mae,0.00386941900543663,0.006626633482140195,0.0026661451436900538
