,training,validation,testing
rmse,0.009065119988061844,0.022392559640016966,0.00424534089610724
