,training,validation,testing
arv,0.005336923433973563,1.578455564636359,1.0001973919333031
