,training,testing
rmse,1.0564957925967726,0.11467976639645597
