,training,validation,testing
rmse,0.00900184919957597,0.021522838275918665,0.0038746147822414814
