,training,validation,testing
arv,0.033129491256743956,0.03304040935372341,0.9866602828524509
