,training,validation,testing
mape,4.6623085966839914,0.950923102080199,0.2726873996211452
