,training,testing
mape,1493.748949933544,9.960341916990407
