,training,validation,testing
smape,3.5143903607598173,52.9441175702045,84.84682168137651
