,training,validation,testing
mape,3.3873860471211965,0.7049329304469468,0.18036097279209012
