,training,validation,testing
nrmse,0.06707626526312056,0.08337616911296178,0.436563121520339
