,training,validation,testing
smape,14.18527315850669,3.7094023236232987,1.6049354913380252
