,training,validation,testing
mae,0.01095824926371538,0.025783306155502624,0.0157674585997523
