,training,testing
mae,1.0493553489764869,0.09744316627394327
