,training,testing
arv,0.9746129272240134,0.9534504655331262
