,arima,lstm,mlp,rf,svr,xgboost
0,0.0131514488207457,0.0002720838135441,1.8022919324160625e-05,0.3377117513814414,1.5012639710764204e-05,0.3007824464658897
