,arima,lstm,mlp,rf,svr,xgboost
0,3.035166308001707,0.436563121520339,0.1123591027322207,15.380440699544506,0.1025472985608396,14.515163655008331
