,arima,lstm,mlp,rf,svr,xgboost
0,0.1146797663964559,0.0164949632780491,0.0042453408961072,0.5811297199261464,0.0038746147822414,0.5484363650104629
