,arima,lstm,mlp,rf,svr,xgboost
0,9.324368198024588,1.6049354913380252,0.2732726947294875,84.84682168137651,0.1804284046310582,78.20537690715827
