,training,testing
mae,0.5534425776476573,0.12952128686900866
