,training,testing
arv,0.952273942650642,1.2719781717058873
