,training,testing
smape,137.40121284075937,61.94963884754012
