,training,testing
rmse,0.5558574067926546,0.15069239145522997
