,training,testing
mape,81.06158610731546,32626.024945627694
