,training,testing
nrmse,0.8766530223343446,0.3764168881067085
