,training,testing
mse,0.30897745668625465,0.022708196842496267
