,arima,lstm,mlp,rf,svr,xgboost
0,1.2719781717058871,1.1535112452372212,0.590769837232738,1.373447637937395,1.159122273760294,1.1701269746605247
