,arima,lstm,mlp,rf,svr,xgboost
0,1.246002456302353,1.198600571095938,0.1881069292280535,1.0700870761515413,0.0131737258179714,1.0778884967107962
