,training,validation,testing
mse,0.0009039111125583347,0.011131729753453569,0.16822271279688736
