,training,validation,testing
arv,0.2796220398872447,0.042786484852950446,0.1881069292280535
