,training,validation,testing
mape,2.9415912343087394,18.185116115910745,71005.7982063987
