,training,validation,testing
mse,0.0012770324480528505,0.0007151888371242617,0.03148497839764813
