,training,validation,testing
nrmse,0.08301799115818342,0.048548850818988895,0.032612366944767684
