,training,validation,testing
mae,0.027239531362818557,0.021257417687801285,0.1585996597082145
