,training,validation,testing
arv,0.2089788447564501,1.7644854206410105,1.0778884967107962
