,training,validation,testing
arv,0.279294782522576,0.04092752045730153,0.013173725817971441
