,training,validation,testing
mae,0.026189905326629417,0.011195671771503879,0.03776178653162574
