,training,validation,testing
mape,3.3385284778989313,2.1875280500563306,174.2142897425843
