,training,validation,testing
mae,0.02611124003355006,0.011179001774669213,0.01069609486561894
