,training,testing
nrmse,1.3475114578331664,0.38530321816493557
