,training,testing
mse,0.312150549415913,0.023793028397875768
