,training,validation,testing
arv,0.03624699721372609,1.496580970918079,1.0700870761515413
