,training,validation,testing
smape,1.2718112071954255,18.561019974400065,107.35217586417124
