,training,validation,testing
mse,0.001184796086115922,0.000212709928582699,0.00017045474316592044
