,training,validation,testing
mae,0.009956770720061871,0.1006682574265305,0.41645980082433637
