,training,validation,testing
nrmse,0.07251256664341221,0.35120961794826455,1.0245191747925897
