,training,validation,testing
arv,0.3144943465274132,0.20628704752400326,1.198600571095938
