,training,validation,testing
nrmse,0.031420740549971675,0.407228762114683,1.0761193025016549
