,training,validation,testing
mape,3.456794760338624,4.524227076929065,38658.48201504421
