,training,testing
mape,73.02149186744771,33050.51467859128
