,training,validation,testing
rmse,0.034448581877300995,0.014688977488524796,0.04549879447411329
