,training,testing
arv,0.9761304216679062,1.246002456302353
