,training,testing
smape,117.70782367696178,63.11434538904871
