,training,validation,testing
rmse,0.0130276475848011,0.12233574488838701,0.4308068960474943
