,training,validation,testing
mape,3.3488173320333834,2.1962217956233805,9366.785095296937
