,training,validation,testing
smape,3.4748681717771768,4.362621145325678,68.44453240937439
