,training,validation,testing
rmse,0.034420867015749645,0.014584578450634047,0.01305583176844434
