,training,validation,testing
smape,3.329871130891345,2.180395418885632,16.089654420893844
