,training,validation,testing
nrmse,0.08308483526557234,0.0488963722323338,0.11365215232940727
