,training,validation,testing
rmse,0.03573559077520407,0.026743014735146477,0.1774400698761363
