,training,validation,testing
nrmse,0.08618890853768757,0.08902160849017918,0.44323033355042163
