,training,validation,testing
smape,2.939670142147501,15.724811219432263,104.98367889446887
