,training,validation,testing
mse,0.0011867047933571107,0.0002157660596583882,0.002070140298597602
