,training,validation,testing
rmse,0.03006511454424105,0.10550701281646432,0.41014962245123104
