,training,testing
mae,0.5559130472220872,0.13399110544055173
