,training,validation,testing
mae,0.022980419136917906,0.08317174168760964,0.3950530303863732
