,training,validation,testing
mse,0.0001697196015937739,0.014966034477396509,0.18559458168207654
