,training,validation,testing
smape,3.3397894505719075,2.181255927441864,32.954687308731934
