,training,validation,testing
mape,1.2732496216916083,21.762002700929138,73557.60037923782
