,training,testing
rmse,0.55870434884285,0.15424988945822868
