,training,testing
mae,0.252307959231776,0.20019345000474706
