,training,testing
arv,1.2562722810761455,1.1535112452372212
