,training,testing
mse,0.07828295473421717,0.047078302961103255
