,training,testing
nrmse,0.4412634357184398,0.5419861324616795
