,training,testing
mape,33.28733087800084,41447.2237934702
