,training,testing
smape,41.22282291864761,77.35281152586208
