,arima,lstm,mlp,rf,svr,xgboost
0,0.1339911054405517,0.1585996597082145,0.0377617865316257,0.4164598008243363,0.0106960948656189,0.3950530303863732
