,arima,lstm,mlp,rf,svr,xgboost
0,0.1295212868690086,0.200193450004747,0.0493918658264938,0.1799267741587774,0.4007128820314827,0.2674947152355079
