,arima,lstm,mlp,rf,svr,xgboost
0,32626.02494562769,41447.2237934702,21061.769635433106,45280.84956476192,79080.62310424223,55757.65158758519
