,arima,lstm,mlp,rf,svr,xgboost
0,33050.51467859128,38658.48201504421,9366.785095296937,73557.60037923782,174.2142897425843,71005.7982063987
