,training,testing
arv,0.0658523219830238,0.590769837232738
