,training,testing
mae,0.024386135692845864,0.04939186582649383
