,training,testing
smape,3.318452188837572,36.58697285702162
