,training,testing
mape,3.364013701398761,21061.769635433102
