,training,testing
nrmse,0.05198085692201666,0.16545865106161814
