,training,testing
mse,0.001086321048825598,0.004387563438200339
