,arima,lstm,mlp,rf,svr,xgboost
0,0.0237930283978757,0.0314849783976481,0.0020701402985976,0.1855945816820765,0.0001704547431659,0.1682227127968873
