,arima,lstm,mlp,rf,svr,xgboost
0,0.0227081968424962,0.0470783029611032,0.0043875634382003,0.0443986138821251,0.1917512950686245,0.0837265900058968
