,arima,lstm,mlp,rf,svr,xgboost
0,0.3853032181649355,0.4432303335504216,0.1136521523294072,1.0761193025016549,0.0326123669447676,1.0245191747925897
