,arima,lstm,mlp,rf,svr,xgboost
0,0.3764168881067085,0.5419861324616795,0.1654586510616181,0.5263352790635687,1.0938226894496683,0.7227855754006155
