,training,testing
arv,0.008295694298575927,1.373447637937395
