,training,testing
mse,0.00013690766607960157,0.04439861388212517
