,training,testing
mape,1.1671324923247188,45280.84956476192
