,training,testing
mae,0.008568064944802856,0.17992677415877745
