,training,testing
nrmse,0.01845347755226838,0.5263352790635687
