,training,testing
rmse,0.0117007549363108,0.2107097859192239
