,training,testing
smape,1.1659038422026435,71.8758991757559
