,arima,lstm,mlp,rf,svr,xgboost
0,0.1506923914552299,0.2169753510450052,0.0662386853598434,0.2107097859192239,0.4378941596648949,0.2893554734334515
