,arima,lstm,mlp,rf,svr,xgboost
0,0.1542498894582286,0.1774400698761363,0.0454987944741132,0.4308068960474943,0.0130558317684443,0.410149622451231
