,arima,lstm,mlp,rf,svr,xgboost
0,61.94963884754012,77.35281152586208,36.58697285702162,71.8758991757559,102.58378169501998,87.80590384701
