,arima,lstm,mlp,rf,svr,xgboost
0,63.11434538904871,68.44453240937439,32.954687308731934,107.35217586417124,16.089654420893844,104.98367889446888
