,training,testing
smape,4.945028777136369,102.58378169501998
