,training,testing
arv,0.1285881092241039,1.159122273760294
