,training,testing
mse,0.0016269991423759017,0.1917512950686245
