,training,testing
mape,5.098986669682265,79080.62310424223
