,training,testing
nrmse,0.06361477557971387,1.0938226894496685
