,training,testing
mae,0.033024612154057414,0.40071288203148275
