,training,testing
arv,1.328578153714659,1.1701269746605247
