,training,testing
nrmse,0.27484976622239565,0.7227855754006155
