,training,testing
mape,20.369751060717864,55757.65158758519
