,training,testing
rmse,0.17427337203849944,0.2893554734334515
