,training,testing
mae,0.1543213935778698,0.26749471523550794
