,training,testing
smape,23.032093983451308,87.80590384701
