,training,testing
mse,0.030371208201669237,0.08372659000589688
