,training,testing
rmse,0.25551642666320457,0.12387104938695792
