,training,testing
rmse,0.018239951864718953,0.04115775154857257
