,arima,lstm,mlp,rf,svr,xgboost
frontend,0.1238710493869579,0.1055078213000071,0.0418265896761735,0.0411577515485725,0.0437278019678266,0.1357386796379892
