,arima,lstm,mlp,rf,svr,xgboost
0,3.844257998136479,2.305902536222059,0.0499626863583706,0.0982287412455412,0.0425372209118349,0.5102045954161106
