,arima,lstm,mlp,rf,svr,xgboost
0,0.1762220704926868,0.1679454538649253,0.0338096676557911,0.0475721120129478,0.0199398211766172,0.1219630262692758
