,arima,lstm,mlp,rf,svr,xgboost
0,53.53145793130412,154.43388350490685,37.94571270879192,69.24248583567424,13.524425955837987,213.58862214962707
