,training,validation,testing
mse,0.006357223453124171,0.010260903207199133,0.003210687254811368
