,training,validation,testing
smape,10.327482099343275,110.02483462908243,58.051821068548705
