,training,testing
smape,133.78035610270356,75.1448518002067
