,training,validation,testing
arv,0.9872658612657357,2.251800201604214,2.305902536222059
