,training,validation,testing
mape,52472.32380868012,362.86545896394176,154.43388350490685
