,training,validation,testing
arv,0.07497426640921484,0.21829393836106836,0.042537220911834935
