,training,testing
arv,1.3560277988700484,3.844257998136479
