,training,validation,testing
mape,16809.236781171407,170.25371724994528,69.24248583567424
