,training,validation,testing
arv,0.048786246420033506,0.3239725864032416,0.09822874124554122
