,training,validation,testing
nrmse,0.20486359541957758,0.267424475461965,0.20571622824277128
