,training,validation,testing
mae,0.023333561624213857,0.08906335413281961,0.04757211201294787
