,training,validation,testing
rmse,0.08865738809621206,0.10334290254344726,0.05588918637526161
