,training,validation,testing
rmse,0.0632842037172297,0.2538098753122492,0.18844318960763498
