,training,validation,testing
smape,9.030006196844663,24.94062808558976,13.497336234496393
