,training,validation,testing
mape,24670.822996415824,88.88116990505725,37.945712708791916
