,training,validation,testing
nrmse,0.0632842037172297,0.2666197237236262,0.19604857446256987
