,training,testing
mae,0.5504982169162482,0.17622207049268682
