,training,validation,testing
mae,0.16497839111868287,0.22307723732157253,0.16794545386492532
