,training,validation,testing
mape,23161.700261369417,459.6731302921106,213.58862214962707
