,training,validation,testing
smape,8.253268575310447,76.51950811441237,38.34879604452892
