,training,validation,testing
nrmse,0.0797321983462401,0.10640855698813977,0.058949787544688485
