,training,validation,testing
rmse,0.0703610300499549,0.11861593365889807,0.08040967876346866
