,training,validation,testing
smape,11.540573935551611,52.68674950457844,26.968665277851052
