,training,validation,testing
mse,0.007860132464042364,0.010679755506104437,0.0031236011536887277
