,training,validation,testing
nrmse,0.08865738809621206,0.1085586448952555,0.058144819876785755
