,training,validation,testing
mape,17796.664503333333,41.245200730131366,13.524425955837987
