,training,validation,testing
nrmse,0.0703610300499549,0.12460250974257146,0.08365493561955982
