,training,testing
mape,14900.544556005276,53.53145793130412
