,training,validation,testing
mae,0.03156535878968446,0.052433505210585804,0.033809667655791166
