,training,validation,testing
mse,0.004950674549690657,0.014069739717772109,0.006465716438844222
