,training,validation,testing
mae,0.027986296000695507,0.2177168956221803,0.1219630262692758
