,training,validation,testing
rmse,0.0797321983462401,0.10129611644677762,0.05666292663471741
