,training,testing
rmse,0.6402367030997556,0.32829526000967235
