,training,validation,testing
arv,0.041009614173812034,0.9769496083161553,0.5102045954161106
