,training,validation,testing
mae,0.029114155644567583,0.03485516937151942,0.019939821176617235
