,training,validation,testing
arv,0.06306477780566047,0.23661753064213417,0.04996268635837065
