,training,validation,testing
rmse,0.20486359541957758,0.2545759624400598,0.19773580251929523
