,training,validation,testing
mse,0.04196909272823637,0.06480892065228275,0.03909944759794972
