,training,validation,testing
mse,0.00400489044012383,0.06441945280601948,0.03551083570949907
