,training,testing
nrmse,0.6402367030997556,0.3415449391496996
