,training,testing
mse,0.4099030359960445,0.10777777774481838
