,training,validation,testing
smape,42.977522063039366,118.62537313594717,78.26860844148118
