,arima,lstm,mlp,rf,svr,xgboost
0,0.1077777777448183,0.0390994475979497,0.0032106872548113,0.0064657164388442,0.0031236011536887,0.035510835709499
