,arima,lstm,mlp,rf,svr,xgboost
0,0.3415449391496996,0.2057162282427712,0.0589497875446884,0.0836549356195598,0.0581448198767857,0.1960485744625698
