,arima,lstm,mlp,rf,svr,xgboost
0,0.3282952600096723,0.1977358025192952,0.0566629266347174,0.0804096787634686,0.0558891863752616,0.1884431896076349
