,arima,lstm,mlp,rf,svr,xgboost
0,75.1448518002067,78.26860844148118,26.96866527785105,38.34879604452892,13.497336234496393,58.05182106854871
