,arima,lstm,mlp,rf,svr,xgboost
0,1.2283507614776534,1.216866796417202,1.0199614459096389,1.1853351310608755,0.9360037824071208,1.1090299607589382
