,arima,lstm,mlp,rf,svr,xgboost
0,0.0842646211150261,0.1406126641379076,0.0443103487238234,0.1532170800601668,0.0402638249917267,0.1997306255149779
