,arima,lstm,mlp,rf,svr,xgboost
0,110989.68454131734,202836.84318807456,69399.19581256527,215771.17297543943,57328.89658557916,252584.407984892
