,training,testing
mape,91.96793916729916,110989.68454131734
