,training,validation,testing
mape,3.704128040163391,11.25661476753625,252584.407984892
