,training,validation,testing
mse,0.0005633200017879216,0.0016160424084653026,0.02766264173112446
