,training,validation,testing
mape,4.04637707910376,7.009181034862524,69399.19581256527
