,training,validation,testing
mse,0.0007097545966990213,0.002347902005041269,0.044247155733988325
