,training,validation,testing
arv,0.022400298876230424,0.07152566086431421,0.9360037824071209
