,training,validation,testing
rmse,0.02881305041844686,0.03620552525046698,0.05351306265284064
