,training,validation,testing
mape,9.340295555509671,9.606748655706705,202836.84318807456
