,training,testing
rmse,0.6486618976329124,0.09606618020670901
