,training,validation,testing
mae,0.018651794871714047,0.030930896419229945,0.15321708006016688
