,training,validation,testing
nrmse,0.031957873575134195,0.07772431564602593,0.5483335827703534
