,training,validation,testing
mape,3.3784916479343847,8.401851729532876,215771.17297543946
