,training,validation,testing
mse,0.0008121698352041111,0.001306715257598335,0.0031476485175507252
