,training,validation,testing
smape,3.643084312169894,10.151928372172968,92.71912375319022
