,training,validation,testing
mae,0.022650718388692787,0.02807668506460564,0.04026382499172674
