,training,validation,testing
mae,0.0201085139238381,0.03812114138895813,0.19973062551497794
