,training,validation,testing
arv,0.16046920262028697,0.14989411015967619,1.216866796417202
