,training,validation,testing
rmse,0.023734363311197576,0.04020002995602494,0.16632089986265847
