,training,validation,testing
arv,0.021724371886026883,0.0717631964267649,1.0199614459096387
