,training,validation,testing
mape,4.098892103443997,7.155896669042098,57328.89658557916
