,training,validation,testing
nrmse,0.03879623019642024,0.07000118347612587,0.17642406572882213
