,training,validation,testing
mae,0.022396223007858797,0.027547066999463486,0.044310348723823466
