,training,validation,testing
smape,4.088805712832285,6.967275706585014,34.26339695464191
