,training,validation,testing
smape,3.366206198058694,7.943181844748591,81.10044212316431
