,training,testing
arv,1.1286757037158786,1.2283507614776534
