,training,testing
mse,0.4207622574407309,0.00922871097950789
