,training,validation,testing
mse,0.005237233832234073,0.002235403849992071,0.023779733014606088
