,training,testing
nrmse,0.873411038912477,0.3167149337173216
