,training,validation,testing
rmse,0.07236873518470578,0.04728005763524481,0.15420678653874506
