,training,validation,testing
smape,4.033105660626181,6.820445643399586,36.48337967188069
