,training,testing
mae,0.5933716204211615,0.08426462111502615
