,training,validation,testing
smape,9.927572791277854,9.344952698467997,77.55650859824514
