,training,validation,testing
mse,0.0008301918744159608,0.0013108400586622022,0.002863647874486848
