,training,validation,testing
rmse,0.02664121988008472,0.048455154576590394,0.21035007899686733
