,training,validation,testing
arv,0.020266352823865557,0.16497386907319284,1.1090299607589382
