,training,validation,testing
nrmse,0.09744314012139799,0.09141311903060678,0.5083952757597932
