,training,validation,testing
arv,0.015141083763904556,0.09796586216094601,1.1853351310608755
