,training,validation,testing
nrmse,0.03587190124512086,0.09368509757598932,0.6934907912813376
