,training,validation,testing
rmse,0.028498593565369348,0.036148516672172525,0.05610390821993353
