,training,validation,testing
mae,0.05878914304425006,0.03747556327662705,0.1406126641379076
