,training,validation,testing
nrmse,0.03837281996106986,0.06989096085343786,0.18496567194537009
