,training,testing
smape,154.9881198758741,57.783991055085416
