,arima,lstm,mlp,rf,svr,xgboost
0,0.0092287109795078,0.023779733014606,0.0031476485175507,0.0276626417311244,0.0028636478744868,0.0442471557339883
