,arima,lstm,mlp,rf,svr,xgboost
0,0.3167149337173216,0.5083952757597932,0.18496567194537,0.5483335827703534,0.1764240657288221,0.6934907912813376
