,arima,lstm,mlp,rf,svr,xgboost
0,0.096066180206709,0.154206786538745,0.0561039082199335,0.1663208998626584,0.0535130626528406,0.2103500789968673
