,arima,lstm,mlp,rf,svr,xgboost
0,57.783991055085416,77.55650859824514,36.48337967188069,81.10044212316431,34.26339695464191,92.71912375319022
