,arima,lstm,mlp,rf,svr,xgboost
0,0.9534504655331262,0.9705992090518196,0.6109065854316886,1.0001760412793748,0.273587932413301,1.000198963775039
