,arima,lstm,mlp,rf,svr,xgboost
0,0.0974431662739432,0.021071036408905,0.0067652531322241,0.5806852933729951,0.0020904552537297,0.5462118010304929
