,arima,lstm,mlp,rf,svr,xgboost
0,9.960341916990409,2.1581427043979136,0.6928887739812439,59.53256658931533,0.2137410356819246,55.99793339701694
