,training,validation,testing
rmse,0.010550433742567726,0.41251613940654075,0.5462661365088813
