,training,validation,testing
mse,4.099506539903093e-05,0.19316617624552457,0.3372547702510464
