,training,validation,testing
mae,0.006861493692972951,0.33223281929765747,0.5462118010304929
