,training,testing
mse,1.0713325942113232,0.013151448820745712
