,training,testing
rmse,1.0350519765747628,0.11467976639645597
