,training,validation,testing
smape,2.6642667105058275,0.8681377287306866,0.21404851743221898
