,training,testing
mae,1.0276686026769897,0.09744316627394327
