,training,validation,testing
mae,0.0029789949112444115,0.005678057111394564,0.0020904552537297947
