,training,validation,testing
mape,2.895736931587329,37.68955759868613,59.53256658931533
