,training,validation,testing
smape,12.770242792490247,48.7587209524347,77.77545133927028
