,training,validation,testing
mse,0.00011131165215631162,0.17016956527087657,0.2984066918963398
