,training,validation,testing
nrmse,0.016231132419267408,0.7395373277612175,15.370031007744279
