,training,testing
mape,1238.4463599342673,9.960341916990407
