,training,validation,testing
rmse,0.023468484319153753,0.09331131903804421,0.021946106186864045
