,training,testing
arv,0.9764023656187173,0.9534504655331262
