,training,validation,testing
arv,0.0040188242791558935,0.006909115514133668,0.27358793241330104
