,training,validation,testing
mse,0.0005507697562383655,0.008707002260619672,0.00048163157676511234
