,training,validation,testing
mape,20.69965497730653,35.7128622160163,55.99793339701694
