,training,validation,testing
nrmse,0.022616910955602646,0.037181244180668906,0.10522145666692925
