,training,validation,testing
nrmse,0.029173929043085807,0.048501842996736384,0.21027650082850172
