,training,validation,testing
smape,2.623264168642915,52.90231867664817,84.76503841183091
