,training,validation,testing
mae,0.012364561271893677,0.04486022572321524,0.021071036408905015
