,training,validation,testing
rmse,0.006402738898239638,0.43950674197960216,0.5807364034147044
