,training,validation,testing
mse,7.959769987530687e-05,0.0004882685145761921,1.5805827340595537e-05
