,training,validation,testing
arv,0.02645962080913519,0.13284414025141605,0.9705992090518195
