,training,validation,testing
rmse,0.011508319042293878,0.028824626148397217,0.007945020979609264
