,training,testing
smape,134.29885598936548,9.324368198024588
