,training,validation,testing
mape,5.932639990460245,1.6869156447327207,0.6928887739812439
