,training,validation,testing
rmse,0.008921754304805019,0.022096798740455417,0.003975654328610014
