,training,validation,testing
arv,0.0020937620429482546,1.5656264363007244,1.0001760412793748
