,training,validation,testing
smape,8.255881278168097,6.217282784516323,2.183647060390148
