,training,validation,testing
mse,0.0001324414071792239,0.0008308590725948647,6.312335836643135e-05
