,training,validation,testing
arv,0.006712112271961512,0.011886341481896222,0.6109065854316886
