,training,validation,testing
nrmse,0.026745661486118982,0.6941215099932314,14.457725410794493
