,training,validation,testing
mape,8.166987400885803,5.499859034745492,2.1581427043979136
