,training,validation,testing
smape,5.6575234075118015,1.7500366766019126,0.6958398030113294
