,training,validation,testing
mae,0.006242728823318893,0.012537117014560298,0.006765253132224168
