,training,validation,testing
mae,0.002460769305290212,0.35266249421031,0.5806852933729951
