,training,testing
nrmse,2.623887364394702,3.035166308001707
