,training,validation,testing
nrmse,0.059493301650706855,0.1570105687581746,0.5808355229807659
