,training,validation,testing
mape,2.5628258760374276,0.8205265559124905,0.21374103568192462
