,training,validation,testing
arv,0.006135106572016052,1.5876417314636664,1.000198963775039
