,arima,lstm,mlp,rf,svr,xgboost
0,0.0131514488207457,0.0004816315767651,6.312335836643135e-05,0.3372547702510464,1.5805827340595537e-05,0.2984066918963398
