,arima,lstm,mlp,rf,svr,xgboost
0,3.035166308001707,0.5808355229807659,0.2102765008285017,15.37003100774428,0.1052214566669292,14.457725410794492
