,arima,lstm,mlp,rf,svr,xgboost
0,0.1146797663964559,0.021946106186864,0.0079450209796092,0.5807364034147044,0.00397565432861,0.5462661365088813
