,arima,lstm,mlp,rf,svr,xgboost
0,9.324368198024588,2.183647060390148,0.6958398030113294,84.76503841183091,0.2140485174322189,77.77545133927028
