,arima,lstm,mlp,rf,svr,xgboost
0,1.2283507614776534,1.272452125228614,0.8575118470421554,1.1882111551218308,1.0078620205950786,1.080324360157279
