,arima,lstm,mlp,rf,svr,xgboost
0,0.0842646211150261,0.0822275257467441,0.1040533552649195,0.1521390100570017,0.0448926310234247,0.2349762538173118
