,arima,lstm,mlp,rf,svr,xgboost
0,110989.68454131734,12932.462866194332,106102.15783079062,214942.90500408856,74240.96178894241,280745.55613305426
