,training,validation,testing
arv,0.01569842882679172,0.09804715276818586,1.1882111551218308
