,training,validation,testing
mse,0.0008363695508403663,0.0013091165569420625,0.01593741094291539
