,training,validation,testing
arv,0.022506469885296296,0.19713098870183507,1.080324360157279
