,training,validation,testing
mape,13.559692904659313,8.424819892918373,12932.462866194332
