,training,validation,testing
mape,4.071394364626648,7.057270219049803,74240.96178894241
