,training,validation,testing
mae,0.023044965452942948,0.02842998002823728,0.10405335526491952
