,training,testing
smape,152.4709325085757,57.783991055085416
