,training,validation,testing
smape,4.06196201653671,6.870326723075141,36.51591504888548
