,training,testing
mape,90.37314578696973,110989.68454131734
