,training,validation,testing
nrmse,0.13371286615233371,0.09043008679367225,0.34011047016591156
