,training,validation,testing
mape,3.333882883784165,8.41322368182469,214942.90500408856
