,training,testing
mae,0.5805063062473477,0.08426462111502615
