,training,validation,testing
smape,4.213774291940586,7.0105006537976715,119.0164242082736
