,training,validation,testing
mse,0.0008293160359922614,0.0013169100648419546,0.0032953816046931575
