,training,validation,testing
arv,0.023521247777626784,0.07325205614566914,1.0078620205950786
