,training,validation,testing
mse,0.0005599231016815044,0.0016115946590533926,0.027327053780164968
