,training,validation,testing
mape,4.225915110905695,7.16834167650741,106102.15783079062
