,training,validation,testing
mae,0.019167609807311498,0.040332926505122345,0.23497625381731183
