,training,validation,testing
mse,0.0007455814400075836,0.0027432548973168307,0.059669485291532855
