,training,validation,testing
nrmse,0.03877576011187898,0.0701630708293329,0.18925653111029972
