,training,validation,testing
mape,3.5618092982061222,12.20460688717441,280745.55613305426
