,training,testing
arv,1.1410338514064144,1.2283507614776534
