,training,testing
rmse,0.6380376534465305,0.09606618020670901
