,training,validation,testing
arv,0.31227259440157634,0.14327288273236766,1.272452125228614
