,training,validation,testing
arv,0.02326181436394389,0.06978924860849955,0.8575118470421554
