,training,validation,testing
rmse,0.0993054102044615,0.046771620538770646,0.10316252957717746
