,training,validation,testing
mae,0.02242513320303627,0.027793695794362583,0.044892631023424744
