,training,validation,testing
nrmse,0.03186137260435545,0.07761728365629271,0.5449973930099566
