,training,validation,testing
rmse,0.02366269430309035,0.040144671614716104,0.16530896460919767
