,training,testing
nrmse,0.8591056940381292,0.3167149337173216
