,training,validation,testing
smape,14.779577494736998,8.690110456757946,97.92084416293282
