,training,validation,testing
mae,0.08568627648491715,0.036720711317565,0.08222752574674415
