,training,validation,testing
rmse,0.027305337207358997,0.052376090893811754,0.24427338228209158
