,training,validation,testing
mse,0.009861564495876367,0.002187584487822752,0.010642507508762014
