,training,validation,testing
rmse,0.02892005447505876,0.0361817157821746,0.1262434590104192
