,training,validation,testing
nrmse,0.03676612272921158,0.10126598973654366,0.8053305326797581
