,training,testing
mse,0.40709204721555503,0.00922871097950789
