,training,validation,testing
rmse,0.028797847766669327,0.03628925550134578,0.05740541441966217
