,training,validation,testing
nrmse,0.03894030914509026,0.06995514931568007,0.41620462754631316
