,training,validation,testing
mae,0.018296048769091505,0.030925894036645852,0.15213901005700178
