,training,validation,testing
smape,3.322803608691199,7.951700704223503,80.80103697488873
