,training,validation,testing
smape,3.4954765314332823,10.822570147409095,100.07683476968808
