,arima,lstm,mlp,rf,svr,xgboost
0,0.0092287109795078,0.010642507508762,0.0159374109429153,0.0273270537801649,0.0032953816046931,0.0596694852915328
