,arima,lstm,mlp,rf,svr,xgboost
0,0.3167149337173216,0.3401104701659115,0.4162046275463131,0.5449973930099566,0.1892565311102997,0.8053305326797581
