,arima,lstm,mlp,rf,svr,xgboost
0,0.096066180206709,0.1031625295771774,0.1262434590104192,0.1653089646091976,0.0574054144196621,0.2442733822820915
