,arima,lstm,mlp,rf,svr,xgboost
0,57.783991055085416,97.92084416293282,119.0164242082736,80.80103697488873,36.51591504888548,100.07683476968808
