,training,testing
mape,20.96755926356961,91813.58364595109
