,training,testing
mae,0.19485538511091166,0.24840882938069112
