,training,testing
smape,23.470563807061808,45.86970605516668
