,training,testing
mse,0.038448444053840326,0.11273434638368235
