,training,testing
nrmse,0.9533698938429339,0.40376752321187354
