,training,testing
arv,0.9538482803555575,1.829943699494279
