,arima,lstm,mlp,rf,svr,xgboost
0,1.829943699494279,2.125255876768427,0.0065788700295363,1.8438758799685264,1.4783254639562875,21.990067445911748
