,arima,lstm,mlp,rf,svr,xgboost
0,1.8141691296124367,1.08071542436332,0.0022822923348323,1.4580433308863052,2.2468721960781943,1.492472979952872
