,training,validation,testing
mse,9.410887575219418e-05,5.614755446922391e-05,0.00012600092193161043
