,training,validation,testing
rmse,0.007908097197294383,0.005382577775807783,0.4213199558874984
