,training,validation,testing
nrmse,0.17818738394550745,0.09990993700044182,0.23062009395017666
