,training,validation,testing
mse,6.253800128185527e-05,2.897214351261986e-05,0.17751050522904357
