,training,validation,testing
nrmse,0.05700267829528802,0.04067751423395296,0.5066584477581489
