,training,testing
nrmse,0.9873461366408359,0.4269330451028434
