,training,validation,testing
arv,0.10573136269006976,1.6580612164854283,1.4580433308863052
