,training,validation,testing
smape,0.6236832815993306,0.6029936134252784,4.129976912965889
