,training,validation,testing
smape,0.4502784881977926,0.4431453240186382,39.18820993149665
