,training,validation,testing
smape,2.369631651943923,1.1190357030496014,34.552392739397284
