,training,validation,testing
mape,0.6243711181492562,0.6036051562809823,3947.361139251381
