,training,validation,testing
rmse,0.009672331601708672,0.03035285448269751,0.4140349254999098
