,training,validation,testing
smape,0.6733377751589658,2.5027776202405,55.01862102265992
