,training,validation,testing
mape,0.45154315599070605,0.44391662536305815,156603.63466495156
