,training,validation,testing
nrmse,0.06971952833940655,0.22938426933844688,0.4978978321346341
