,training,validation,testing
nrmse,0.06992597905376553,0.05662777716168018,0.013498643246898678
