,training,validation,testing
mape,0.3723643988648603,3.5991714737698786,106507.18959271253
