,training,validation,testing
mape,2.338225056436326,1.123448115960195,56288.73815564249
