,training,validation,testing
arv,0.23268167130926923,0.09196828135666925,0.0022822923348323108
