,training,validation,testing
mae,0.00352685735354328,0.030675004225730287,0.3514161044195111
