,training,testing
mape,14.193979745330063,96139.64788738498
