,training,validation,testing
mape,0.6706607750738236,2.5656725330356545,105030.93345063912
