,training,validation,testing
arv,0.2904997303219053,2.2172124636536266,1.492472979952872
