,training,testing
arv,1.024280351457323,1.8141691296124367
