,training,validation,testing
arv,0.9163549734442751,0.6154983477858128,1.08071542436332
