,training,validation,testing
mae,0.0064213385376081416,0.021776762507481104,0.3389094966691285
