,training,validation,testing
nrmse,0.04631124822979209,0.29681590045180595,0.5102818644943525
