,training,testing
rmse,0.13697653249696976,0.3550230190092637
