,training,validation,testing
mse,4.1278741408654475e-05,0.0015425744763919484,0.18005855104657856
