,training,validation,testing
mse,9.355399861341223e-05,0.0009212957752478102,0.17142491953371583
