,training,testing
mae,0.13534329553875066,0.26436017578751103
