,training,validation,testing
arv,0.15556794513957042,0.04529394685040273,2.2468721960781943
