,training,validation,testing
mae,0.022373652187399593,0.009697513439223971,0.14517545884442698
