,training,validation,testing
rmse,0.0064248534153437675,0.039275621909677615,0.4243330661715848
