,training,validation,testing
mse,0.0006110930961865061,0.00017477897440652083,0.036777971594913715
