,training,validation,testing
mae,0.00427590268071149,0.0038429286374352008,0.23316892083909388
