,training,validation,testing
rmse,0.02472029725117613,0.013220399933682824,0.19177583683799612
