,training,validation,testing
mae,0.005926839002020536,0.005223372368668308,0.008743585402457048
