,training,testing
mse,0.01876257045489341,0.126041344026452
