,training,testing
smape,15.301235110275236,47.41382315060848
