,training,validation,testing
smape,0.37145803101914165,3.493952281898599,56.22086138674312
