,training,validation,testing
rmse,0.009700972928123972,0.0074931671854579565,0.011225013226344565
