,training,testing
rmse,0.2515018934945954,0.1453508344126994
