,training,testing
arv,1.0173827086685387,2.125255876768427
