,training,testing
mae,0.24925348609646653,0.12533953300833445
