,training,testing
smape,30.787696281233835,31.339586969490192
