,training,testing
mse,0.06325320243136681,0.021126865064467957
