,training,testing
nrmse,1.2228221808250166,0.17479169242948014
