,training,testing
mape,26.64316188068916,35792.0001187749
