,arima,lstm,mlp,rf,svr,xgboost
0,0.264360175787511,0.1451754588444269,0.008743585402457,0.3514161044195111,0.2331689208390938,0.3389094966691285
