,arima,lstm,mlp,rf,svr,xgboost
0,0.2484088293806911,0.1253395330083344,0.0154563374389467,0.2583944463425353,0.3446430636984865,0.1983173947608027
