,arima,lstm,mlp,rf,svr,xgboost
0,96139.64788738498,56288.73815564249,3947.361139251381,106507.18959271252,156603.63466495156,105030.93345063912
