,arima,lstm,mlp,rf,svr,xgboost
0,91813.58364595108,35792.0001187749,4467.430528114493,95320.34489394752,105675.34443764028,71126.6878137728
