,training,testing
smape,0.9489946326216195,6.509013094418894
