,training,testing
mse,0.00016750252960269838,0.000400268282181554
