,training,testing
mae,0.008812058291136135,0.015456337438946796
