,training,testing
mape,0.9525612010384942,4467.430528114493
