,training,testing
arv,0.11208506305382226,0.006578870029536329
