,training,testing
nrmse,0.06292637785328645,0.024059070617834372
