,arima,lstm,mlp,rf,svr,xgboost
0,0.126041344026452,0.0367779715949137,0.0001260009219316,0.1800585510465785,0.1775105052290435,0.1714249195337158
