,arima,lstm,mlp,rf,svr,xgboost
0,0.1127343463836823,0.0211268650644679,0.0004002682821815,0.1227649937688232,0.175594930523565,0.0592743286545529
