,arima,lstm,mlp,rf,svr,xgboost
0,0.4037675232118735,0.1747916924294801,0.0240590706178343,0.4213476065441507,0.5039172728350154,0.2927767463426743
