,arima,lstm,mlp,rf,svr,xgboost
0,0.4269330451028434,0.2306200939501766,0.0134986432468986,0.5102818644943525,0.5066584477581489,0.4978978321346341
