,training,testing
arv,0.005206108306173475,1.8438758799685262
