,training,testing
mse,8.16664435808346e-06,0.1227649937688232
