,training,testing
mape,0.18030228361201694,95320.34489394752
