,training,testing
mae,0.0016723810295365387,0.25839444634253533
