,training,testing
nrmse,0.013894530305822581,0.42134760654415077
