,training,testing
rmse,0.002857734130055394,0.3503783580200455
