,training,testing
smape,0.18019158396612486,46.751017661310335
