,arima,lstm,mlp,rf,svr,xgboost
0,0.3357593578497587,0.1453508344126994,0.0200067059303013,0.3503783580200455,0.4190404879287501,0.2434631977415742
