,arima,lstm,mlp,rf,svr,xgboost
0,0.3550230190092637,0.1917758368379961,0.0112250132263445,0.4243330661715848,0.4213199558874984,0.4140349254999098
