,arima,lstm,mlp,rf,svr,xgboost
0,47.41382315060848,34.552392739397284,4.129976912965889,56.22086138674312,39.18820993149665,55.01862102265992
