,arima,lstm,mlp,rf,svr,xgboost
0,45.86970605516668,31.339586969490192,6.509013094418894,46.751017661310335,55.54092240793352,41.66616503789467
