,training,testing
nrmse,0.24975124633070678,0.5039172728350154
