,training,testing
mape,4.853483354420899,105675.34443764028
