,training,testing
arv,2.3381033907379813,1.4783254639562875
