,training,testing
mse,0.0026385858608179097,0.175594930523565
