,training,testing
smape,4.965573988856345,55.540922407933515
