,training,testing
mae,0.04571804338252168,0.3446430636984865
