,training,testing
arv,1.0080867848481072,21.990067445911748
