,training,testing
mape,32.37043404861076,71126.6878137728
