,training,testing
mae,0.3023203609878999,0.1983173947608027
