,training,testing
rmse,0.30375625243548515,0.24346319774157427
