,training,testing
nrmse,1.4768870241144973,0.29277674634267437
