,training,testing
mse,0.09226786089365019,0.0592743286545529
