,training,testing
smape,38.65077626256234,41.66616503789467
