,training,testing
rmse,0.19839213246448345,0.2059238273624882
