,training,testing
rmse,0.0680374181321381,0.12095840462143473
