,arima,lstm,mlp,rf,svr,xgboost
frontend,0.2059238273624882,0.1985447000576928,0.1209584046214347,0.1779776254090657,0.3880700615651288,0.2713726405008027
