,training,testing
rmse,0.053687123282550896,0.3880700615651288
