,arima,lstm,mlp,rf,svr,xgboost
0,38.21583715530426,1.3591945962822949,0.6972182799461479,1.2239685804103744,0.8807520888716013,1.0282033230921497
