,arima,lstm,mlp,rf,svr,xgboost
0,0.0442410295005694,0.074318968187523,0.0490783774130739,0.1139038938168824,0.0644342315156434,0.2941651798236691
