,arima,lstm,mlp,rf,svr,xgboost
0,86019.53842659768,137944.63690382705,61829.82797756066,178572.56263975872,90592.05646931085,330734.3249704826
