,training,testing
smape,130.28069447793342,39.62048707176511
