,training,validation,testing
mse,0.0009267602470733936,0.0037890710408476727,0.0157646332181051
