,training,validation,testing
arv,0.2740678493769679,0.38715929306475655,1.3591945962822947
