,training,validation,testing
nrmse,0.03755390815808884,0.09827583853213408,1.1622641366309021
