,training,validation,testing
smape,6.02122490858561,10.878687690637555,40.210986450243766
