,training,validation,testing
mape,4.86453811869888,12.119238106342427,90592.05646931085
