,training,validation,testing
mae,0.026086942202371826,0.035924798844791335,0.06443423151564345
