,training,validation,testing
nrmse,0.05126444147027961,0.05849497033806775,0.22669009709275906
