,training,validation,testing
arv,0.03350246823774941,0.24725426941359047,1.0282033230921495
