,training,validation,testing
rmse,0.08209033993593778,0.09566089755863945,0.08728343121358519
