,training,validation,testing
arv,0.031852730226618,0.14753268508340758,1.2239685804103744
