,training,validation,testing
arv,0.04971732626718495,0.06515498890998499,0.8807520888716013
