,training,validation,testing
rmse,0.04148547074483473,0.04477417701972132,0.058646972342038334
