,training,validation,testing
mae,0.021298133884298416,0.05483065891223125,0.2941651798236691
