,training,validation,testing
rmse,0.038301169790466175,0.04565789326515254,0.0763341678441678
