,training,testing
rmse,0.5123655847352179,0.05489644647181142
