,training,testing
nrmse,0.633140592560698,0.21219306442904196
