,training,testing
mae,0.4813100485796252,0.044241029500569455
