,training,validation,testing
mape,4.333033652807108,22.278417425836306,178572.56263975872
