,training,validation,testing
smape,12.160231443542118,23.0404648998978,54.0653407386124
