,training,validation,testing
nrmse,0.10144070565826248,0.12497563858607312,0.3373795561175783
