,training,validation,testing
mae,0.02287102417719404,0.04762810988412903,0.11390389381688243
