,training,testing
arv,1.133209075497174,38.215837155304264
