,training,validation,testing
mse,0.0017210442829205385,0.002004726927793341,0.003439467364887809
