,training,validation,testing
mape,12.747303425331161,31.376590006525777,137944.63690382705
