,training,validation,testing
mae,0.06609836874848994,0.07923977902539138,0.07431896818752304
