,training,validation,testing
smape,4.302830934123934,16.194774047687275,69.79989295984532
