,training,validation,testing
smape,4.826024083567941,10.956147004696874,47.99534337733879
