,training,testing
mape,78.17702649642445,86019.53842659768
