,training,validation,testing
nrmse,0.0473295359004951,0.059649496428876715,0.29505700344032354
