,training,validation,testing
arv,0.05898197505666236,0.05993234830852297,0.6972182799461479
