,training,validation,testing
mse,0.0009235701000852575,0.005658635110596998,0.09041401816250412
