,training,validation,testing
mape,6.063299450903882,11.127131001970804,61829.82797756066
