,training,validation,testing
mse,0.0014669796073181187,0.002084643217412061,0.005826905180461582
