,training,validation,testing
smape,4.10377086133601,18.34351658543955,112.03491927946207
