,training,validation,testing
mae,0.03201533776484987,0.03574331130494413,0.0490783774130739
