,training,validation,testing
mape,4.200576468888534,28.101105633186478,330734.3249704826
