,training,testing
mse,0.2625184924210617,0.003013619835232456
