,training,validation,testing
nrmse,0.03761871060861555,0.08041874421598812,0.4853207805267355
