,training,validation,testing
rmse,0.030390296150009093,0.07522389986298901,0.3006892385212748
