,training,validation,testing
rmse,0.03044273718103209,0.06155543063652201,0.1255572905812526
