,training,validation,testing
mse,0.006738823910797822,0.00915100732172451,0.007618397364416657
