,arima,lstm,mlp,rf,svr,xgboost
0,0.0030136198352324,0.0076183973644166,0.0034394673648878,0.0157646332181051,0.0058269051804615,0.0904140181625041
