,arima,lstm,mlp,rf,svr,xgboost
0,0.2121930644290419,0.3373795561175783,0.226690097092759,0.4853207805267355,0.2950570034403235,1.162264136630902
