,arima,lstm,mlp,rf,svr,xgboost
0,0.0548964464718114,0.0872834312135851,0.0586469723420383,0.1255572905812526,0.0763341678441678,0.3006892385212748
