,arima,lstm,mlp,rf,svr,xgboost
0,39.62048707176511,54.0653407386124,40.210986450243766,69.79989295984532,47.99534337733879,112.03491927946207
