,training,testing
smape,72.70649358968487,14.048895485404698
