,training,testing
arv,0.9046330810697191,1.4132288293957762
