,training,testing
mse,0.2423863216458436,0.012825337394968222
