,training,testing
mae,0.4851532412603797,0.09549796862554458
