,training,testing
rmse,0.4923274536787925,0.11324900615443927
