,training,testing
nrmse,0.5002655958922211,0.24722522400866506
