,training,testing
mape,165.0605169986378,15.568608245281082
