,arima,lstm,mlp,rf,svr,xgboost
0,1.4214606724378842,5.628874135806683,16.440303656146728,7.246742798216667,11.618437088351282,1.9045091657531343
