,arima,lstm,mlp,rf,svr,xgboost
0,1.4132288293957762,1.2056007212550102,3.6675402990582544,12.251351692870946,3.5392502715053,1.3238779368928006
