,training,validation,testing
nrmse,0.02926597218521737,0.12261695488921527,0.13713316208087226
