,training,validation,testing
mse,0.0002966240461657386,0.002123615140821301,0.004365849762313708
