,training,validation,testing
rmse,0.032643781633692935,0.04640533124370102,0.06356156500466187
