,training,validation,testing
mae,0.020044415390767376,0.04575455633173313,0.07414855271527082
