,training,validation,testing
smape,5.018522827097278,5.804023621440988,7.520100333213686
