,training,validation,testing
mae,0.01091721432143998,0.03620635085448283,0.05030054116232893
