,training,validation,testing
rmse,0.02893498608887833,0.057623637636762204,0.09208484481940797
