,training,validation,testing
mae,0.024267002138932167,0.03656203722525358,0.04912006852524822
