,training,validation,testing
mae,0.020124764420623987,0.03620145313283193,0.04863773248358184
