,training,validation,testing
mape,2.8661216348758143,5.780791313451659,7.604806323296881
