,training,validation,testing
nrmse,0.029401525244476496,0.15413587142111188,0.2010233657789043
