,training,validation,testing
rmse,0.017222776958601613,0.04608269893160882,0.06607457727684458
