,training,validation,testing
arv,0.031725775974373926,2.808432924240097,1.9045091657531343
