,training,validation,testing
mape,9.865102987772197,7.107250830364081,10.918020400174857
