,training,testing
rmse,0.4587308577108245,0.11256655510195622
