,training,validation,testing
mape,7.885697704102504,5.89113795208106,7.677924578605146
