,training,validation,testing
rmse,0.02880158396598321,0.04584030252993778,0.06281800078753348
