,training,validation,testing
mse,0.0008372334199635825,0.0033204836144928775,0.008479618645414447
