,training,testing
mse,0.21043399981610872,0.012671229327521745
