,training,validation,testing
mse,0.000829531238949581,0.00210133333603622,0.003946101222942556
