,training,validation,testing
nrmse,0.02899606556663095,0.12258383423422363,0.13829863673322115
