,training,validation,testing
smape,7.159569177224092,7.421108415361415,11.77122779315643
