,training,testing
arv,0.937781411355107,1.4214606724378842
