,training,validation,testing
smape,7.174512932463402,5.88246031098354,7.599838389946544
