,training,validation,testing
mse,0.0008143010237731115,0.002100198286860588,0.004013460924103692
