,training,testing
mae,0.4539122023218317,0.09482752415430606
