,training,validation,testing
smape,2.844611867687261,5.8258105949101875,7.798609466391455
