,training,testing
mape,188.3668887659001,15.459359565328676
