,training,testing
nrmse,0.4661272983500509,0.24573541743062707
