,training,validation,testing
arv,0.02895109055714654,13.750522627444555,16.440303656146728
