,training,validation,testing
nrmse,0.017500471919112064,0.12326533430664158,0.14424234457536012
