,training,validation,testing
mae,0.019583065458949642,0.03607610799633576,0.04855264684996332
