,training,validation,testing
mape,5.244065324897398,5.858423643642423,7.594140239062147
