,training,validation,testing
rmse,0.02853596018663314,0.045827920385509396,0.06335188177239641
