,training,validation,testing
smape,5.169190106389633,5.823150460124805,7.528596495998824
