,training,validation,testing
arv,0.02839800103975132,10.855265067882291,11.618437088351282
