,training,validation,testing
arv,0.03929317541701952,5.092158925177737,5.628874135806683
