,training,validation,testing
arv,0.010312994805042467,12.25442865677421,7.246742798216667
