,training,validation,testing
mape,5.078617993893514,5.81596012109895,7.509219067415257
