,training,testing
smape,75.67992496719495,13.959893624761488
