,training,validation,testing
nrmse,0.03317012031144913,0.12412833453731796,0.138756380123896
