,training,validation,testing
mse,0.0010656164793482283,0.002153454767837614,0.004040072545841856
