,training,testing
mae,0.10743308034352794,0.13838208606463762
