,training,testing
mape,51.83318835631226,20.753251422428367
