,training,testing
mse,0.01651939003354347,0.022937510796990072
