,training,testing
smape,28.523292999554535,23.532123888614734
