,training,testing
nrmse,0.13060012311777114,0.33062182791436256
