,training,testing
arv,7.420726170635428,1.2056007212550102
