,arima,lstm,mlp,rf,svr,xgboost
0,0.094827524154306,0.0491200685252482,0.0486377324835818,0.0503005411623289,0.0485526468499633,0.0741485527152708
