,arima,lstm,mlp,rf,svr,xgboost
0,0.0954979686255445,0.1383820860646376,0.0548912417292213,0.0490027265895644,0.0542555486563409,0.110291532987149
