,arima,lstm,mlp,rf,svr,xgboost
0,15.568608245281082,20.753251422428367,8.555805600415992,7.515080634243541,8.221210871384898,16.397008653687976
