,arima,lstm,mlp,rf,svr,xgboost
0,15.459359565328676,7.677924578605146,7.594140239062147,7.604806323296881,7.509219067415257,10.918020400174855
