,training,testing
mse,0.001514860946125456,0.0049383923549424
