,training,testing
smape,6.186662244411734,8.492979874146869
