,training,testing
arv,0.0528846927851574,3.6675402990582544
