,training,testing
mae,0.028167342579443286,0.0548912417292213
