,training,testing
nrmse,0.0395487687522257,0.1534091188526368
