,training,testing
mape,6.264415264551304,8.555805600415992
