,arima,lstm,mlp,rf,svr,xgboost
0,0.0126712293275217,0.0040400725458418,0.0039461012229425,0.0043658497623137,0.0040134609241036,0.0084796186454144
