,arima,lstm,mlp,rf,svr,xgboost
0,0.0128253373949682,0.02293751079699,0.0049383923549424,0.0040848587476723,0.0049922407117708,0.0157819379528349
