,arima,lstm,mlp,rf,svr,xgboost
0,0.245735417430627,0.138756380123896,0.1371331620808722,0.1442423445753601,0.1382986367332211,0.2010233657789043
