,arima,lstm,mlp,rf,svr,xgboost
0,0.247225224008665,0.3306218279143625,0.1534091188526368,0.1395233519583718,0.1542432396810117,0.2742448908319253
