,training,testing
arv,0.005534487989445942,12.251351692870946
