,training,testing
mae,0.009006010917803245,0.04900272658956441
