,training,testing
mse,0.0001590554208712976,0.004084858747672331
