,training,testing
mape,2.030750745801859,7.5150806342435414
