,training,testing
nrmse,0.012815065205523713,0.13952335195837182
