,training,testing
rmse,0.0126117176019485,0.06391289969694953
