,training,testing
smape,2.021631170127914,7.587509130368271
