,arima,lstm,mlp,rf,svr,xgboost
0,0.1125665551019562,0.0635615650046618,0.0628180007875334,0.0660745772768445,0.0633518817723964,0.0920848448194079
