,arima,lstm,mlp,rf,svr,xgboost
0,13.959893624761488,7.599838389946544,7.528596495998824,7.798609466391455,7.520100333213686,11.77122779315643
