,arima,lstm,mlp,rf,svr,xgboost
0,14.048895485404698,23.53212388861473,8.492979874146869,7.587509130368271,8.46317522343545,18.21762994905904
