,training,testing
mape,13.729017315011008,8.221210871384898
