,training,testing
mae,0.03301572438046221,0.054255548656340906
