,training,testing
mse,0.0017044223277164346,0.004992240711770819
