,training,testing
arv,0.07156547282525888,3.5392502715053
