,training,testing
nrmse,0.041950311508756805,0.15424323968101178
