,training,testing
rmse,0.04128465002535972,0.07065579036265053
