,training,testing
smape,10.37312237026644,8.46317522343545
