,training,testing
mape,54.37053711782711,16.397008653687976
