,training,testing
nrmse,0.12594346965078015,0.2742448908319253
