,training,testing
mae,0.09528686003446081,0.11029153298714903
