,training,testing
smape,26.04361668207308,18.21762994905904
