,training,testing
arv,5.603717532141977,1.3238779368928006
