,training,testing
mse,0.015362367206061676,0.015781937952834904
