,training,testing
rmse,0.7512300984258783,0.8762082303892881
