,training,testing
rmse,0.027385759597452087,0.03204969517804768
