,training,testing
rmse,0.00802824294135598,0.02649720825725846
