,arima,lstm,mlp,rf,svr,xgboost
frontend,0.1219717198012213,0.8762082303892881,0.0320496951780476,0.0264972082572584,0.0707601016383833,0.3161641555770225
