,training,testing
rmse,0.24873958817767441,0.3161641555770225
