,arima,lstm,mlp,rf,svr,xgboost
0,1.323459429676603,0.2327647384911417,0.0955113606052622,1.0338008764490456,0.0537280214471042,1.0422795063381338
