,arima,lstm,mlp,rf,svr,xgboost
0,0.0107534079489581,0.0033255509218739,0.0012645723081365,0.0331866277267805,0.0012080078194201,0.0296730474140608
