,arima,lstm,mlp,rf,svr,xgboost
0,1.2652394294903897,0.3922788317648679,0.1490590274907225,3.915585138771832,0.1426040441379022,3.500479327839417
