,training,validation,testing
mape,112295.41069377078,0.1125693239791152,0.1490590274907225
