,training,testing
arv,8.350213517324407,1.3234594296766027
