,training,validation,testing
nrmse,0.04085672017770402,0.04979582956446381,0.06926360373690274
