,training,validation,testing
mae,0.0011119546531219767,0.012266070556116723,0.033186627726780576
