,training,validation,testing
smape,0.32249202404242294,1.493684324359968,3.99631880399232
