,training,validation,testing
arv,0.26779737692670974,0.04000423832722411,0.09551136060526225
