,training,validation,testing
rmse,0.041667285507713,0.011118326822099867,0.030293834595508693
