,training,validation,testing
nrmse,0.041667285507712995,0.43865463065262206,1.1951165512328226
