,training,validation,testing
mae,0.00219974922750316,0.000836134292610785,0.0012080078194201527
