,training,validation,testing
mse,0.00017543452311378845,0.00019426449961565945,0.0011385789315388588
