,training,validation,testing
nrmse,0.01324516980313157,0.5498952956372659,1.3311824483744463
