,training,testing
smape,9.538675319282722,1.2758853633293175
