,training,validation,testing
mse,0.0017361626815812698,0.0001236171913230253,0.0009177164145000394
