,training,validation,testing
smape,0.9631967127980207,0.11260888770249411,0.14924911977548175
