,training,validation,testing
arv,0.02370997501360199,1.291550515372252,1.0338008764490456
