,training,validation,testing
mape,44315.769369742506,1.479465908540789,3.9155851387718315
