,training,validation,testing
smape,2.3582619932377984,0.182175964177542,0.3913143759033671
