,training,validation,testing
rmse,0.040856720177704024,0.0012621462735993166,0.001755695001403946
