,training,validation,testing
nrmse,0.05713069615794311,0.07687719423086105,0.1481545684543567
