,training,validation,testing
rmse,0.057130696157943126,0.0019485620597532254,0.00375542451210761
