,training,validation,testing
mse,0.001131135697798721,1.4888038259503069e-06,2.036824152771178e-06
