,training,validation,testing
arv,0.3038613073838943,0.06340661251991847,0.23276473849114174
