,training,validation,testing
mae,0.014548487052046767,0.009552005099973292,0.029673047414060818
