,training,testing
mape,95957.8911446795,1.2652394294903895
