,training,validation,testing
mape,95192.77478651064,1.1519565911215697,3.500479327839417
