,training,validation,testing
mae,0.006881502299017515,0.0009298251045733459,0.001264572308136503
