,training,validation,testing
mape,119066.37108988839,0.1820282320846769,0.3922788317648679
