,training,validation,testing
arv,0.4714899144581294,1.2843436437698807,1.0422795063381338
