,training,validation,testing
smape,1.7277011390753054,1.1609773580504121,3.5653868923280125
