,training,testing
nrmse,0.09451664620534525,0.48804008855213304
