,training,validation,testing
arv,0.15748420547282388,0.03347292909803122,0.05372802144710429
