,training,testing
mse,0.008933396409906409,0.00015303789102481626
