,training,validation,testing
mse,0.0016692715836792073,1.5930132159606408e-06,3.0824649379548017e-06
