,training,validation,testing
rmse,0.013245169803131573,0.013937880025874073,0.03374283526230211
