,training,testing
rmse,0.09451664620534528,0.012370848435932608
