,training,testing
mae,0.07775395244365282,0.010753407948958177
