,training,validation,testing
nrmse,0.03363236087161769,0.048139549362752984,0.05630316117804735
