,training,validation,testing
mape,113849.18217534425,0.10113551167654641,0.14260404413790226
