,training,validation,testing
mae,0.018560674352340115,0.0015009514061755402,0.003325550921873914
