,training,validation,testing
mse,0.0032639164434912172,3.796894100709732e-06,1.4103213266138682e-05
