,training,validation,testing
smape,0.3633495209273305,0.10118932540155068,0.14258707382792307
