,training,validation,testing
rmse,0.033632360871617695,0.00122016549121433,0.001427173483768241
