,arima,lstm,mlp,rf,svr,xgboost
0,0.0001530378910248,1.4103213266138682e-05,3.0824649379548017e-06,0.0011385789315388,2.036824152771178e-06,0.0009177164145
