,arima,lstm,mlp,rf,svr,xgboost
0,0.488040088552133,0.1481545684543567,0.0692636037369027,1.3311824483744463,0.0563031611780473,1.1951165512328226
