,arima,lstm,mlp,rf,svr,xgboost
0,0.0123708484359326,0.0037554245121076,0.0017556950014039,0.0337428352623021,0.0014271734837682,0.0302938345955086
