,arima,lstm,mlp,rf,svr,xgboost
0,1.2758853633293177,0.3913143759033671,0.1492491197754817,3.99631880399232,0.142587073827923,3.5653868923280125
