,training,testing
mse,0.057059749021755424,0.022633767063110356
