,training,testing
smape,35.02860766504177,21.39434570486456
