,training,testing
nrmse,0.23887182550848357,0.21437888681492062
