,training,testing
mape,17930.08880878858,25.079073305280414
