,training,testing
mae,0.21100764015911155,0.12145051885697594
