,training,testing
arv,16.731215050020765,126.47263270292524
