,arima,lstm,mlp,rf,svr,xgboost
0,126.47263270292524,0.068099147969592,0.0930440463133919,0.0490981107947305,0.1219393137988075,2.4423557514170757
