,arima,lstm,mlp,rf,svr,xgboost
0,0.9327590418377024,0.1003972179307242,0.053163949998832,0.0523673271833713,0.0519377612634111,0.0621439703257649
