,training,testing
mae,1.8227649523306206,0.6398507115289414
