,training,validation,testing
mape,946.3596370846186,6.440342088619598,4.761602802268099
