,training,validation,testing
mape,3803.8834040842607,7.3630332489190655,5.301305420273555
