,training,testing
smape,97.94659225167102,67.59151136232231
