,training,validation,testing
rmse,0.03482659747242943,0.03598983646502525,0.033703913708746785
