,training,validation,testing
smape,4.757043862457381,6.400206552531499,4.729182383638082
