,training,testing
mse,4.920435506053065,0.5061135859227585
