,training,testing
arv,1.1049614801325716,0.9327590418377025
