,training,validation,testing
smape,6.26564842894381,9.147227091079488,6.762603510514912
