,training,validation,testing
mae,0.013469069778967578,0.026914334467516496,0.02552967858841934
