,training,validation,testing
mse,0.0017320551482514837,0.002506132060866795,0.0020126493034598857
