,training,validation,testing
mape,835.7397411112133,6.251653826914652,4.6018970648969795
