,training,testing
rmse,2.2182054697554654,0.7114166050372724
