,training,validation,testing
nrmse,0.018422707025649954,0.059514948254594385,0.04840548821165244
