,training,validation,testing
mse,0.001227238689099779,0.0013442418799025802,0.0011779213031167725
