,training,validation,testing
rmse,0.041617966652054056,0.05006128305254266,0.04486256015275862
