,training,validation,testing
smape,4.31148243457277,6.14229604218118,4.538390711245783
