,training,validation,testing
smape,4.140079686581913,7.2500914599288215,5.2481027122682296
