,training,validation,testing
mse,0.0008095992094063666,0.0016719996909249136,0.001364024536266356
