,training,validation,testing
rmse,0.03503196667473551,0.03666390431886081,0.03432085813491225
