,training,validation,testing
mae,0.03323657351665893,0.04097793727822259,0.03666163882138251
