,training,validation,testing
nrmse,0.028453456897297502,0.06739052860686338,0.052627735308868454
