,training,testing
nrmse,2.218205469755466,1.013742346041689
