,training,validation,testing
arv,0.03608505219884838,0.22440757229731045,0.10039721793072429
