,training,validation,testing
rmse,0.01842270702564995,0.03611148048081026,0.03396964546580097
