,training,validation,testing
arv,0.016319915020696702,0.1519578002495172,0.06214397032576495
