,training,validation,testing
arv,0.006706688659281737,0.09556710813437172,0.05236732718337135
