,training,validation,testing
mse,0.001212891891506628,0.0012952683287792614,0.0011359537992866493
