,training,validation,testing
mae,0.020934361956942427,0.03262647355735798,0.028569090529213817
