,training,validation,testing
smape,2.62860994049276,6.096609937197825,4.669565872187108
