,training,validation,testing
arv,0.023646508419698096,0.09680849127604187,0.05193776126341116
