,training,validation,testing
nrmse,0.04161796665205406,0.0825054700267395,0.06392748869884922
