,training,validation,testing
mse,0.0003393961341529321,0.0013040390225159406,0.0011539368130722121
