,training,validation,testing
mape,1239.183906468149,6.144527320152824,4.716478673088155
