,training,validation,testing
rmse,0.0284534568972975,0.04089009282118242,0.036932702802074426
