,training,validation,testing
nrmse,0.035031966674735515,0.0604253921272474,0.048905953273366574
