,training,validation,testing
mape,3638.9762245233924,9.25126863769353,6.7712166644304075
