,training,testing
mape,156300.0846676319,115.18281184567458
