,training,validation,testing
arv,0.024434596298676187,0.09616305213584667,0.05316394999883207
