,training,validation,testing
mae,0.02590233754755326,0.02799488894707413,0.025826181607782044
