,training,validation,testing
mae,0.0241158838103489,0.027183363640176535,0.02503044596288611
