,training,validation,testing
nrmse,0.03482659747242944,0.0593144680414175,0.04802683028758027
