,training,testing
smape,7.768034207189718,5.499786704136114
