,training,testing
nrmse,0.041384484358011744,0.0555841577952433
