,training,testing
arv,0.03230584874243433,0.06809914796959202
