,training,testing
mape,833.8303576915996,5.658315370634537
