,training,testing
mae,0.03184363472944489,0.029609126044265077
