,training,testing
mse,0.0017126755455785187,0.0015215803056200681
