,training,testing
rmse,0.041384484358011744,0.03900743910615087
