,arima,lstm,mlp,rf,svr,xgboost
0,0.1214505188569759,0.029609126044265,0.0352426548075998,0.0239244520041685,0.0411812015598223,0.1079364340998519
