,arima,lstm,mlp,rf,svr,xgboost
0,0.6398507115289414,0.0366616388213825,0.025826181607782,0.0255296785884193,0.0250304459628861,0.0285690905292138
