,arima,lstm,mlp,rf,svr,xgboost
0,115.18281184567458,6.771216664430408,4.761602802268099,4.716478673088155,4.60189706489698,5.301305420273555
