,arima,lstm,mlp,rf,svr,xgboost
0,25.079073305280414,5.658315370634537,6.4150340345219785,4.436075633262619,7.139612542227256,18.37592637854791
