,training,testing
arv,0.041267491928038684,0.0930440463133919
