,training,testing
mape,1359.54195979615,6.4150340345219785
