,training,testing
mse,0.0021058984804142207,0.001905328241274421
