,training,testing
smape,7.0973955832828945,6.4554006952911465
