,training,testing
nrmse,0.04589006951851588,0.06219972904765116
