,training,testing
mae,0.03686764170434823,0.03524265480759982
