,arima,lstm,mlp,rf,svr,xgboost
0,0.0226337670631103,0.00152158030562,0.0019053282412744,0.0010575757162545,0.0024151526897772,0.0159317512324641
