,arima,lstm,mlp,rf,svr,xgboost
0,0.5061135859227585,0.0020126493034598,0.0011779213031167,0.0011539368130722,0.0011359537992866,0.0013640245362663
