,arima,lstm,mlp,rf,svr,xgboost
0,0.2143788868149206,0.0555841577952433,0.0621997290476511,0.0463403516981192,0.0700286713916089,0.1798603145936891
