,arima,lstm,mlp,rf,svr,xgboost
0,1.013742346041689,0.0639274886988492,0.0489059532733665,0.0484054882116524,0.0480268302875802,0.0526277353088684
