,training,testing
arv,0.003021291860137164,0.0490981107947305
