,training,testing
mae,0.009165279445014562,0.023924452004168567
