,training,testing
mape,320.49807918063317,4.436075633262619
