,training,testing
mse,0.000159864326813614,0.001057575716254554
