,training,testing
nrmse,0.012643746549722279,0.04634035169811921
