,training,testing
rmse,0.012643746549722277,0.03252038923897674
