,training,testing
smape,1.8380178490422405,4.379908478201442
