,arima,lstm,mlp,rf,svr,xgboost
0,0.7114166050372724,0.0448625601527586,0.0343208581349122,0.0339696454658009,0.0337039137087467,0.0369327028020744
