,arima,lstm,mlp,rf,svr,xgboost
0,21.39434570486456,5.499786704136114,6.4554006952911465,4.379908478201442,7.334340948455198,18.819252050365524
