,arima,lstm,mlp,rf,svr,xgboost
0,67.59151136232231,6.762603510514912,4.729182383638082,4.669565872187108,4.538390711245783,5.2481027122682296
