,training,testing
nrmse,0.0504463890944154,0.07002867139160893
