,training,testing
rmse,0.0504463890944154,0.049144203012941916
