,training,testing
smape,8.163659776408455,7.334340948455198
