,training,testing
arv,0.054409101277386566,0.1219393137988075
