,training,testing
mae,0.0433105619038458,0.041181201559822335
