,training,testing
mape,2939.4629191045974,7.139612542227256
