,training,testing
mse,0.002544838172665153,0.002415152689777249
