,training,testing
smape,29.156060624480656,18.819252050365524
