,training,testing
mse,0.040837706400557144,0.01593175123246419
