,training,testing
mae,0.17609330111043253,0.10793643409985193
