,training,testing
arv,2.2114075615775928,2.4423557514170753
