,training,testing
mape,11072.134813194294,18.37592637854791
