,training,testing
nrmse,0.2020834144618433,0.1798603145936891
