,training,testing
nrmse,0.7596451087859892,1.0105839120625335
