,training,testing
mse,0.5498101264474001,1.0212798433196144
