,training,testing
arv,1.203352819032577,1.2288218427385855
