,training,testing
mae,0.6372965199655918,0.8529232027500012
