,training,testing
mape,29201.12816441126,100604.33517855805
