,training,testing
smape,187.47688517899482,175.84425791314374
