,training,testing
rmse,0.7414918249363239,1.0105839120625335
