,arima,lstm,mlp,rf,svr,xgboost
0,1.0076557411644889,0.0041363183258063,0.0036807263766253,0.0039882682371942,0.0034775430647336,0.0047233746068229
