,arima,lstm,mlp,rf,svr,xgboost
0,1.2288218427385855,0.1104360782613096,0.0084422861211344,0.0038520354869844,0.0326671546662041,5.732691609275526
