,training,validation,testing
rmse,0.008110868609406923,0.020222022999726547,0.021055728776920444
