,training,validation,testing
arv,0.0006439811547577676,0.0042758587701754195,0.003988268237194208
