,training,testing
smape,198.7813044193592,195.06597939718918
