,training,validation,testing
mse,0.0004043793285536966,0.00037594697010321813,0.0003919672005542965
