,training,validation,testing
nrmse,0.017796162384062758,0.022308772530065624,0.022779898637305146
