,training,validation,testing
smape,9.353783146863865,10.322656988114485,12.935725373265097
