,training,testing
rmse,10.351028424357814,3.494193127351709
