,training,validation,testing
rmse,0.020503141919697487,0.01962442977326696,0.02026791501030642
