,training,validation,testing
mse,0.0004863647500063001,0.0004367542167651744,0.00045561696630877616
