,training,validation,testing
arv,0.004120305805536021,0.004019936781506856,0.0036807263766253607
