,training,validation,testing
arv,0.0048376850234468135,0.004604200659135895,0.004136318325806367
