,training,validation,testing
nrmse,0.022593599405606988,0.02147603115759418,0.02134518602188269
