,training,testing
nrmse,10.604443432863755,3.494193127351709
