,training,validation,testing
smape,10.266241109917397,9.254140087269846,12.5276241436257
