,training,validation,testing
mse,6.578618959906258e-05,0.0004089302142014695,0.00044334371432723567
