,training,validation,testing
mape,449.46792889370266,4377.508775356049,4312.678969085866
