,training,validation,testing
mae,0.012857973346623468,0.01669378097922492,0.016596299232484794
