,training,validation,testing
nrmse,0.008309439780635346,0.020780695181773303,0.021055728776920444
