,training,validation,testing
mape,2345.6978098403115,3770.1666443746553,7038.37356078707
