,training,validation,testing
mae,0.005903645774090055,0.015319203376820684,0.0153524861697033
