,training,validation,testing
mse,0.00030174769587597256,0.0004712815156877543,0.0005189237819258969
