,training,validation,testing
mape,1235.643282943964,2886.5937565613153,5761.906863531063
