,training,validation,testing
smape,4.063084230679547,8.085949181229331,11.207436813811258
