,training,testing
mape,1790096.2277062815,1433293.4360958498
