,training,testing
arv,1.000188277277265,1.0076557411644889
