,training,validation,testing
arv,0.002970307496563688,0.004954951322990558,0.004723374606822922
