,training,testing
mae,9.016211716597898,3.065324886062324
