,training,validation,testing
rmse,0.02010918517876089,0.019389351977392597,0.01979816154480755
