,training,validation,testing
mae,0.015031599148934092,0.014872076645459819,0.014566010321117191
