,training,validation,testing
rmse,0.022053678831575926,0.02089866543024158,0.02134518602188269
