,training,validation,testing
arv,0.003954605198989611,0.003913345998298702,0.0034775430647336924
