,training,validation,testing
mae,0.014282136459385527,0.014560778922224632,0.01403757424455584
