,training,validation,testing
mse,0.0004203788285792564,0.0003851182439258867,0.0004107883788650043
