,training,validation,testing
smape,9.836247689555872,9.112935976930409,12.402764022760952
