,training,validation,testing
rmse,0.017370886444737717,0.021709019224454944,0.022779898637305146
