,training,validation,testing
nrmse,0.02060150044679083,0.019925020024938036,0.01979816154480755
