,training,testing
mse,107.1437894418634,12.209385611231916
