,training,validation,testing
smape,9.15438296816067,9.442845196315808,11.882605476993687
