,training,validation,testing
mae,0.016323956559462074,0.015779456408110727,0.015583106445020414
