,training,validation,testing
mape,2266.1369204355506,3179.475644719777,6518.567872054746
