,training,validation,testing
mape,2816.950068113505,4995.505258079826,7445.674766771541
