,training,validation,testing
nrmse,0.021005102079690093,0.020166592295928643,0.02026791501030642
