,training,testing
rmse,0.0876462042943014,0.08962577224103979
