,training,testing
mape,13741.294869441052,25183.888100408207
