,training,testing
nrmse,0.08979196824124287,0.08962577224103979
