,training,testing
arv,0.12028088897228377,0.11043607826130963
