,training,testing
smape,30.516276715694307,36.99620197271504
