,training,testing
mse,0.007681857127198416,0.008032779049802739
