,training,testing
mae,0.0762034263682785,0.07784901106620593
