,arima,lstm,mlp,rf,svr,xgboost
0,3.065324886062324,0.0155831064450204,0.0145660103211171,0.0153524861697033,0.0140375742445558,0.0165962992324847
