,arima,lstm,mlp,rf,svr,xgboost
0,0.8529232027500012,0.0778490110662059,0.0211951413399992,0.0150177724583348,0.0494231915416998,0.2150668749515356
