,arima,lstm,mlp,rf,svr,xgboost
0,100604.33517855805,25183.888100408207,4786.498922791322,4397.37399680622,33687.810148288736,126068.67280702216
