,arima,lstm,mlp,rf,svr,xgboost
0,1433293.4360958498,7038.37356078707,6518.567872054746,4312.678969085866,5761.906863531063,7445.674766771541
