,training,testing
mape,2856.1998998754416,4786.498922791322
