,training,testing
mae,0.02288250091579445,0.02119514133999927
