,training,testing
mse,0.0009537651469952165,0.0008975605040159311
