,training,testing
smape,13.497722630737519,15.527756608818958
