,training,testing
nrmse,0.031639171508223464,0.029959314144618384
