,training,testing
arv,0.010027335513683098,0.00844228612113441
