,arima,lstm,mlp,rf,svr,xgboost
0,1.0212798433196144,0.0080327790498027,0.0008975605040159,0.0004284902630878,0.0030848958190369,0.0562726020233633
