,arima,lstm,mlp,rf,svr,xgboost
0,12.209385611231916,0.0004556169663087,0.000410788378865,0.0004433437143272,0.0003919672005542,0.0005189237819258
