,training,testing
mae,0.005849037055963727,0.01501777245833487
