,training,testing
mape,639.5442183806745,4397.37399680622
