,arima,lstm,mlp,rf,svr,xgboost
0,3.494193127351709,0.0213451860218826,0.0202679150103064,0.0210557287769204,0.0197981615448075,0.0227798986373051
