,arima,lstm,mlp,rf,svr,xgboost
0,1.0105839120625335,0.0896257722410397,0.0299593141446183,0.020700006354778,0.0555418384556813,0.2372184689760966
