,arima,lstm,mlp,rf,svr,xgboost
0,195.0659793971892,12.5276241436257,12.402764022760952,11.207436813811258,11.882605476993689,12.935725373265097
