,arima,lstm,mlp,rf,svr,xgboost
0,175.84425791314374,36.99620197271504,15.527756608818958,11.411350439268157,32.83327283604825,62.843986953665855
