,training,testing
mse,0.002614605188593327,0.003084895819036998
