,training,testing
smape,25.723039691484818,32.83327283604825
