,training,testing
mae,0.04424319224239874,0.049423191541699885
