,training,testing
rmse,0.05113321023164228,0.0555418384556813
