,training,testing
nrmse,0.052385059069705094,0.0555418384556813
