,training,testing
mape,19288.414598164538,33687.810148288736
