,training,testing
arv,0.030267993502309173,0.03266715466620416
