,training,testing
mape,73172.85346438292,126068.67280702216
