,training,testing
rmse,0.2270668586183307,0.23721846897609666
