,training,testing
mse,0.05155935828279698,0.05627260202336333
