,training,testing
arv,4.898519557298684,5.732691609275526
