,training,testing
mae,0.20671937856619665,0.21506687495153565
