,training,testing
nrmse,0.23262593425305447,0.23721846897609666
