,training,testing
smape,53.76299310727962,62.843986953665855
