,training,testing
mape,245.17586418302008,15.568608245281082
