,training,testing
mae,0.49417267251408964,0.09549796862554458
