,training,testing
nrmse,0.5018114885230788,0.24722522400866506
