,training,testing
smape,74.71689098175197,14.048895485404698
