,training,testing
arv,0.9057716235753887,1.4132288293957762
