,training,testing
mse,0.2513864506468866,0.012825337394968222
