,training,testing
rmse,0.5013845337132834,0.11324900615443927
