,arima,lstm,mlp,rf,svr,xgboost
0,1.4132288293957762,1.035476331101448,4.041621920420978,8.815705179586054,6.090856074140414,1.3250149450648785
