,arima,lstm,mlp,rf,svr,xgboost
0,1.4214606724378842,4.061418409572885,5.673711536615541,5.045368135881387,7.266190674891433,2.31347919730909
