,training,validation,testing
arv,0.07262649428560851,2.7729100321268754,4.061418409572885
