,training,validation,testing
mape,5.995732562272649,5.8596526782157845,7.6709219547910195
