,training,validation,testing
nrmse,0.029907068702181475,0.12295822235258515,0.14031290906445312
