,training,validation,testing
mae,0.021012805723696435,0.03629568056703802,0.04926495107508125
