,training,validation,testing
arv,0.014689712872622607,6.066214521122217,5.045368135881387
