,training,validation,testing
rmse,0.04666270652526699,0.045633142836571744,0.06346069199934233
