,training,testing
nrmse,0.46950526902123024,0.24573541743062707
