,training,validation,testing
mse,0.00045335832383494134,0.0022600517461008707,0.004595706095258118
