,training,validation,testing
mse,0.0020848376892512064,0.00274744312631202,0.004703628176466571
