,training,validation,testing
rmse,0.02988162295787047,0.04596788524293725,0.06427458025735526
