,training,validation,testing
mse,0.0006381480453634946,0.0028049027897750043,0.0070769510084220605
