,training,testing
rmse,0.46910580121824524,0.11256655510195622
