,training,validation,testing
mse,0.0008929113905963316,0.0021130464737078476,0.004131221667259202
