,training,validation,testing
rmse,0.021292212751025698,0.04754000153660989,0.06779163735489886
