,training,validation,testing
mape,40.29666121539881,6.931239265263259,8.482721687260307
