,training,testing
smape,78.1229662661183,13.959893624761488
