,training,validation,testing
rmse,0.04566002287834738,0.052416057905111675,0.06858300209575673
