,training,testing
arv,0.9396719339623917,1.4214606724378842
