,training,validation,testing
nrmse,0.021310344169196725,0.1271634326593008,0.14799072680711592
