,training,validation,testing
rmse,0.025261592296676284,0.05296133296826095,0.08412461594814005
