,training,validation,testing
mse,0.0021774081802631946,0.002082383725142959,0.004027259429035392
