,training,testing
mape,293.75755077743537,15.459359565328676
