,training,validation,testing
smape,5.975291334146818,5.837155883160159,7.62910891669801
