,training,validation,testing
nrmse,0.04569890474460461,0.14020626071182907,0.14971829450924956
