,training,validation,testing
mape,35.166165911805855,5.787316133972206,7.493443140751473
