,training,testing
mae,0.4639530962214855,0.09482752415430606
