,training,validation,testing
smape,6.090263739335957,6.722626222254367,10.498605955642143
