,training,validation,testing
smape,4.006571296402062,5.955555806251275,8.023461808798398
