,training,testing
mse,0.2200602527366118,0.012671229327521745
