,training,validation,testing
smape,14.568173964687803,6.69755436271323,8.256223021979698
