,training,validation,testing
nrmse,0.025283103846412934,0.14166480186732697,0.18364600033716524
