,training,validation,testing
mae,0.037849274107881074,0.03597651211608609,0.048518834532870016
