,training,validation,testing
arv,0.0944248760478846,7.0043305332918075,7.266190674891433
