,training,validation,testing
smape,16.4469176047951,5.78926946661734,7.516208539178786
