,training,validation,testing
mape,4.365308897043591,5.871837678247607,7.787047398095842
