,training,validation,testing
mae,0.014434888063502332,0.03697213746724471,0.051663243717595314
