,training,validation,testing
mape,9.466984799058727,6.531333912083248,9.852725923425908
