,training,validation,testing
mae,0.033972742885935645,0.0419128382847323,0.053520238161374814
