,training,validation,testing
arv,0.020906610162005825,4.265432262948679,2.31347919730909
