,training,validation,testing
arv,0.029078059146480314,5.263951007754957,5.673711536615541
