,training,validation,testing
nrmse,0.04670244222840384,0.12206282916633773,0.13853617199860313
