,training,testing
nrmse,0.24126618574889439,0.7437797570401964
