,training,testing
rmse,0.2410609099415396,0.3407108583695338
