,training,testing
mape,108.90548234927084,51.47188119910573
