,training,testing
smape,56.82911677688685,69.58371774920441
