,training,testing
mse,0.05811036230184306,0.11608388901090451
