,training,testing
mae,0.21993948856473056,0.3348154954954799
