,training,testing
arv,2.473364570165944,1.0354763311014479
