,arima,lstm,mlp,rf,svr,xgboost
0,0.094827524154306,0.0535202381613748,0.0492649510750812,0.0516632437175953,0.04851883453287,0.066655331404685
