,arima,lstm,mlp,rf,svr,xgboost
0,0.0954979686255445,0.3348154954954799,0.051433029273175,0.0501055382450284,0.0521590960430751,0.1109722422506264
