,arima,lstm,mlp,rf,svr,xgboost
0,15.568608245281082,51.47188119910573,8.052169850574185,7.682145432209814,7.918908316342602,16.49762429390088
