,arima,lstm,mlp,rf,svr,xgboost
0,15.459359565328676,8.482721687260307,7.6709219547910195,7.787047398095842,7.493443140751473,9.852725923425908
