,training,testing
rmse,0.036713826279373994,0.06646131594143008
