,training,testing
mape,12.309217665989411,8.052169850574185
