,training,testing
arv,0.04453051419780621,4.041621920420978
