,training,testing
nrmse,0.036745089997462545,0.14508660410779803
