,training,testing
mae,0.02711596755535264,0.05143302927317503
