,training,testing
smape,8.19504796352032,7.948449424008948
