,arima,lstm,mlp,rf,svr,xgboost
0,0.0126712293275217,0.0047036281764665,0.0041312216672592,0.0045957060952581,0.0040272594290353,0.007076951008422
