,arima,lstm,mlp,rf,svr,xgboost
0,0.0128253373949682,0.1160838890109045,0.0044171065166665,0.0042444793368651,0.0047492280843769,0.0160041341417605
