,arima,lstm,mlp,rf,svr,xgboost
0,0.245735417430627,0.1497182945092495,0.1403129090644531,0.1479907268071159,0.1385361719986031,0.1836460003371652
