,arima,lstm,mlp,rf,svr,xgboost
0,0.247225224008665,0.7437797570401964,0.145086604107798,0.1422232476481578,0.1504422753672445,0.276168709826012
