,training,testing
arv,0.005507904154363525,8.815705179586054
