,training,testing
mse,0.00017018448682694967,0.004244479336865192
