,training,testing
mape,2.3068318369081546,7.682145432209814
