,training,testing
mae,0.009362830491968583,0.05010553824502847
