,training,testing
nrmse,0.01305658653645817,0.14222324764815789
