,training,testing
rmse,0.013045477638896541,0.06514966873948932
