,training,testing
smape,2.2419480319845064,7.765943916053958
