,arima,lstm,mlp,rf,svr,xgboost
0,0.1125665551019562,0.0685830020957567,0.0642745802573552,0.0677916373548988,0.0634606919993423,0.08412461594814
