,arima,lstm,mlp,rf,svr,xgboost
0,0.1132490061544392,0.3407108583695338,0.06646131594143,0.0651496687394893,0.0689146434684018,0.1265074469814349
