,arima,lstm,mlp,rf,svr,xgboost
0,14.048895485404698,69.58371774920441,7.948449424008948,7.765943916053958,8.102320324210945,18.345127472682567
