,arima,lstm,mlp,rf,svr,xgboost
0,13.959893624761488,8.256223021979698,7.62910891669801,8.023461808798398,7.516208539178786,10.498605955642144
