,training,testing
mae,0.0353246586395953,0.05215909604307516
