,training,testing
arv,0.07670842167048511,6.090856074140414
