,training,testing
smape,12.568123562110966,8.102320324210945
