,training,testing
mape,25.066643737964217,7.918908316342602
