,training,testing
mse,0.0018921663617450823,0.004749228084376938
