,training,testing
nrmse,0.04353608030675375,0.15044227536724458
