,training,testing
rmse,0.12872398984887312,0.12650744698143498
