,training,testing
smape,27.91292779715565,18.345127472682567
