,training,testing
mape,97.49477853954728,16.49762429390088
