,training,testing
mae,0.09833090548637541,0.11097224225062642
