,training,testing
nrmse,0.12883360497041466,0.276168709826012
