,training,testing
arv,5.427183722120168,1.3250149450648785
