,training,testing
mse,0.016569865562612793,0.016004134141760586
