,arima,lstm,mlp,rf,svr,xgboost
0,38.21583715530426,1.1297108823078927,0.7656316740383614,1.1122495442220228,0.9643373692062888,1.0289833681367628
