,arima,lstm,mlp,rf,svr,xgboost
0,0.0442410295005694,0.1491715248916325,0.0546875928033985,0.161997633221033,0.0682508522102742,0.3337964131202801
