,arima,lstm,mlp,rf,svr,xgboost
0,86019.53842659768,205373.7836906161,75700.37946090396,216455.18850242769,105237.62102597184,358119.46383192507
