,training,validation,testing
arv,0.025415010829896157,0.2622588260530157,1.0289833681367628
