,training,validation,testing
arv,0.030813187372263955,0.16796637620170315,1.1122495442220228
