,training,validation,testing
rmse,0.03904571276413043,0.04426352757641013,0.0770668108712638
