,training,validation,testing
mse,0.0014757530190700364,0.0019193412773294985,0.004489599962685839
