,training,validation,testing
mae,0.029486804908427436,0.0343419610943138,0.05468759280339857
