,training,validation,testing
mape,11.921316122880127,35.51453130267331,205373.7836906161
