,training,validation,testing
nrmse,0.032769183557359,0.10459602442837686,1.3156577870225348
