,training,validation,testing
smape,11.588808410938883,24.059647553810752,81.12591397344508
