,training,validation,testing
mse,0.0007032193736732844,0.006409859783875978,0.11585425188677416
