,training,validation,testing
mape,5.675360358984331,10.563039542412357,75700.37946090396
