,training,validation,testing
smape,4.227699514938827,16.78231661316248,84.7305869038469
