,training,validation,testing
mae,0.06038714391211821,0.08145081539284929,0.1491715248916325
