,training,testing
nrmse,0.620476018479605,0.21219306442904196
