,training,validation,testing
nrmse,0.04824958282319445,0.057827835260934296,0.29788891295439196
