,training,validation,testing
arv,0.26651036254499916,0.4626767095486365,1.1297108823078927
