,training,testing
rmse,0.5021168469655579,0.05489644647181142
