,training,validation,testing
rmse,0.026518283761836556,0.08006159993327625,0.34037369446943777
