,training,validation,testing
arv,0.05011731324306631,0.06092907196618331,0.7656316740383614
