,training,validation,testing
mse,0.0008916720115171369,0.004121304561481228,0.029204198934137338
