,training,validation,testing
mape,4.260706917449676,23.910605558367934,216455.18850242766
