,training,validation,testing
nrmse,0.047470854329921125,0.05723570212516312,0.2589946391414459
