,training,validation,testing
mape,5.486707893252294,12.075638673624434,105237.62102597184
