,training,validation,testing
mse,0.0015245676852589781,0.00195925987350762,0.005939293337867143
