,training,validation,testing
smape,3.2650729519382367,20.38291028603069,117.70224452130213
