,training,testing
smape,129.09730726177202,39.62048707176511
