,training,testing
arv,1.1390021204295682,38.215837155304264
