,training,validation,testing
mae,0.028174899593205332,0.034972913472377964,0.06825085221027428
