,training,validation,testing
mae,0.022138856974212983,0.049003992753247905,0.16199763322103308
