,training,validation,testing
rmse,0.038415530961709174,0.04381028734589056,0.06700447718388555
