,training,testing
mae,0.47048147367430104,0.044241029500569455
