,training,validation,testing
smape,5.621685381266832,10.081289037872393,42.42484364043682
