,training,validation,testing
smape,5.407757056519849,10.82563738201113,50.87245335406377
