,training,testing
mse,0.2521213280066335,0.003013619835232456
