,training,testing
mape,77.7118955407941,86019.53842659768
