,training,validation,testing
mse,0.005982617619947626,0.0100881114989886,0.025139990666822726
