,training,validation,testing
nrmse,0.036899694878710664,0.08387031381466194,0.660555938095886
