,training,validation,testing
mape,3.3589012869735217,30.400176666812094,358119.46383192507
