,training,validation,testing
rmse,0.07734738276081245,0.10043959129242114,0.15855595437202202
