,training,validation,testing
nrmse,0.09557973683870222,0.13121873598771042,0.6128716156326565
