,training,validation,testing
arv,0.05344598695047218,0.06852123968363558,0.9643373692062887
