,training,validation,testing
mae,0.016354610749149685,0.06120991594474556,0.33379641312028013
