,training,validation,testing
rmse,0.0298608776079528,0.06419738749732132,0.17089236066640703
