,arima,lstm,mlp,rf,svr,xgboost
0,0.0030136198352324,0.0251399906668227,0.0044895999626858,0.0292041989341373,0.0059392933378671,0.1158542518867741
