,arima,lstm,mlp,rf,svr,xgboost
0,0.2121930644290419,0.6128716156326565,0.2589946391414459,0.660555938095886,0.2978889129543919,1.3156577870225348
