,arima,lstm,mlp,rf,svr,xgboost
0,0.0548964464718114,0.158555954372022,0.0670044771838855,0.170892360666407,0.0770668108712638,0.3403736944694377
