,arima,lstm,mlp,rf,svr,xgboost
0,39.62048707176511,81.12591397344508,42.42484364043682,84.7305869038469,50.87245335406377,117.70224452130212
