,training,testing
mape,80.81741526902981,32626.024945627694
