,training,testing
smape,136.93355425923494,61.94963884754012
