,training,testing
mae,0.5512305201174823,0.12952128686900866
