,training,testing
arv,0.9523939466037605,1.2719781717058873
