,training,testing
nrmse,0.8880726418255138,0.3764168881067085
