,training,testing
mse,0.306489016415166,0.022708196842496267
