,training,testing
rmse,0.5536145016301199,0.15069239145522997
