,arima,lstm,mlp,rf,svr,xgboost
0,1.2719781717058871,1.3349145677058545,1.215087059301431,1.382036269764093,1.159034828496457,1.1701269746605247
