,arima,lstm,mlp,rf,svr,xgboost
0,1.246002456302353,0.97948682326142,0.0548061603490272,1.070465000247755,0.0109263839694661,1.0770519985695262
