,training,testing
rmse,0.5566102219201751,0.15424988945822868
