,training,validation,testing
mae,0.026067058345943656,0.011033196739824933,0.023975279444838845
