,training,validation,testing
arv,0.26836615829810545,0.04089057202466087,0.010926383969466179
