,training,testing
mae,0.5538692717293436,0.13399110544055173
