,training,validation,testing
mape,3.3369618324040173,2.1613857409265593,5484.733817361486
