,training,validation,testing
smape,3.327772244826716,2.1501261856287908,41.413229233959925
