,training,validation,testing
rmse,0.03394392441732867,0.014527816509408608,0.011763218784849701
