,training,validation,testing
nrmse,0.08403201599643186,0.048359902812978466,0.02938352869943678
