,training,validation,testing
mape,3.2841197988567936,2.1788527169670857,392.3368852479823
