,training,validation,testing
mse,0.001519724231679441,0.0004378029308543109,0.01677037983717104
