,training,testing
nrmse,1.3779514265090564,0.38530321816493557
