,training,validation,testing
mae,0.025643855919971124,0.011144325135067107,0.0094883008455127
