,training,validation,testing
mae,0.023037106730904193,0.08482051240651227,0.39719164504091425
