,training,validation,testing
smape,3.2740114652437926,2.172341428502375,12.139087317435553
