,training,validation,testing
rmse,0.030100606281477534,0.10714613842373069,0.4122099208773829
