,training,validation,testing
nrmse,0.07451744817273187,0.35666590623593186,1.0296656265454218
