,training,validation,testing
nrmse,0.03500914379195749,0.4041727943456554,1.0734191541240306
