,training,testing
mape,72.80734768811197,33050.51467859128
