,training,testing
mse,0.3098149391460265,0.023793028397875768
