,training,validation,testing
mae,0.01051113888721384,0.09960554118358138,0.4153415024255783
