,training,validation,testing
mse,0.00019998504354440158,0.014742257986639766,0.18466437961656726
