,training,validation,testing
arv,0.043566546297090246,1.5063697092356436,1.070465000247755
