,training,validation,testing
rmse,0.014141606823285732,0.12141770046677612,0.4297259354711643
