,training,validation,testing
rmse,0.038983640564722026,0.02092374084274394,0.1295005013008484
