,training,validation,testing
nrmse,0.09650840212988185,0.06965052683476078,0.32348133331208356
