,training,testing
arv,0.9762542979350113,1.246002456302353
