,training,validation,testing
nrmse,0.08476189335113855,0.048335338506453364,0.07645219767134827
