,training,validation,testing
mape,2.934691054703782,18.52455360982029,71260.73257579075
