,training,validation,testing
mape,1.3456471166190047,21.55148270427201,73424.29319532122
