,training,validation,testing
mse,0.0011722920942024318,0.00021084309464634008,0.0009367515022290808
