,training,validation,testing
rmse,0.034238751352852106,0.014520437136888824,0.030606396426712517
