,training,validation,testing
mse,0.0011521900048493217,0.00021105745253104533,0.00013837331618024088
