,training,validation,testing
smape,1.344010080188748,18.391886299358415,107.23141068089832
