,training,validation,testing
mae,0.029554570480845064,0.016678891978564696,0.11774697268975619
