,training,validation,testing
arv,0.27727161111365184,0.041335564530489345,0.054806160349027286
