,training,testing
smape,117.11188388703474,63.11434538904871
