,training,validation,testing
smape,3.7608151390018607,3.3630302428501126,59.39895090127065
