,training,validation,testing
smape,2.942150345839656,15.996697229250115,105.22580719163963
