,training,validation,testing
mse,0.0009060464985125249,0.01148029497911726,0.16991701886973826
