,training,validation,testing
mape,3.8120747849016623,3.4259820971320467,27152.238806123114
