,training,validation,testing
arv,0.2181742310242228,1.752480384903539,1.0770519985695262
