,training,validation,testing
arv,0.23624217338389542,0.13245456240002018,0.97948682326142
