,training,testing
mse,0.09332539997366046,0.029344499010622714
