,training,testing
arv,1.171794720796877,1.3349145677058545
