,training,testing
mape,37.72215548466919,37342.19553953809
