,training,testing
mae,0.28197729791527854,0.14684832190798847
