,training,testing
rmse,0.3054920620468893,0.17130236136907953
