,training,testing
nrmse,0.4900506431819676,0.42789885520555165
