,training,testing
smape,47.66931566947103,65.68121084963835
