,arima,lstm,mlp,rf,svr,xgboost
0,0.1295212868690086,0.1468483219079884,0.1084730511635113,0.1777374856723843,0.3982738611623,0.2674947152355079
