,arima,lstm,mlp,rf,svr,xgboost
0,0.1339911054405517,0.1177469726897561,0.0239752794448388,0.4153415024255783,0.0094883008455127,0.3971916450409142
