,arima,lstm,mlp,rf,svr,xgboost
0,33050.51467859128,27152.238806123118,5484.733817361486,73424.29319532122,392.3368852479823,71260.73257579075
