,arima,lstm,mlp,rf,svr,xgboost
0,32626.02494562769,37342.19553953809,28873.31563858448,45007.44133081361,78565.80954041416,55757.65158758519
