,training,testing
mae,0.03068824152971439,0.10847305116351133
