,training,testing
smape,4.205928365841357,56.44405193720726
