,training,testing
nrmse,0.06676381670573707,0.32195999018156657
