,training,testing
mape,4.188007081347155,28873.315638584478
