,training,testing
rmse,0.04161981280776059,0.12889145627177284
