,training,testing
arv,0.11666093827271645,1.215087059301431
