,training,testing
mse,0.0017322088181530324,0.016613007499858327
