,arima,lstm,mlp,rf,svr,xgboost
0,0.0237930283978757,0.016770379837171,0.000936751502229,0.1846643796165672,0.0001383733161802,0.1699170188697382
