,arima,lstm,mlp,rf,svr,xgboost
0,0.0227081968424962,0.0293444990106227,0.0166130074998583,0.0435790923206823,0.1892142022684134,0.0837265900058968
