,arima,lstm,mlp,rf,svr,xgboost
0,0.3764168881067085,0.4278988552055516,0.3219599901815665,0.5214550348556102,1.0865623200923489,0.7227855754006155
