,arima,lstm,mlp,rf,svr,xgboost
0,0.3853032181649355,0.3234813333120835,0.0764521976713482,1.0734191541240306,0.0293835286994367,1.0296656265454218
