,training,testing
arv,0.008380894588449792,1.3820362697640933
