,training,testing
mape,1.1560307401306225,45007.44133081361
