,training,testing
mae,0.008490575755263689,0.1777374856723843
