,training,testing
mse,0.0001377426190002583,0.04357909232068234
