,training,testing
nrmse,0.018826743327064605,0.5214550348556102
