,training,testing
rmse,0.011736380148932562,0.20875605936279393
