,training,testing
smape,1.1545099117857365,71.4224710745106
