,arima,lstm,mlp,rf,svr,xgboost
0,0.1506923914552299,0.1713023613690795,0.1288914562717728,0.2087560593627939,0.4349875886372086,0.2893554734334515
