,arima,lstm,mlp,rf,svr,xgboost
0,0.1542498894582286,0.1295005013008484,0.0306063964267125,0.4297259354711643,0.0117632187848497,0.4122099208773829
