,arima,lstm,mlp,rf,svr,xgboost
0,63.11434538904871,59.39895090127065,41.413229233959925,107.23141068089832,12.139087317435552,105.22580719163965
