,arima,lstm,mlp,rf,svr,xgboost
0,61.94963884754012,65.68121084963835,56.44405193720726,71.4224710745106,102.39158029195625,87.80590384701
