,training,testing
rmse,0.03925859878742261,0.4349875886372086
