,training,testing
smape,4.765674463163798,102.39158029195623
