,training,testing
mae,0.031701981121325475,0.39827386116230007
