,training,testing
mse,0.0015412375787518201,0.18921420226841343
