,training,testing
mape,4.898659848417494,78565.80954041416
