,training,testing
nrmse,0.06297610961572665,1.0865623200923487
