,training,testing
arv,0.12368830420134538,1.159034828496457
