,training,testing
mape,20.317305782430857,55757.65158758519
