,training,testing
mse,0.030172227230804313,0.08372659000589688
