,training,testing
mae,0.15375229324532858,0.26749471523550794
