,training,testing
nrmse,0.2786408064990158,0.7227855754006155
