,training,testing
arv,1.330672342013409,1.1701269746605247
