,training,testing
smape,22.96600222799817,87.80590384701
