,arima,lstm,mlp,rf,svr,xgboost
0,8.361877346265686,1.7504005249966597,0.985919892372011,1.5609835581201843,1.006193613313229,1.735468781096705
