,arima,lstm,mlp,rf,svr,xgboost
0,0.0472857543118132,0.0416809866601757,0.0388953880121294,0.0400873161097859,0.0473173947955457,0.0405047280393457
