,arima,lstm,mlp,rf,svr,xgboost
0,51.62780736663005,48.8615322916007,47.582980676502565,47.85723618638085,61.44236797854951,54.133691450643695
