,training,validation,testing
arv,0.35639990896609375,1.4272698605654053,1.735468781096705
