,training,testing
mse,0.03259326902004465,0.004614725292429741
