,training,testing
arv,2.290679316541467,8.361877346265686
