,training,validation,testing
rmse,0.06287330223095781,0.07281135051373794,0.05390648905694727
