,training,validation,testing
smape,29.55648218781613,35.90748079812403,31.679108520292786
