,training,validation,testing
arv,0.2355612111594153,1.8504753058905774,1.5609835581201843
