,training,validation,testing
rmse,0.06980195654284378,0.06820667546936636,0.058531270124844596
