,training,validation,testing
smape,24.17942202616947,34.79157098257053,33.1644198072917
