,training,validation,testing
mse,0.003953052133425365,0.005301492763634405,0.0029059095624467753
