,training,validation,testing
arv,0.29137423257189243,0.8788603501123459,0.985919892372011
