,training,validation,testing
mse,0.004144519757039595,0.004314661846959982,0.0027406829358330455
