,training,validation,testing
rmse,0.06437794464752347,0.06568608564193776,0.052351532315998595
