,training,testing
mape,24765.25244530532,51.62780736663005
