,training,validation,testing
mape,19705.045117182122,55.69421658773459,48.8615322916007
