,training,validation,testing
mae,0.036424989328591284,0.04854995386464196,0.04008731610978591
