,training,validation,testing
mae,0.04663308527383062,0.04745698320237786,0.03889538801212944
