,training,validation,testing
mape,17158.127457704857,41.167914079798976,47.85723618638085
