,training,validation,testing
mae,0.05211778041908103,0.05018272694928983,0.04731739479554577
