,training,validation,testing
nrmse,0.07597321649027788,0.21749246809807182,0.15969280940111222
