,training,validation,testing
mae,0.05300109217028943,0.06503776265700628,0.04168098666017572
