,training,validation,testing
rmse,0.07597321649027788,0.09284377247055804,0.0579976617486714
