,training,testing
smape,76.17358215533842,38.12384771236799
