,training,validation,testing
nrmse,0.06287330223095781,0.17056523994442865,0.14842803007746125
