,training,validation,testing
smape,34.42342975680526,37.25542805400118,37.3587159659561
