,training,validation,testing
mse,0.005771929623878631,0.008619966086564752,0.0033637287683133017
