,training,validation,testing
nrmse,0.06437794464752347,0.1538738518030028,0.14414655729093154
