,training,validation,testing
smape,29.86499204173252,40.16968270051306,33.87473080637617
