,training,validation,testing
mape,25347.902717302873,56.417690087608484,54.133691450643695
