,training,validation,testing
mape,21353.851537176142,46.37348864266052,47.582980676502565
