,training,validation,testing
arv,0.5000438638074327,2.6516559576532996,1.7504005249966597
