,training,validation,testing
mse,0.0031218610789718335,0.004984961795430445,0.0027606317623725778
