,training,validation,testing
mae,0.045483203292897595,0.054892789013988405,0.040504728039345794
