,training,testing
nrmse,0.18053606016539922,0.1870457320927263
