,training,validation,testing
mse,0.004872313137209053,0.004652150578583463,0.0034259095824275255
