,training,testing
rmse,0.18053606016539922,0.06793176938980569
