,training,validation,testing
rmse,0.055873617020664,0.07060426187866031,0.05254171449784045
