,training,validation,testing
mape,23641.590362892923,52.58963369076884,61.442367978549505
