,training,validation,testing
nrmse,0.055873617020664,0.16539499382257425,0.14467021162458327
