,training,validation,testing
nrmse,0.06980195654284378,0.15977849449515735,0.161162065542512
