,training,validation,testing
arv,0.39958835090575434,0.9719185030825902,1.006193613313229
