,training,validation,testing
smape,31.70202268189131,44.04961591977525,33.094108535874334
