,training,testing
mae,0.142226976079239,0.047285754311813255
