,arima,lstm,mlp,rf,svr,xgboost
0,0.0046147252924297,0.0033637287683133,0.002740682935833,0.0027606317623725,0.0034259095824275,0.0029059095624467
