,arima,lstm,mlp,rf,svr,xgboost
0,0.1870457320927263,0.1596928094011122,0.1441465572909315,0.1446702116245832,0.161162065542512,0.1484280300774612
