,arima,lstm,mlp,rf,svr,xgboost
0,0.0679317693898056,0.0579976617486714,0.0523515323159985,0.0525417144978404,0.0585312701248445,0.0539064890569472
