,arima,lstm,mlp,rf,svr,xgboost
0,38.12384771236799,33.094108535874334,31.679108520292782,33.1644198072917,37.3587159659561,33.87473080637617
