,training,testing
mse,0.1010481787461307,0.09439751991128227
