,training,testing
mape,489.039734500237,81801.46375596478
