,training,testing
arv,27.64362629022035,11.599235881054819
