,training,testing
nrmse,0.3180586577448785,0.3091984067262087
