,training,testing
mae,0.27034260473709176,0.25826792125134057
