,training,testing
smape,45.86834931831093,49.11997689527915
