,arima,lstm,mlp,rf,svr,xgboost
0,1.0936577703302928,0.0126907907315265,0.0258340387171525,0.0007044016596174,0.00059752157482,0.0010096625587373
