,arima,lstm,mlp,rf,svr,xgboost
0,11.59923588105482,1.519685134394574,0.0064914651293148,0.0007336898270598,0.0483209671567179,2.5359646415161308
