,training,validation,testing
nrmse,0.0028316016085500402,0.00660575056181218,0.009120175413002555
