,training,validation,testing
smape,2.8009577331854403,2.976667406351296,3.7422406299816435
