,training,validation,testing
arv,0.0005347956810023576,0.0006662709686613875,0.0010096625587373007
