,training,testing
mape,2144.9100212028106,29944.08663098104
