,training,validation,testing
rmse,0.04964065157158169,0.048127761795945294,0.05400508519897269
