,training,testing
mae,3.0717280699257308,1.0890639167144818
