,training,validation,testing
rmse,0.007275596713797343,0.0077652232410685565,0.010828862266703829
