,training,validation,testing
mape,24.44915171131096,26.280811604006722,4084.9261211562066
