,training,testing
nrmse,3.547213846050575,1.2286514452852613
