,training,validation,testing
mape,1.530578119670471,3.182344644884917,662.0049547106463
