,training,validation,testing
mae,0.004818034414739112,0.004784872210187824,0.0055727500475303065
