,training,validation,testing
rmse,0.02270010284513118,0.01531387493821232,0.038421926244389316
