,training,validation,testing
mse,0.0005152946691795327,0.00023451476562320737,0.0014762444163292927
