,training,testing
rmse,3.545229825770397,1.2208765177963072
