,training,validation,testing
smape,18.72474397319951,17.403752458770512,22.661427688169177
