,training,validation,testing
rmse,0.0066871481033389645,0.006085764786238154,0.008348273203093202
