,training,validation,testing
mae,0.015359567994370752,0.012142821058448623,0.018068200891882557
