,training,validation,testing
nrmse,0.02271280652489814,0.01541077888345418,0.0386666092128809
