,training,validation,testing
mse,5.293430754181869e-05,6.029869198363126e-05,0.000117264257991242
