,training,validation,testing
mae,0.002070524108597228,0.0049509458721070316,0.0061217958708032535
