,training,validation,testing
arv,8.041560991219225e-05,0.0004736985006277678,0.0007044016596174245
