,training,validation,testing
mse,8.009000991812063e-06,4.308889477112017e-05,8.21282317484501e-05
