,training,testing
smape,187.02031816049836,171.04443189555107
