,training,validation,testing
smape,6.842928857540076,7.182336195373258,8.939748519325235
