,training,testing
arv,1.0108749415868894,1.0936577703302928
