,training,validation,testing
rmse,0.0028300178430200867,0.006564213187513045,0.009062462786044978
