,training,validation,testing
mape,9.689710035071506,10.29747691398254,2701.0009463436163
