,training,validation,testing
arv,0.02595770153803941,0.026914665919601736,0.025834038717152556
