,training,validation,testing
nrmse,0.007279668362784849,0.007814360430106563,0.010897823883775032
