,training,testing
mse,12.568654517532,1.490539471706437
