,training,validation,testing
mse,4.471794975598991e-05,3.7036533033416324e-05,6.969366547348402e-05
