,training,validation,testing
arv,0.005187152355582334,0.0025685531621385182,0.012690790731526543
