,training,validation,testing
mape,7.950609459517119,6.486054458389616,2835.056108343496
