,training,validation,testing
smape,1.2674189165919219,2.554905461178476,3.8866907770480172
