,training,validation,testing
smape,3.8496314024919744,4.782184457306656,5.378322489381823
