,training,validation,testing
mae,0.005332762344660178,0.005836116940252667,0.007545687591033039
