,training,validation,testing
mape,2.8284456740066544,2.7718084485468926,228.5773904956481
