,training,validation,testing
arv,0.0004479129348637482,0.0004049052169418166,0.0005975215748200911
