,training,validation,testing
mse,0.002464194288451176,0.002316281455487251,0.0029165492273482987
