,training,validation,testing
nrmse,0.006690890438280733,0.006124274609518016,0.008401437645087046
