,training,validation,testing
mae,0.040928606490909486,0.04101511201735636,0.04473091144999653
