,training,validation,testing
nrmse,0.0496684320158066,0.04843230718452295,0.054349006648305415
