,training,testing
mape,295.82374810850433,39455.44469785851
