,training,testing
nrmse,0.7966947927867577,0.7631353413906169
