,training,testing
mse,0.6340127679735477,0.5750283048151927
