,training,testing
mae,0.737281960004115,0.6843681671873316
