,training,testing
smape,168.35554532168487,160.6453160355771
