,training,testing
arv,1.3540109156638445,1.5196851343945739
