,arima,lstm,mlp,rf,svr,xgboost
0,1.0890639167144818,0.0180682008918825,0.0447309114499965,0.0061217958708032,0.0055727500475303,0.007545687591033
