,arima,lstm,mlp,rf,svr,xgboost
0,0.2582679212513405,0.6843681671873316,0.0231422526075141,0.0061932702323023,0.0600615833772114,0.2611707179363604
