,arima,lstm,mlp,rf,svr,xgboost
0,29944.08663098104,2835.056108343496,4084.926121156207,662.0049547106463,228.5773904956481,2701.0009463436163
