,arima,lstm,mlp,rf,svr,xgboost
0,81801.46375596478,39455.44469785851,4682.777938176303,471.9937561621349,12085.61908878082,42623.10766986742
