,training,testing
mae,0.023917185656498096,0.02314225260751414
