,training,testing
nrmse,0.027372370774573166,0.028236828095525794
