,training,testing
arv,0.007314134795982326,0.006491465129314882
