,training,testing
smape,6.974537036007692,7.195037108018452
