,training,testing
mape,11.889694840222532,4682.777938176303
