,training,testing
mse,0.0007484087820169313,0.0007872594986763499
