,arima,lstm,mlp,rf,svr,xgboost
0,1.490539471706437,0.0014762444163292,0.0029165492273482,8.21282317484501e-05,6.969366547348402e-05,0.0001172642579912
