,arima,lstm,mlp,rf,svr,xgboost
0,0.0943975199112822,0.5750283048151927,0.0007872594986763,8.544576771813805e-05,0.0042009680658877,0.0773441917154096
