,arima,lstm,mlp,rf,svr,xgboost
0,1.2286514452852613,0.0386666092128809,0.0543490066483054,0.0091201754130025,0.008401437645087,0.010897823883775
