,arima,lstm,mlp,rf,svr,xgboost
0,0.3091984067262087,0.7631353413906169,0.0282368280955257,0.0093025547196844,0.0652276369533349,0.2798793185543042
