,training,testing
arv,7.833630688639229e-05,0.0007336898270598521
