,training,testing
mape,1.3837700001532525,471.9937561621349
