,training,testing
mae,0.0020306735406698103,0.006193270232302323
