,training,testing
mse,7.659593395493654e-06,8.544576771813805e-05
