,training,testing
nrmse,0.0027691458764744904,0.009302554719684405
