,training,testing
smape,1.18927679401876,3.8562366659558136
