,arima,lstm,mlp,rf,svr,xgboost
0,1.2208765177963072,0.0384219262443893,0.0540050851989726,0.0090624627860449,0.0083482732030932,0.0108288622667038
