,arima,lstm,mlp,rf,svr,xgboost
0,0.3072417938876192,0.7583062078179188,0.0280581449614251,0.0092436879933356,0.0648148753442275,0.2781082374102026
