,arima,lstm,mlp,rf,svr,xgboost
0,49.11997689527915,160.6453160355771,7.195037108018452,3.8562366659558136,20.05794212179816,51.71531611601758
