,arima,lstm,mlp,rf,svr,xgboost
0,171.04443189555107,8.939748519325235,22.661427688169177,3.886690777048017,3.742240629981644,5.378322489381823
