,training,testing
mse,0.0038071372321862355,0.00420096806588776
