,training,testing
rmse,0.06170200346979209,0.06481487534422757
