,training,testing
mape,61.6740453381753,12085.619088780819
