,training,testing
smape,17.078142840324208,20.05794212179816
