,training,testing
arv,0.05171735394040981,0.048320967156717916
