,training,testing
nrmse,0.06173653381965033,0.06522763695333496
