,training,testing
mae,0.05676148663196769,0.060061583377211424
