,training,testing
mae,0.26897940542192866,0.2611707179363604
