,training,testing
mape,256.56520385543234,42623.10766986742
