,training,testing
mse,0.08018947316347605,0.07734419171540963
