,training,testing
arv,1.9721446290377873,2.5359646415161308
