,training,testing
nrmse,0.2833359336500678,0.2798793185543042
