,training,testing
smape,48.44595085994024,51.71531611601758
