,training,testing
rmse,0.2831774587841978,0.27810823741020263
