,training,testing
rmse,0.30034642421909075,0.12148818327300695
