,training,testing
rmse,0.03767761210425311,0.03134205887890867
