,training,testing
mse,0.548482709188366,1.0212798433196144
