,training,testing
mape,29308.40884224222,100604.33517855805
