,training,testing
arv,1.2019564863265495,1.2288218427385855
