,training,testing
mae,0.6368563346024761,0.8529232027500012
