,training,testing
nrmse,0.7587275416615855,1.0105839120625335
