,training,testing
smape,187.40015180314572,175.84425791314374
