,arima,lstm,mlp,rf,svr,xgboost
0,1.0076557411644889,0.0040165557194011,0.0035178199714529,0.0039908779358403,0.0034153928925351,0.0051491260704033
