,arima,lstm,mlp,rf,svr,xgboost
0,1.2288218427385855,0.1332352420221698,0.0063425426646694,0.0038817556868643,0.0340059904827525,5.734232887849288
