,training,validation,testing
smape,10.666190849818094,10.920045790271683,14.015983501320637
