,training,validation,testing
mape,3000.5420840591287,5107.0454901960875,7882.477800526751
