,training,validation,testing
rmse,0.02052419248333041,0.01924207173644581,0.019909968297198575
