,training,testing
smape,198.79286873167717,195.06597939718918
