,training,validation,testing
nrmse,0.021026668005521186,0.019773670884772648,0.019909968297198575
