,training,validation,testing
arv,0.0038625671827453973,0.0037567057799230766,0.003415392892535129
