,training,validation,testing
mae,0.01414772170078219,0.014115910289220539,0.013857347473300157
