,training,validation,testing
nrmse,0.020361844358341766,0.019506450405820327,0.01960617943703606
