,training,validation,testing
mse,6.442968611470894e-05,0.0004038504835196476,0.0004426623802715971
