,training,validation,testing
rmse,0.01911905509135557,0.02210963545632273,0.023590440245757703
