,training,validation,testing
mse,0.00042124247709279653,0.0003702573247105267,0.0003964068375954524
