,training,validation,testing
smape,4.045378495959633,7.862975539145733,11.139385040531433
