,training,testing
mse,106.3313614143426,12.209385611231916
