,training,validation,testing
smape,9.308795956007424,9.531446782013415,11.45001392006412
