,training,validation,testing
rmse,0.01987525616595491,0.018982035263935913,0.01960617943703606
