,training,validation,testing
arv,0.000630100058115374,0.004230455320611596,0.003990877935840303
