,training,validation,testing
mae,0.014864526696463346,0.014347723270520881,0.014003437259733098
