,training,validation,testing
mape,466.50130552103803,4430.437778259939,3796.1838131154145
