,training,validation,testing
mae,0.005878786281719063,0.015230370797690832,0.015270441903796504
