,training,testing
mape,1784689.6072359588,1433293.4360958498
