,training,validation,testing
mape,1142.505588596342,3152.3308375535717,4639.218894920491
