,training,validation,testing
nrmse,0.019587129886435847,0.022720456553935422,0.023590440245757703
