,training,validation,testing
mape,3780.2980166770785,5250.794456171641,7494.044098534336
