,training,validation,testing
mse,0.00039502580766232864,0.00036031766276130653,0.00038440227211725565
