,training,validation,testing
smape,10.28786820720289,10.174171382157732,12.321822026707535
