,training,validation,testing
mae,0.014203164029050126,0.017027120817820842,0.017192106821994724
