,training,validation,testing
mape,1163.354105347324,3073.01865903413,4430.638753388879
