,training,validation,testing
rmse,0.008026810457131085,0.02009603153659069,0.021039543252447213
