,training,validation,testing
nrmse,0.008223323707493999,0.020651222962749155,0.021039543252447213
