,training,validation,testing
arv,0.004666494976990134,0.004633540145074159,0.004016555719401152
