,training,validation,testing
smape,11.13338875773259,9.708444753097687,13.485518386499775
