,training,testing
nrmse,10.564162325612807,3.494193127351709
