,training,validation,testing
nrmse,0.02226841905451289,0.021573512949350428,0.02116992921183297
