,training,testing
mae,8.981113791607635,3.065324886062324
