,training,validation,testing
arv,0.003619547017129402,0.005177874517457634,0.0051491260704033025
