,training,validation,testing
mse,0.0004724654045801938,0.0004407281550267903,0.0004481659028340189
