,training,testing
arv,1.0003645838561355,1.0076557411644889
