,training,validation,testing
rmse,0.021736269334460177,0.020993526502872027,0.02116992921183297
