,training,testing
rmse,10.31170991709632,3.494193127351709
