,training,validation,testing
mae,0.016246648473605126,0.015900201704115123,0.0154918377477837
