,training,validation,testing
mse,0.00036553826758628933,0.0004888359800114832,0.0005565088709886648
