,training,validation,testing
arv,0.004124014358868939,0.00386956615787409,0.0035178199714529525
