,training,testing
mape,21536.534894472563,37567.83960547622
