,training,testing
mae,0.07843987908502265,0.0805089310509455
