,training,testing
nrmse,0.0959780058568484,0.09651068127966983
