,training,testing
mse,0.008776769390009376,0.009314311601066012
