,training,testing
arv,0.14141248215901292,0.1332352420221698
