,training,testing
smape,31.944748187725736,38.81308737573318
