,arima,lstm,mlp,rf,svr,xgboost
0,3.065324886062324,0.0154918377477837,0.014003437259733,0.0152704419037965,0.0138573474733001,0.0171921068219947
