,arima,lstm,mlp,rf,svr,xgboost
0,0.8529232027500012,0.0805089310509455,0.0188740491724104,0.0149460420709276,0.0501764598975388,0.2151096091732089
