,arima,lstm,mlp,rf,svr,xgboost
0,100604.33517855805,37567.83960547622,5125.510230925756,3984.877750235785,32082.59981983776,126068.68062444864
