,arima,lstm,mlp,rf,svr,xgboost
0,1433293.4360958498,7882.477800526751,4430.638753388879,3796.183813115415,4639.218894920491,7494.044098534336
