,training,testing
mape,2360.4845258562455,5125.510230925756
