,training,testing
nrmse,0.025896008307572795,0.026566648164994208
