,training,testing
mse,0.0006389353168265216,0.0007057867947225902
