,training,testing
smape,13.604012495054999,17.77534849965563
