,training,testing
mae,0.018906885466819196,0.01887404917241041
