,training,testing
arv,0.0063876807930259225,0.006342542664669423
