,arima,lstm,mlp,rf,svr,xgboost
0,12.209385611231916,0.000448165902834,0.0003964068375954,0.0004426623802715,0.0003844022721172,0.0005565088709886
