,arima,lstm,mlp,rf,svr,xgboost
0,1.0212798433196144,0.009314311601066,0.0007057867947225,0.0004309849325141,0.0031688350099705,0.0562778674493805
