,arima,lstm,mlp,rf,svr,xgboost
0,3.494193127351709,0.0211699292118329,0.0199099682971985,0.0210395432524472,0.019606179437036,0.0235904402457577
