,training,testing
arv,0.0006267310571993933,0.0038817556868643932
