,training,testing
mape,632.6567478753318,3984.877750235785
