,training,testing
mae,0.005757731718991509,0.014946042070927614
