,training,testing
nrmse,0.0081390594079256,0.020760176601228277
