,training,testing
smape,3.9079475022990007,11.135911497978382
