,arima,lstm,mlp,rf,svr,xgboost
0,195.0659793971892,13.485518386499775,12.321822026707537,11.139385040531431,11.45001392006412,14.015983501320637
