,arima,lstm,mlp,rf,svr,xgboost
0,175.84425791314374,38.81308737573318,17.77534849965563,11.135911497978382,33.14341461747856,62.85225444663081
