,training,testing
nrmse,0.05306561188895317,0.05629240632599154
