,training,testing
mae,0.04487575505826746,0.050176459897538814
