,training,testing
smape,26.05717432174507,33.14341461747856
