,training,testing
arv,0.03136909753601641,0.0340059904827525
