,training,testing
mse,0.0026829809896889165,0.0031688350099705327
