,training,testing
mape,18365.981595880832,32082.59981983776
