,training,testing
arv,4.9150962892773284,5.734232887849288
