,training,testing
smape,53.82597440437568,62.85225444663081
