,training,testing
mae,0.20665167079887115,0.21510960917320898
