,training,testing
mse,0.051552306391529454,0.056277867449380556
