,training,testing
mape,73386.22913589368,126068.68062444864
