,training,testing
nrmse,0.23261002531872174,0.23722956697970968
