,training,testing
rmse,0.22705132986073756,0.23722956697970968
