,training,testing
rmse,0.22010236704857802,0.22680860345640144
