,arima,lstm,mlp,rf,svr,xgboost
frontend,0.3072417938876192,0.2268086034564014,0.028858650697289,0.0093675367094314,0.064621003578465,0.2781179236905515
