,training,testing
mape,28728.902885270985,100604.33517855805
