,training,testing
arv,1.2069792273789903,1.2288218427385855
