,training,testing
nrmse,0.7613531913685486,1.0105839120625335
