,training,testing
mae,0.6377814297180276,0.8529232027500012
