,training,testing
mse,0.552285432111661,1.0212798433196144
