,training,testing
smape,187.4489368244248,175.84425791314374
