,arima,lstm,mlp,rf,svr,xgboost
0,1.0076557411644889,0.0117557203158905,0.00431746362234,0.0041605000649062,0.0038616545167007,0.0049997653253149
