,arima,lstm,mlp,rf,svr,xgboost
0,1.2288218427385855,2.788022155497654,0.0096514378370908,0.0042053545849782,0.02766353678673,5.7302352158932965
