,training,validation,testing
mae,0.015224358156702505,0.015478124743915288,0.015007164189149595
