,training,testing
mse,108.77789223342647,12.209385611231916
