,training,validation,testing
nrmse,0.022901268111316216,0.021877578696976246,0.021980049968745228
