,training,validation,testing
rmse,0.03464382581096922,0.033556047200425716,0.03654178095982255
