,training,validation,testing
mae,0.0157600848536536,0.017836811351869816,0.017670584542393942
