,training,testing
rmse,10.429664051800827,3.494193127351709
