,training,validation,testing
rmse,0.008292886403947972,0.02069764370061955,0.02153203902101054
