,training,validation,testing
smape,10.936284627273544,11.07073802829467,14.291784832653946
