,training,validation,testing
mse,0.0004997010996189661,0.00045323930552855046,0.00048312259662853716
