,training,testing
arv,0.9999236260935249,1.0076557411644889
