,training,validation,testing
mape,1017.6972142153589,3208.0671722963643,4569.883596331611
