,training,validation,testing
mape,1138.4486555498415,2429.7108026758815,4507.280234470253
