,training,validation,testing
smape,9.694970556266302,8.49467370509215,12.406169136540482
