,training,validation,testing
rmse,0.02105893598170899,0.020490938671553605,0.02081420232852709
