,training,validation,testing
nrmse,0.008495913754703766,0.021269455817023913,0.02153203902101054
