,training,validation,testing
mse,6.877196490878513e-05,0.00042839245475779613,0.0004636287044023206
