,training,validation,testing
mae,0.016499799710894027,0.016011402974036942,0.015653250744357382
