,training,validation,testing
mape,4154.275318109922,9703.047601586084,10222.987428965913
