,training,validation,testing
smape,10.174152153269905,8.692618706631581,12.955692141959632
