,training,validation,testing
smape,17.721745549442645,16.469432422115673,22.0505087294392
