,training,validation,testing
rmse,0.02090271873671581,0.02256000760997658,0.023510629828862064
