,training,validation,testing
arv,0.0049236401604678594,0.004742394486771987,0.0043174636223400585
