,training,validation,testing
nrmse,0.03549197973854476,0.03448309738282236,0.03654178095982255
