,training,validation,testing
mape,2852.406769951452,6243.108735489745,6881.10385035491
