,training,validation,testing
arv,0.011746068232056171,0.01166771636211796,0.01175572031589059
