,training,validation,testing
smape,4.642823974557715,8.680311274087058,11.626436366426518
