,training,validation,testing
mse,0.0012001946668207771,0.0011260083037171985,0.0013353017557156497
