,training,validation,testing
arv,0.004365313146499143,0.00437469139794594,0.003861654516700798
