,training,testing
smape,198.71786356448024,195.06597939718918
