,training,validation,testing
nrmse,0.021414461379987586,0.023183271102389155,0.023510629828862064
