,training,validation,testing
rmse,0.02235399516012666,0.021289417688808456,0.021980049968745228
