,training,testing
nrmse,10.685004226327031,3.494193127351709
