,training,testing
mape,1802752.5096200767,1433293.4360958498
