,training,validation,testing
mae,0.02876565347438883,0.028112794190971225,0.030592790623075336
