,training,validation,testing
nrmse,0.021574503152635965,0.02105704016495898,0.02081420232852709
