,training,validation,testing
mse,0.0004434787846817175,0.000419878567641371,0.00043323101857286266
