,training,validation,testing
arv,0.004327729338619293,0.005331823037634299,0.004999765325314987
