,training,validation,testing
mae,0.006127930105260878,0.01576040574805127,0.01578326440937796
