,training,testing
mae,9.085902705884944,3.065324886062324
