,training,validation,testing
mse,0.00043692365058625027,0.0005089539433622012,0.0005527497149497787
