,training,validation,testing
mape,545.248619012361,5414.418073256765,5321.722079630561
