,training,validation,testing
arv,0.0006763636977870741,0.004468704128472529,0.00416050006490622
