,training,testing
arv,2.036353623314635,2.788022155497654
