,training,testing
nrmse,0.4355913198191687,0.40094424236820714
