,training,testing
mae,0.37196489846114594,0.34048855613834006
