,training,testing
mse,0.18077970627497472,0.16075628548821563
