,training,testing
smape,91.19707283584162,92.30263958286268
