,training,testing
mape,48290.05828125065,83588.81778199448
