,arima,lstm,mlp,rf,svr,xgboost
0,3.065324886062324,0.0305927906230753,0.0156532507443573,0.0157832644093779,0.0150071641891495,0.0176705845423939
