,arima,lstm,mlp,rf,svr,xgboost
0,0.8529232027500012,0.34048855613834,0.0275359313620308,0.0157626227417006,0.045016204038957,0.2150192445194035
