,arima,lstm,mlp,rf,svr,xgboost
0,1433293.4360958498,10222.987428965913,4507.280234470253,5321.722079630561,4569.883596331611,6881.10385035491
