,arima,lstm,mlp,rf,svr,xgboost
0,100604.33517855805,83588.81778199448,4545.327990785367,5269.365787571492,35112.94160122648,126068.66486253942
