,training,testing
mape,1279.733052406518,4545.327990785367
