,training,testing
mae,0.026570514086579476,0.02753593136203084
