,training,testing
smape,17.201268657758988,21.544939062827485
