,training,testing
nrmse,0.03273522417827403,0.03256455329692258
