,training,testing
mse,0.001020990924265197,0.0010604501314281111
