,training,testing
arv,0.010461068751010709,0.009651437837090838
