,arima,lstm,mlp,rf,svr,xgboost
0,12.209385611231916,0.0013353017557156,0.0004831225966285,0.0004636287044023,0.0004332310185728,0.0005527497149497
