,arima,lstm,mlp,rf,svr,xgboost
0,1.0212798433196144,0.1607562854882156,0.0010604501314281,0.0004686766342597,0.0026646584557277,0.0562621695877122
