,training,testing
mse,6.660808078802081e-05,0.00046867663425973567
