,training,testing
mae,0.00601164704737307,0.01576262274170069
