,training,testing
mape,668.2679836899653,5269.365787571492
