,training,testing
rmse,0.008161377383016963,0.02164894071911454
