,arima,lstm,mlp,rf,svr,xgboost
0,3.494193127351709,0.0365417809598225,0.0219800499687452,0.0215320390210105,0.020814202328527,0.023510629828862
