,arima,lstm,mlp,rf,svr,xgboost
0,195.0659793971892,22.0505087294392,12.955692141959632,11.626436366426518,12.406169136540482,14.291784832653946
