,arima,lstm,mlp,rf,svr,xgboost
0,175.84425791314374,92.30263958286268,21.544939062827485,11.851777599413133,31.046663434256423,62.834916853572096
