,training,testing
nrmse,0.04853872546140369,0.05162032986845192
