,training,testing
arv,0.02555961799327299,0.02766353678673002
