,training,testing
smape,24.151905328292184,31.046663434256423
