,training,testing
mae,0.040218558847342004,0.04501620403895701
