,training,testing
mse,0.002244749996177663,0.0026646584557277896
