,training,testing
rmse,0.047378792683833375,0.05162032986845192
