,training,testing
mape,20379.67926507266,35112.94160122648
