,training,testing
nrmse,0.2324143800893136,0.23719647886870554
