,training,testing
rmse,0.2268603599768851,0.23719647886870554
