,training,testing
mape,72749.78772010475,126068.66486253942
