,training,testing
mae,0.2066197566695532,0.21501924451940357
