,training,testing
mse,0.051465622928841895,0.056262169587712275
