,training,testing
smape,53.615186356691744,62.834916853572096
