,training,testing
arv,4.87122487002409,5.7302352158932965
