,training,testing
rmse,0.25409787299597375,0.12387104938695792
