,training,testing
rmse,0.05490074325201841,0.045306170738648566
