,training,testing
rmse,0.16203283092526313,0.13576285642737662
