,arima,lstm,mlp,rf,svr,xgboost
0,12.876515927603748,23.255784795322963,0.6759309139675963,0.7466844881142302,0.7400269056081618,0.7553350807495613
