,arima,lstm,mlp,rf,svr,xgboost
0,0.06936328848383,0.0654677903832581,0.0507164227745885,0.0491279078694473,0.050502883503937,0.0475119908303655
