,arima,lstm,mlp,rf,svr,xgboost
0,17.325800707738196,15.29457096769358,10.971331284605622,10.70498023939991,11.014645590923172,10.373446048303409
