,training,validation,testing
arv,0.11760722141693582,0.39840230176323904,0.6759309139675963
