,training,testing
mape,30.751735294727013,17.325800707738196
