,training,validation,testing
mape,7.762519427911801,68594.62382589231,10.971331284605622
