,training,validation,testing
nrmse,0.049836523381078274,0.13165011759601708,0.10971215512377602
