,training,validation,testing
mae,0.08110776120704202,0.09008870531296856,0.06546779038325816
