,training,validation,testing
mape,7.500134587265285,20899.334640391273,11.014645590923172
