,training,validation,testing
arv,0.10176831741454882,3.0574049777268173,0.7553350807495613
