,training,testing
smape,25.632166834320717,14.827430699177361
