,training,validation,testing
smape,17.39255067093862,23.295204317919488,14.150685611083402
