,training,validation,testing
mape,19.610278598373238,383577.21222111606,15.29457096769358
