,training,validation,testing
mae,0.03559021989658037,0.0525942101432191,0.05071642277458854
