,training,validation,testing
mse,0.0024630318120659645,0.006270696272863573,0.004172173936587205
