,training,validation,testing
mse,0.014854351989654275,0.020909130297758923,0.00807181854971772
