,training,validation,testing
mae,0.028574213766231368,0.05941144746066166,0.0491279078694473
