,training,testing
mse,0.024203620393228095,0.008677601913891112
