,training,validation,testing
arv,0.1247436299823763,0.377392298031222,0.7400269056081618
