,training,validation,testing
smape,7.707275167074637,17.573368371355542,10.839871968520615
