,training,validation,testing
mse,0.001867833157879268,0.009315998773067482,0.0038786178987154623
