,training,validation,testing
smape,6.930269311369686,19.9061408872511,10.154384212096804
