,training,validation,testing
rmse,0.043136370584132416,0.12221118498813079,0.060678624668394056
