,training,validation,testing
rmse,0.12187843119130749,0.14459989729511885,0.089843299971215
