,training,validation,testing
nrmse,0.14054181347343261,0.1972307038319182,0.15827121738162553
