,training,validation,testing
arv,0.09080840493509894,1.106494608467075,0.7466844881142302
