,training,testing
mae,0.12251048594045846,0.06936328848383
