,training,validation,testing
nrmse,0.057228677292297324,0.10801011362552167,0.1137882584209753
