,training,validation,testing
rmse,0.04321843539369823,0.09651942174022533,0.06227855087199334
