,training,validation,testing
mae,0.03457429729450637,0.05224963770797624,0.05050288350393706
