,training,validation,testing
mape,6.43107196690307,177120.84856947008,10.70498023939991
