,training,validation,testing
rmse,0.049628941274884805,0.07918772804458765,0.06459236747934856
