,training,testing
rmse,0.15557512781041863,0.09315364680940362
