,training,validation,testing
mape,7.355061956832159,307507.583809394,10.373446048303409
