,training,validation,testing
mae,0.030537234603430937,0.07049310992820121,0.04751199083036555
