,training,validation,testing
mse,0.0026912435061865435,0.006575115392380152,0.0042881695652837925
