,training,validation,testing
mse,0.0018607464671716045,0.014935573736203123,0.0036818954916478393
