,training,validation,testing
rmse,0.051877196398673504,0.08108708523791043,0.06548411689321154
