,training,testing
arv,21.802478155964668,12.876515927603748
