,training,validation,testing
arv,4.296274609391208,14.88265723143897,23.255784795322963
