,training,validation,testing
smape,6.302665836525054,19.182924266335625,10.614616535535738
