,training,validation,testing
smape,7.484601047428989,18.456009980462984,10.845039936312704
