,training,validation,testing
nrmse,0.049741891894227015,0.16669305084046865,0.10689366706684188
