,training,testing
nrmse,0.1793985234312461,0.16410284449464776
