,training,validation,testing
nrmse,0.059821210270935926,0.11060079012719795,0.11535919654743175
