,arima,lstm,mlp,rf,svr,xgboost
0,0.0086776019138911,0.0080718185497177,0.0041721739365872,0.0038786178987154,0.0042881695652837,0.0036818954916478
