,arima,lstm,mlp,rf,svr,xgboost
0,0.1641028444946477,0.1582712173816255,0.1137882584209753,0.109712155123776,0.1153591965474317,0.1068936670668418
