,arima,lstm,mlp,rf,svr,xgboost
0,0.0931536468094036,0.089843299971215,0.0645923674793485,0.0622785508719933,0.0654841168932115,0.060678624668394
