,arima,lstm,mlp,rf,svr,xgboost
0,14.82743069917736,14.150685611083402,10.839871968520615,10.614616535535738,10.845039936312704,10.154384212096804
