,training,testing
nrmse,0.23926358087699712,0.21437888681492062
