,training,testing
mae,0.21139918052248025,0.12145051885697594
