,training,testing
arv,16.314546687382332,126.47263270292524
