,training,testing
mape,17877.736248618625,25.079073305280414
