,training,testing
mse,0.057247061134083344,0.022633767063110356
