,training,testing
smape,35.054788992990055,21.39434570486456
