,arima,lstm,mlp,rf,svr,xgboost
0,126.47263270292524,2.90916907447395,0.1121390705574063,0.0487705363678333,0.1208013894225969,2.4442813725875685
