,arima,lstm,mlp,rf,svr,xgboost
0,0.9327590418377024,0.0755505915799485,0.0529761612440792,0.0520778580343792,0.051185124142789,0.0633894147845728
