,training,validation,testing
mse,0.0006970223355242829,0.001557418487386444,0.0013859166054340719
