,training,validation,testing
nrmse,0.034545343203562735,0.05896344457893657,0.04812381425321973
