,training,testing
nrmse,2.2261590161681912,1.013742346041689
