,training,testing
rmse,2.226159016168191,0.7114166050372724
