,training,validation,testing
arv,0.023156621435927123,0.09220113749350506,0.051185124142789085
