,training,validation,testing
arv,0.02988407129545661,0.16371647041090312,0.07555059157994856
