,training,validation,testing
mae,0.029698483466899597,0.03691383607542293,0.03262237973969276
