,training,validation,testing
mse,0.0011933807370519377,0.0012799828775353459,0.0011405462547912383
