,training,validation,testing
nrmse,0.035476354411154216,0.060511377439213476,0.048643856958347484
