,training,validation,testing
smape,2.6455626317095167,6.146692263045118,4.675808935695986
