,training,validation,testing
mse,0.00034430433757577986,0.00130766215225282,0.0011493226084751775
