,training,validation,testing
mape,2427.4460730087285,8.312906002836561,6.03518967261073
