,training,validation,testing
nrmse,0.018555439568379403,0.05959756879218726,0.04830861265079016
