,training,validation,testing
smape,3.776928566621432,6.962023819029041,5.224253539645616
