,training,validation,testing
mae,0.02375649507477493,0.026689745706606073,0.024871129697294728
