,training,validation,testing
smape,4.824048478480777,6.399238029801439,4.6086255363536655
