,training,validation,testing
arv,0.014005755623114275,0.1307706573821442,0.0633894147845728
