,training,validation,testing
mse,0.0014932237578527397,0.0021183257368007605,0.0016382730518361267
