,training,validation,testing
mse,0.0012585717223058206,0.0013480703133500927,0.0011653297250358648
