,training,testing
mape,155279.245733934,115.18281184567458
