,training,testing
arv,1.104538298478407,0.9327590418377025
