,training,validation,testing
smape,4.1716641621592006,6.050829170777685,4.531356640332847
