,training,validation,testing
rmse,0.026401180570654086,0.03946414179209329,0.03722790090018603
