,training,validation,testing
nrmse,0.02640118057065409,0.06504043382869658,0.053048381678952865
