,training,validation,testing
mape,1190.9846026323164,6.518214996032536,4.695923854852527
