,training,validation,testing
mape,1200.8496138928354,6.190346331924702,4.719259647050713
