,training,validation,testing
arv,0.025045805198301845,0.09760243578048089,0.05297616124407927
