,training,validation,testing
mae,0.01357576598290387,0.02718056868971336,0.02550500310415477
