,training,validation,testing
mape,3335.2725666124497,7.0725959852980855,5.309393391399662
