,training,validation,testing
smape,5.671931462738782,8.22866261212971,6.011756086164297
