,training,testing
mse,4.955783965266926,0.5061135859227585
