,training,validation,testing
rmse,0.03547635441115421,0.03671607704194571,0.03413692612166281
