,training,testing
smape,98.05488402881318,67.59151136232231
