,training,validation,testing
nrmse,0.03864225352968872,0.07585376431369648,0.0576762126308226
