,training,validation,testing
mae,0.026248675138761238,0.028279850920792694,0.025342764733370823
