,training,validation,testing
arv,0.006804999696772814,0.0957499105218702,0.05207785803437923
