,training,testing
mae,1.8296263035293774,0.6398507115289414
