,training,validation,testing
mape,973.788064653265,6.127446343845863,4.58574737403049
