,training,validation,testing
rmse,0.03864225352968871,0.04602527280528341,0.04047558587390832
