,training,validation,testing
mae,0.01925045565781634,0.031117325032724987,0.02843866923223063
