,training,validation,testing
rmse,0.0185554395683794,0.036161611582627505,0.033901660851279505
