,training,validation,testing
rmse,0.03454534320356273,0.035776848345478195,0.033771974398770915
