,training,testing
mae,0.15495919101822916,0.10965340184185839
