,training,testing
nrmse,0.17954148407539164,0.19661055527448845
