,training,testing
smape,26.908724321589407,19.63652338125261
