,training,testing
mse,0.03223514450399411,0.019037349303286093
