,training,testing
rmse,0.17954148407539164,0.1379759011685957
