,training,testing
arv,10.261105302466756,2.90916907447395
