,training,testing
mape,14797.95574000282,24.357402874078534
