,arima,lstm,mlp,rf,svr,xgboost
0,0.1214505188569759,0.1096534018418583,0.0390998650085886,0.0240837487705635,0.0410933490951626,0.1079608758519275
