,arima,lstm,mlp,rf,svr,xgboost
0,0.6398507115289414,0.0326223797396927,0.0253427647333708,0.0255050031041547,0.0248711296972947,0.0284386692322306
