,arima,lstm,mlp,rf,svr,xgboost
0,25.079073305280414,24.35740287407853,6.84561315988902,4.461127994308627,7.151592485573785,18.378848471251988
