,arima,lstm,mlp,rf,svr,xgboost
0,115.18281184567458,6.03518967261073,4.695923854852527,4.719259647050713,4.58574737403049,5.309393391399662
