,training,testing
mse,0.0027905644055378465,0.002285767205761187
