,training,testing
nrmse,0.05282579299487937,0.06812705085839262
