,training,testing
mape,2242.0294180122596,6.8456131598890195
