,training,testing
smape,8.326323832466768,7.048635019929604
