,training,testing
arv,0.057348081294301724,0.11213907055740631
