,training,testing
mae,0.04434254793482289,0.03909986500858865
