,training,testing
rmse,0.05282579299487937,0.04780969782127039
