,arima,lstm,mlp,rf,svr,xgboost
0,0.0226337670631103,0.019037349303286,0.0022857672057611,0.0010522381093681,0.0023989592710671,0.0159430344912866
