,arima,lstm,mlp,rf,svr,xgboost
0,0.5061135859227585,0.0016382730518361,0.0011653297250358,0.0011493226084751,0.0011405462547912,0.001385916605434
