,arima,lstm,mlp,rf,svr,xgboost
0,0.2143788868149206,0.1966105552744884,0.0681270508583926,0.0462232634095738,0.0697935080302764,0.1799239940743499
