,arima,lstm,mlp,rf,svr,xgboost
0,1.013742346041689,0.0576762126308226,0.0486438569583474,0.0483086126507901,0.0481238142532197,0.0530483816789528
