,training,testing
arv,0.0030226057002221496,0.04877053636783336
