,training,testing
mse,0.0001603204919020625,0.001052238109368186
