,training,testing
mape,291.7402251035054,4.461127994308627
