,training,testing
mae,0.009123973378292974,0.02408374877056359
