,training,testing
nrmse,0.012661772857781904,0.04622326340957386
