,training,testing
smape,1.8157716121233365,4.406271714745377
