,arima,lstm,mlp,rf,svr,xgboost
0,0.7114166050372724,0.0404755858739083,0.0341369261216628,0.0339016608512795,0.0337719743987709,0.037227900900186
