,arima,lstm,mlp,rf,svr,xgboost
0,21.39434570486456,19.63652338125261,7.048635019929604,4.406271714745377,7.340102263612946,18.823178718859847
