,arima,lstm,mlp,rf,svr,xgboost
0,67.59151136232231,6.011756086164297,4.6086255363536655,4.675808935695986,4.531356640332847,5.224253539645616
