,training,testing
smape,8.06546013577543,7.3401022636129465
