,training,testing
arv,0.052174812087903435,0.12080138942259694
