,training,testing
mse,0.002474482224309134,0.0023989592710671145
