,training,testing
nrmse,0.0497441677416472,0.06979350803027641
