,training,testing
mape,2926.8575011555745,7.151592485573785
