,training,testing
mae,0.04261479317633972,0.04109334909516262
