,training,testing
mae,0.17650577111288165,0.10796087585192753
