,training,testing
arv,2.2040190326769373,2.4442813725875685
