,training,testing
mse,0.04102212431461759,0.015943034491286628
