,training,testing
smape,29.186877178361538,18.823178718859847
