,training,testing
mape,11039.837789323094,18.378848471251988
