,training,testing
nrmse,0.2025391920459287,0.17992399407434992
