,arima,lstm,mlp,rf,svr,xgboost
0,1.408891848108483,3.910131511927416,0.5945702755215457,0.5408621248549461,0.5957748543510752,0.5320557889051822
