,arima,lstm,mlp,rf,svr,xgboost
0,0.1411502460528371,0.0679018880605581,0.0475824479523504,0.0437869308928627,0.0469964296194626,0.0475263132792115
