,arima,lstm,mlp,rf,svr,xgboost
0,72.68999600592618,32.553488128017584,21.60663244669411,19.11128446971599,21.144008680496075,19.79002809119179
