,training,validation,testing
mse,0.011095953403047329,0.008614773356246446,0.006925798663058554
