,training,validation,testing
mae,0.07558894955529698,0.06993823130974937,0.0679018880605581
