,training,validation,testing
mae,0.02798282903294481,0.0435194056790688,0.04378693089286279
