,training,validation,testing
nrmse,0.04923030069411949,0.13429804117694732,0.13878006994410702
