,training,testing
arv,8.095027402757589,1.408891848108483
