,training,validation,testing
arv,1.6599667032349956,5.278514722946046,3.9101315119274163
