,training,validation,testing
mape,14837.347856834747,15.026984513302347,21.60663244669411
