,training,validation,testing
rmse,0.04458567861648845,0.060002876512839025,0.06619919914333125
