,training,validation,testing
mse,0.002423622506433422,0.004026363599507076,0.0037761714121125256
