,training,validation,testing
nrmse,0.04458567861648845,0.12699459969467503,0.14950440452538466
