,training,validation,testing
nrmse,0.1053373314786706,0.1964423454347881,0.18794733980522432
