,training,validation,testing
mae,0.039702481284832385,0.052084726443899644,0.04758244795235042
