,training,validation,testing
mape,48296.09399932853,19.4179905627259,32.553488128017584
