,training,validation,testing
rmse,0.055283259917199144,0.06548016305946286,0.061330902802560795
