,training,testing
mse,0.02863247815256657,0.024246949869497582
