,training,validation,testing
mae,0.03051223323805738,0.04741030163891604,0.04752631327921152
