,training,validation,testing
smape,11.292248892706965,12.335874411425472,18.223479631566935
