,training,validation,testing
mae,0.02886737757787751,0.05024751116463714,0.04699642961946265
