,training,validation,testing
smape,13.64110107798256,13.142832344915936,20.44536308765093
