,training,validation,testing
mse,0.0018361315916209367,0.0031363469964208928,0.003769369370571605
