,training,testing
rmse,0.16921134167828872,0.1557143213371769
