,training,validation,testing
rmse,0.04923030069411949,0.06345363346182058,0.0614505607143867
