,training,validation,testing
mape,9879.708419871022,12.880438938193087,19.11128446971599
