,training,validation,testing
arv,0.13893784737512288,0.7008714345730163,0.5945702755215457
