,training,validation,testing
arv,0.08514966218878793,0.6026247887129401,0.5408621248549461
