,training,validation,testing
smape,16.678088676862263,14.557312752327405,19.208622865397427
