,training,testing
mape,87310.54633843729,72.68999600592618
