,training,validation,testing
mse,0.0030562388270725972,0.004287651754293844,0.0037614796385771593
