,training,validation,testing
rmse,0.042850106086460706,0.05600309809663116,0.06139519012570614
