,training,validation,testing
arv,0.10863649731654854,0.636270372849789,0.5957748543510752
