,training,testing
nrmse,0.16921134167828872,0.351665536575214
