,training,validation,testing
mape,21386.696561507197,13.779542179235557,19.79002809119179
