,training,testing
smape,41.29125576460879,47.908986524683854
