,training,validation,testing
mse,0.001987882737692795,0.0036003451898150092,0.004382333967218429
