,training,validation,testing
nrmse,0.042850106086460706,0.11852916789616731,0.13865502089523585
