,training,validation,testing
mape,10022.29633702493,14.576072245284713,21.144008680496075
