,training,validation,testing
smape,11.562112418045006,13.887371530033787,18.763181136176584
