,training,validation,testing
rmse,0.1053373314786706,0.09281580337553755,0.08322138344835751
