,training,testing
mae,0.12265473769770369,0.14115024605283719
