,training,validation,testing
smape,29.933787208561014,19.14601603700696,26.968773677271983
