,training,validation,testing
arv,0.10151375161566008,0.669702593877842,0.5320557889051822
