,training,validation,testing
nrmse,0.055283259917199144,0.13858714079981163,0.13850983427531063
