,arima,lstm,mlp,rf,svr,xgboost
0,0.0242469498694975,0.0069257986630585,0.0037614796385771,0.0037693693705716,0.0037761714121125,0.0043823339672184
