,arima,lstm,mlp,rf,svr,xgboost
0,0.351665536575214,0.1879473398052243,0.1385098342753106,0.1386550208952358,0.138780069944107,0.1495044045253846
