,arima,lstm,mlp,rf,svr,xgboost
0,0.1557143213371769,0.0832213834483575,0.0613309028025607,0.0613951901257061,0.0614505607143867,0.0661991991433312
