,arima,lstm,mlp,rf,svr,xgboost
0,47.908986524683854,26.968773677271983,19.208622865397427,18.22347963156693,18.763181136176584,20.44536308765093
