,training,testing
rmse,0.24923774623985587,0.11310521420230392
