,training,testing
rmse,0.05615718822602062,0.36992948554393085
