,arima,lstm,mlp,rf,svr,xgboost
0,7.147808659586063,1.0328817428259829,0.3085116226421375,0.3736261574629066,0.3056445108618341,0.5586960923758649
