,arima,lstm,mlp,rf,svr,xgboost
0,0.0634934106847581,0.0549163752299233,0.0218854240764719,0.0250385885975716,0.0190798775695594,0.029882375605502
