,arima,lstm,mlp,rf,svr,xgboost
0,38.03810889704853,31.545366618110084,10.808871853069745,13.076718834108542,9.434162905783248,18.03501797761901
