,training,testing
smape,37.95660127304018,27.729406681667534
