,training,validation,testing
arv,0.07824045047465783,0.20275064104285673,0.5586960923758649
