,training,validation,testing
mse,0.00142047385384053,0.0035589874150085427,0.0017888190772394944
