,training,validation,testing
smape,7.2487471698148145,8.729381825035777,14.112979976552248
