,training,testing
rmse,0.18170771056249574,0.07642408384885259
