,training,validation,testing
mse,0.0013592921220408503,0.0027255653022402733,0.001334151980488451
