,training,testing
nrmse,0.18170771056249574,0.19465876911735455
