,training,validation,testing
smape,7.193627181178192,7.021862197771131,10.132689544901169
