,training,validation,testing
rmse,0.03685602285400662,0.05267265642630489,0.03728229191828118
