,training,validation,testing
mae,0.019308178552387482,0.027456720137979774,0.01907987756955943
