,training,validation,testing
mape,41975.856138042494,8.775156471665808,18.03501797761901
