,training,validation,testing
mae,0.042785412628346085,0.048845975073550096,0.05491637522992334
