,training,validation,testing
mape,14436.79380066377,7.305897256100853,13.076718834108542
