,training,validation,testing
smape,13.525685029368612,11.626073473466741,24.262580114292152
