,training,validation,testing
mse,0.000738406533651051,0.002843063466349115,0.001470758093993544
