,training,validation,testing
mape,5434.678460080375,7.204101242302757,10.808871853069745
