,training,testing
mae,0.13457276034043175,0.06349341068475814
