,training,validation,testing
nrmse,0.05487918338672201,0.1072969360879313,0.16414507494641284
