,training,validation,testing
arv,0.0681741848984383,0.13057956639704946,0.30851162264213755
