,training,testing
mape,61640.41300310259,38.03810889704853
