,training,validation,testing
mae,0.015906223604345827,0.030899944260092477,0.025038588597571694
