,training,testing
arv,2.8368096090133954,7.147808659586063
