,training,validation,testing
mae,0.022292662484136305,0.03928380191888501,0.029882375605502054
