,training,validation,testing
arv,0.03676876927147573,0.12802645370469987,0.3736261574629066
