,training,validation,testing
mape,6734.429039550185,6.4939393166372374,9.434162905783248
