,training,validation,testing
rmse,0.027173636739513743,0.053320385091905655,0.038350464064904666
