,training,validation,testing
arv,0.06645730815372021,0.12062212975096795,0.3056445108618341
