,training,validation,testing
mae,0.022273736238701568,0.030630878295304045,0.02188542407647194
