,training,validation,testing
smape,5.1994358034295685,7.141322442277574,11.879362947658972
