,training,validation,testing
arv,0.19527566667253787,0.2773174255412711,1.0328817428259827
