,training,validation,testing
nrmse,0.0368685790618631,0.08115444151080406,0.09303500477907525
