,training,validation,testing
nrmse,0.027173636739513743,0.08288525439826488,0.09768195775454835
