,training,validation,testing
rmse,0.0368685790618631,0.05220694687721428,0.03652604523471507
