,training,validation,testing
mape,37819.76834360016,12.605377478856381,31.545366618110084
