,training,validation,testing
mse,0.0030117247691934645,0.004764382781415329,0.004153060424061801
