,training,validation,testing
mse,0.001358366420615058,0.002774408735003558,0.0013899692906799343
