,training,validation,testing
smape,6.227192197726177,6.293530790562654,8.7865197929436
