,training,validation,testing
nrmse,0.037689174226036445,0.09273575745886004,0.10772758909125306
