,training,validation,testing
nrmse,0.03685602285400662,0.08187837578820177,0.09496123066440226
