,training,validation,testing
rmse,0.037689174226036445,0.05965724947572208,0.042294433170802684
