,training,testing
mse,0.033017692077863724,0.005840640592136452
