,training,validation,testing
rmse,0.05487918338672201,0.06902450855613047,0.06444424275342059
