,arima,lstm,mlp,rf,svr,xgboost
0,0.0058406405921364,0.0041530604240618,0.0013899692906799,0.0014707580939935,0.0013341519804884,0.0017888190772394
