,arima,lstm,mlp,rf,svr,xgboost
0,0.1946587691173545,0.1641450749464128,0.0949612306644022,0.0976819577545483,0.0930350047790752,0.107727589091253
