,arima,lstm,mlp,rf,svr,xgboost
0,0.0764240838488525,0.0644442427534205,0.0372822919182811,0.0383504640649046,0.036526045234715,0.0422944331708026
