,arima,lstm,mlp,rf,svr,xgboost
0,27.72940668166753,24.262580114292152,10.132689544901169,11.879362947658972,8.7865197929436,14.112979976552248
