,training,testing
rmse,0.7423628789177111,1.0105839120625335
