,training,testing
rmse,0.00807882375119844,0.02078973896125904
