,arima,lstm,mlp,rf,svr,xgboost
frontend,1.0105839120625335,0.1539169783524707,0.0233681470082502,0.020789738961259,0.0550244973563792,0.2372011694408007
