,training,testing
rmse,0.07737822340282698,0.25392557800543963
