,training,testing
rmse,0.004190326031367199,0.056051444047450875
