,arima,lstm,mlp,rf,svr,xgboost
frontend,0.1026992798186769,0.2539255780054396,0.0560514440474508,0.1439476906178277,0.2807161431756503,0.0727878491623802
