,training,testing
rmse,0.25102541522000094,0.07278784916238021
