,arima,lstm,mlp,rf,svr,xgboost
0,8.061511545893916,3.3386133248167686,0.2686670897314795,0.3183669098663828,0.2957498615961058,0.5317154124843065
