,arima,lstm,mlp,rf,svr,xgboost
0,0.1481591820737031,0.122016483506741,0.0472240311738463,0.0525998780285606,0.0493874253021109,0.0512742499641016
