,arima,lstm,mlp,rf,svr,xgboost
0,43.74783352723869,29.93736420295901,11.28051598192934,12.919077774891536,12.36059069940471,11.857581644277383
