,training,validation,testing
nrmse,0.07994793314049237,0.11056322480887046,0.0933171550636122
