,training,validation,testing
mae,0.03887234250053352,0.04436667066554986,0.052599878028560657
