,training,validation,testing
smape,47.71000123933777,28.422044427539895,27.65022885412513
