,training,validation,testing
mae,0.054440927826034095,0.04497451222251276,0.04938742530211099
