,training,validation,testing
arv,0.1503762929636594,0.32883184678092947,0.3183669098663828
