,training,validation,testing
mape,10179.963583831932,13.992322662633065,12.36059069940471
