,training,testing
rmse,0.2772382002988732,0.18106184314563126
