,training,validation,testing
mae,0.059756934429572035,0.04047137014196076,0.05127424996410165
