,training,testing
nrmse,0.2890631056163989,0.21644885572980804
