,training,validation,testing
nrmse,0.09945232298626963,0.11252953651196838,0.11418554143020156
