,training,testing
arv,2.12607274962338,8.061511545893916
