,training,validation,testing
smape,14.42143192153093,11.93814665614167,12.094485064175533
