,training,validation,testing
arv,0.40770186044271284,0.3496778758749482,0.5317154124843065
