,training,validation,testing
mae,0.1405300587949263,0.1084941959417829,0.12201648350674109
