,training,validation,testing
mape,19837.706029629077,12.555348563734986,11.857581644277383
