,training,validation,testing
nrmse,0.0744361708407934,0.11738178812710535,0.10110249683676988
