,training,validation,testing
arv,3.635507461465491,5.820217141075989,3.3386133248167686
