,training,validation,testing
smape,16.4344018702119,10.75248452892225,10.73835267061587
