,training,validation,testing
rmse,0.07667744748753338,0.07249156838178769,0.07806082428089021
