,training,validation,testing
mape,4755.11288369404,13.707970117880988,12.919077774891537
