,training,validation,testing
mse,0.005096697537399831,0.00592318148237312,0.007152651210724888
