,training,validation,testing
arv,0.1689118518870558,0.3189618305213225,0.2686670897314795
