,training,validation,testing
rmse,0.08314438701974489,0.07371560755690153,0.07790146377238831
