,training,validation,testing
mse,0.030293058176521396,0.017506788717392478,0.02292788767005971
