,training,validation,testing
smape,24.148268597187318,10.58943966660615,10.924633046897982
