,training,testing
mae,0.24089014645298476,0.14815918207370318
