,training,validation,testing
mse,0.006912989092889123,0.005433990797483118,0.006068638057880729
