,training,validation,testing
rmse,0.09538395770522523,0.07378079470031668,0.09551745848794037
