,training,validation,testing
arv,0.24186037664641835,0.3881408446847888,0.2957498615961058
