,training,validation,testing
mape,39078.02457048375,32.68602657850368,29.93736420295901
