,training,validation,testing
mae,0.042310915128389096,0.03982702626266409,0.04722403117384637
