,training,validation,testing
smape,23.336930002091723,12.27753698796999,11.50617841096361
