,training,validation,testing
rmse,0.1740490108461447,0.1323132220051816,0.15141957492365282
