,training,validation,testing
nrmse,0.08669070388059703,0.1124301139038921,0.09312664888564287
