,training,testing
mape,61599.882348898245,43.74783352723869
