,training,validation,testing
mse,0.0058794309532034395,0.005255027486451401,0.00609349228741202
