,training,validation,testing
mape,2352.7808609096815,12.200954996998762,11.28051598192934
