,training,testing
smape,67.68765736490853,33.33588217171306
