,training,validation,testing
rmse,0.07139115867808724,0.0769622081438229,0.0845733481111212
