,training,validation,testing
mse,0.009098099387512196,0.005443605666610278,0.00912358487599541
