,training,validation,testing
nrmse,0.1814726381516385,0.2018024556000663,0.18101325579104705
