,training,testing
mse,0.07686101970495814,0.03278339104329318
