,arima,lstm,mlp,rf,svr,xgboost
0,0.0327833910432931,0.0229278876700597,0.006093492287412,0.0071526512107248,0.0060686380578807,0.0091235848759954
