,arima,lstm,mlp,rf,svr,xgboost
0,0.216448855729808,0.181013255791047,0.0933171550636122,0.1011024968367698,0.0931266488856428,0.1141855414302015
