,arima,lstm,mlp,rf,svr,xgboost
0,0.1810618431456312,0.1514195749236528,0.0780608242808902,0.0845733481111212,0.0779014637723883,0.0955174584879403
