,arima,lstm,mlp,rf,svr,xgboost
0,33.33588217171306,27.65022885412513,10.73835267061587,12.094485064175531,11.50617841096361,10.924633046897982
