,training,testing
arv,4.0465780974339784,20.974687235043163
