,training,testing
smape,50.66797445539093,29.349983417123326
