,training,testing
rmse,0.2547890971409475,0.12387104938695792
