,training,testing
mse,0.06491748402189917,0.015344036876226168
