,training,testing
mae,0.20841100681577743,0.09983657132248468
