,training,testing
nrmse,0.2547890971409475,0.20034359921083078
