,training,testing
mape,9573.104389511967,32.20870385801758
