,arima,lstm,mlp,rf,svr,xgboost
0,10.940897594676594,0.1585959886485375,0.1191866953976124,0.1233535045216032,0.1192957646754123,0.1269932569580956
