,arima,lstm,mlp,rf,svr,xgboost
0,20.974687235043163,0.6779735373711944,0.1351452572153199,0.1283527007382989,0.1489132072891961,1.591875724957485
