,training,validation,testing
smape,7.022619332111827,11.751645987128704,9.892941138735427
