,training,validation,testing
mae,0.037525614077282325,0.028718335527024835,0.03141170391350766
