,training,testing
mae,0.2565402896424026,0.10221253936576857
