,training,validation,testing
mape,4468.576241949733,12.472242198925773,10.287057380039471
