,training,validation,testing
mae,0.03833171787362037,0.028793614098197327,0.031568430913858726
