,training,validation,testing
mse,0.0025482976521250087,0.0013536018753952154,0.001613817089872881
