,training,validation,testing
nrmse,0.03817876024223544,0.10267526973780883,0.06633385215897218
