,training,validation,testing
rmse,0.03817876024223544,0.03765996827191607,0.04101375790980099
