,training,validation,testing
arv,0.05798214692692394,0.293243974611383,0.11918669539761248
