,training,validation,testing
mae,0.03177143210168183,0.030220766069077934,0.03252276854016026
