,training,validation,testing
rmse,0.05839487372950515,0.04438535116618778,0.04565067122223212
