,training,validation,testing
mse,0.0018728672936620455,0.0014810890724739883,0.0017081111393641314
