,training,validation,testing
mse,0.002595354192302282,0.0013554065796984598,0.0016210960058668843
