,training,validation,testing
smape,8.228583091961942,12.109337868528995,10.06043220506352
