,training,validation,testing
nrmse,0.05094461887483586,0.10037387655868843,0.06511934488192957
