,training,testing
arv,2.17378389689842,10.940897594676594
