,training,validation,testing
mape,3170.273181831663,11.83392475900216,9.798585379762049
