,training,validation,testing
smape,9.271003084012285,11.562460657458464,9.662559016663709
