,training,testing
rmse,0.2957514106174362,0.1268799243127941
