,training,validation,testing
arv,0.04347540221499799,0.308418201431414,0.12699325695809566
