,training,validation,testing
arv,0.05691863980906064,0.2756207865955088,0.11929576467541231
