,training,validation,testing
smape,9.042693940254221,11.536926541919925,9.652943696282383
