,training,validation,testing
mae,0.04488144140004471,0.03489704848151199,0.036138910446360424
