,training,validation,testing
smape,10.801195696203449,14.309950261730012,11.381232045822225
