,training,validation,testing
arv,0.08130844075378733,0.37489526474085566,0.1585959886485375
