,training,validation,testing
mape,2771.9461738892173,12.106136009185278,10.096456335664374
