,training,testing
smape,59.181073937123585,30.08880415710245
