,training,validation,testing
mape,3415.1334991200147,13.769324437913571,11.031024317028931
