,training,testing
mape,12273.235177065764,31.828933899669103
