,training,testing
mse,0.08746889688220334,0.016098515193620357
