,training,validation,testing
mse,0.0014576177336340975,0.0014182732102417251,0.0016821283378837635
