,training,validation,testing
rmse,0.04327663681089423,0.038484920065838625,0.04132930122037066
