,training,validation,testing
nrmse,0.04327663681089423,0.10492439930026924,0.06684419806190343
