,training,validation,testing
mse,0.0034099612778848505,0.001970059398145807,0.0020839837830403315
