,training,validation,testing
mape,2859.2048405675423,11.908913926948763,9.8647179828951
