,training,validation,testing
rmse,0.0504806661220413,0.036791328807141706,0.04017234234984165
