,training,validation,testing
arv,0.03270221873992568,0.2873480558207275,0.12335350452160321
