,training,validation,testing
nrmse,0.05839487372950515,0.12101119869487963,0.07383339226005796
