,training,validation,testing
mae,0.028089852907995507,0.029508196229521465,0.03226914984016868
