,training,validation,testing
rmse,0.05094461887483586,0.036815846855647094,0.040262836535282565
