,training,validation,testing
nrmse,0.0504806661220413,0.10030703111618675,0.06497298355772499
