,training,testing
nrmse,0.2957514106174362,0.20521002147172676
