,training,testing
nrmse,0.10485332448469468,0.1420470742040092
