,training,testing
mape,6243.832766846086,29.04754298167644
