,training,testing
mse,0.010994219655492675,0.007713531827389894
