,training,testing
rmse,0.10485332448469468,0.08782671477056336
