,training,testing
smape,24.581930581054962,23.36489586763124
