,training,testing
arv,0.6438737598359777,0.6779735373711944
