,training,testing
mae,0.08878132542861113,0.07668974092624678
