,arima,lstm,mlp,rf,svr,xgboost
0,0.0998365713224846,0.0766897409262467,0.0350599219588003,0.0328654023691611,0.0338446571113586,0.1159385711584557
