,arima,lstm,mlp,rf,svr,xgboost
0,0.1022125393657685,0.0361389104463604,0.0315684309138587,0.0322691498401686,0.0314117039135076,0.0325227685401602
