,arima,lstm,mlp,rf,svr,xgboost
0,32.20870385801758,29.04754298167644,10.99589687830199,10.257115880906596,10.419535113672204,46.27596453655431
