,arima,lstm,mlp,rf,svr,xgboost
0,31.828933899669103,11.031024317028931,9.798585379762049,10.096456335664374,9.8647179828951,10.287057380039473
