,training,testing
smape,11.092012126415051,10.626391461573178
