,training,testing
rmse,0.053978187412570815,0.044357022345485185
