,training,testing
mape,2499.9347153740528,10.99589687830199
