,training,testing
nrmse,0.053978187412570815,0.07174110133844884
