,training,testing
mse,0.0029136447163466183,0.001967545431357872
