,training,testing
mae,0.04082635535482389,0.03505992195880037
