,training,testing
arv,0.06103035900672032,0.13514525721531992
