,arima,lstm,mlp,rf,svr,xgboost
0,0.0153440368762261,0.0077135318273898,0.0019675454313578,0.0016939412891538,0.0018365903146421,0.0184315517869247
