,arima,lstm,mlp,rf,svr,xgboost
0,0.0160985151936203,0.0020839837830403,0.0016210960058668,0.0016821283378837,0.0016138170898728,0.0017081111393641
