,arima,lstm,mlp,rf,svr,xgboost
0,0.2003435992108307,0.1420470742040092,0.0717411013384488,0.0665663634442004,0.0693125377083897,0.2195768777177232
