,arima,lstm,mlp,rf,svr,xgboost
0,0.2052100214717267,0.0738333922600579,0.0651193448819295,0.0663338521589721,0.0649729835577249,0.0668441980619034
