,training,testing
arv,0.0071270736966998855,0.1283527007382989
