,training,testing
mae,0.013696589475890709,0.03286540236916111
