,training,testing
mape,806.8988604282737,10.257115880906596
