,training,testing
mse,0.000337170568703751,0.0016939412891538322
