,training,testing
nrmse,0.01836220489766278,0.06656636344420046
