,training,testing
smape,3.9110576985533356,10.027059908632225
