,arima,lstm,mlp,rf,svr,xgboost
0,0.1268799243127941,0.0456506712222321,0.0402628365352825,0.0410137579098009,0.0401723423498416,0.0413293012203706
