,arima,lstm,mlp,rf,svr,xgboost
0,30.08880415710245,11.381232045822223,9.662559016663709,9.892941138735427,9.652943696282383,10.06043220506352
