,arima,lstm,mlp,rf,svr,xgboost
0,29.34998341712333,23.36489586763124,10.626391461573178,10.027059908632223,10.307957663484874,32.90427398282939
