,training,testing
rmse,0.04893227335915894,0.04285545839962711
