,training,testing
mse,0.0023943673760954557,0.0018365903146421697
