,training,testing
mae,0.038059566166279896,0.033844657111358686
