,training,testing
arv,0.05264413227762167,0.14891320728919616
