,training,testing
smape,10.681827638855768,10.307957663484874
