,training,testing
nrmse,0.04893227335915894,0.06931253770838972
