,training,testing
mape,2925.720303937283,10.419535113672204
