,training,testing
mae,0.1394303077083957,0.11593857115845574
