,training,testing
rmse,0.1621490019473684,0.1357628512772356
