,training,testing
mape,11090.208583455154,46.27596453655431
