,training,testing
smape,35.88276133566866,32.90427398282939
