,training,testing
arv,5.085399926878142,1.591875724957485
