,training,testing
mse,0.026292298832527677,0.018431551786924797
