,training,testing
nrmse,0.1621490019473684,0.21957687771772325
