,training,testing
mape,443.84599541056593,17.47719426232561
