,training,testing
arv,0.9287199929188762,1.3869475115647913
