,training,testing
smape,113.66373581738824,19.588837765409732
