,training,testing
nrmse,1.028797950221022,0.1527042217906514
