,training,testing
mse,0.11021152877637407,0.0105471420752749
