,training,testing
mae,0.3317280463645239,0.08437428490402947
