,arima,lstm,mlp,rf,svr,xgboost
0,1.3869475115647911,0.6397677920694105,0.7527119615273968,1.343751557908565,1.0961646500958406,121.9797618939852
