,arima,lstm,mlp,rf,svr,xgboost
0,1.397327504268477,0.7838513223867503,0.6867654470215893,1.1236664125004376,0.2587353185892339,1.1434767471351384
