,training,validation,testing
mae,0.0001432325629096717,0.041207902882081475,0.20590359726823398
