,training,validation,testing
smape,2.2830224508004906,0.8339539603864058,6.4684931050732795
