,training,validation,testing
smape,2.0214308927144713,0.693085799356877,4.817183977014169
