,training,validation,testing
rmse,0.0031258654023246114,0.003763512634058571,0.058868775327878896
