,training,validation,testing
mse,9.771034513450005e-06,1.4164027346718482e-05,0.0034655327086042832
