,training,validation,testing
nrmse,0.05549771467919974,0.41388493993574005,0.3039459557070339
