,training,validation,testing
smape,17.309264600162418,9.948631972287673,52.278357247798546
