,training,validation,testing
mape,30.16184798048113,9.256323339144288,40.99464366270437
