,training,validation,testing
rmse,0.00035061455012733205,0.047249945979756694,0.21826426327917908
