,training,validation,testing
mape,2.080866785137461,0.6928937278262783,4.736120736930647
