,training,validation,testing
arv,0.0010313926919977969,0.013384265350315762,0.6867654470215893
