,training,validation,testing
mae,0.0017960791814818984,0.002354235726308582,0.032962606546423356
