,training,validation,testing
nrmse,0.004161338707018178,0.015265354385191061,0.051447520348752905
