,training,testing
smape,127.83940751637249,19.23489969493882
