,training,validation,testing
mae,0.008049792575343828,0.028106752708075774,0.19116089460450442
