,training,validation,testing
arv,0.0018605761041474806,0.025344561747455457,0.7838513223867503
