,training,validation,testing
mse,9.79124554178262e-07,1.67769682942227e-06,0.0011971859275882119
