,training,testing
mse,0.11399716545943826,0.010274201286439256
