,training,testing
arv,0.9599048342943381,1.397327504268477
