,training,validation,testing
nrmse,0.009890541854152826,0.03149828329301359,0.07714682803119288
