,training,validation,testing
mse,0.00017414941073298892,0.0012332722228788403,0.04178548488279817
