,training,validation,testing
smape,0.14920735601314003,15.094024827572955,57.62754221973749
