,training,testing
mae,0.33738057779361563,0.08303400714337414
