,training,validation,testing
arv,0.00018171770124602392,0.003177329132166184,0.2587353185892339
