,training,validation,testing
nrmse,0.013145719732118515,0.04435509638301852,0.08753236186353092
