,training,testing
nrmse,1.4199109931151213,0.15071541750739095
