,training,validation,testing
rmse,0.000989507227956553,0.0012952593676257547,0.034600374674101604
