,training,validation,testing
mape,2.3065120425422814,0.825643207174236,6.428685559738115
