,training,validation,testing
mape,0.775065032326844,0.2632478918036157,2.3301691538769873
