,training,validation,testing
mae,0.0014566157766692082,0.001992073349350644,0.024168934870985564
