,training,validation,testing
mse,1.2293056276099142e-07,0.0022325573950899257,0.04763928862480281
