,training,validation,testing
arv,2.2821842370893373e-05,1.3147445696471316,1.1236664125004376
