,training,testing
rmse,0.3376346627042879,0.10136173482354796
