,training,validation,testing
mae,0.00047422009876337153,0.0007439065083691133,0.011875567562036402
