,training,validation,testing
mse,5.531105978560749e-06,7.1428819293035425e-06,0.0026919615760206106
