,training,validation,testing
rmse,0.013196568142247777,0.03511797577991704,0.20441498204094086
