,training,validation,testing
mape,0.14902751715975335,13.772675010540619,44.32770397005763
