,training,validation,testing
smape,0.769535637492937,0.2632644084873925,2.3223424655947422
