,training,validation,testing
nrmse,0.0014744974644618708,0.55686697822094,0.3245385413374195
