,training,validation,testing
rmse,0.0023518303464665027,0.002672617056239734,0.05188411679908034
