,training,testing
mape,557.2734331951871,17.193734243863247
