,training,validation,testing
arv,0.0379963140630838,1.7445318116775546,1.1434767471351384
