,training,testing
arv,0.0007910483898022695,0.6397677920694105
