,training,testing
nrmse,0.008665563177046358,0.0685891447823665
