,training,testing
mse,7.819165974172488e-06,0.002127862121273026
