,training,testing
smape,3.087456788541404,3.8859711155261336
