,training,testing
rmse,0.0027962771633320773,0.04612875590424075
