,training,testing
mae,0.0021420004365509233,0.019821972540707045
