,training,testing
mape,3.2909974092437295,3.845571025379234
