,arima,lstm,mlp,rf,svr,xgboost
0,0.0830340071433741,0.0329626065464233,0.0241689348709855,0.2059035972682339,0.0118755675620364,0.1911608946045044
