,arima,lstm,mlp,rf,svr,xgboost
0,0.0843742849040294,0.019821972540707,0.0370646941784283,0.1237337236689104,0.2667568896970348,0.0469749942255302
