,arima,lstm,mlp,rf,svr,xgboost
0,17.47719426232561,3.845571025379234,7.428861553680751,25.755402661462213,57.64114591133315,10.257918152317224
