,arima,lstm,mlp,rf,svr,xgboost
0,17.193734243863247,6.428685559738115,4.736120736930647,44.32770397005763,2.3301691538769878,40.99464366270437
