,training,testing
mae,0.003041066646571052,0.037064694178428365
