,training,testing
nrmse,0.013304050963592634,0.09466945043469722
