,training,testing
rmse,0.004293063604664685,0.06366873336221375
