,training,testing
arv,0.001857829023677368,0.7527119615273968
