,training,testing
mape,4.41308407872644,7.428861553680751
