,training,testing
smape,5.21323949356901,7.376028855633569
