,training,testing
mse,1.8430395113696543e-05,0.00405370760794867
