,arima,lstm,mlp,rf,svr,xgboost
0,0.0102742012864392,0.0034655327086042,0.0026919615760206,0.0476392886248028,0.0011971859275882,0.0417854848827981
