,arima,lstm,mlp,rf,svr,xgboost
0,0.0105471420752749,0.002127862121273,0.0040537076079486,0.0205579310429622,0.0783117450406125,0.0052984605869258
