,arima,lstm,mlp,rf,svr,xgboost
0,0.1507154175073909,0.0875323618635309,0.0771468280311928,0.3245385413374195,0.0514475203487529,0.3039459557070339
