,arima,lstm,mlp,rf,svr,xgboost
0,0.1527042217906514,0.0685891447823665,0.0946694504346972,0.2131932000690344,0.4160994069157058,0.1082327018595419
