,training,testing
arv,1.3542130512072944e-05,1.343751557908565
