,training,testing
mape,0.13531986223035525,25.755402661462213
