,training,testing
mse,1.3334992616528962e-07,0.020557931042962222
