,training,testing
mae,0.0001699511183949856,0.12373372366891043
