,training,testing
nrmse,0.001131652186157438,0.21319320006903442
