,training,testing
rmse,0.0003651710916341676,0.1433803718887708
