,training,testing
smape,0.13540330850578466,30.42502856619186
