,arima,lstm,mlp,rf,svr,xgboost
0,0.1013617348235479,0.0588687753278788,0.0518841167990803,0.218264263279179,0.0346003746741016,0.2044149820409408
