,arima,lstm,mlp,rf,svr,xgboost
0,19.23489969493882,6.46849310507328,4.817183977014169,57.62754221973749,2.3223424655947422,52.27835724779855
