,arima,lstm,mlp,rf,svr,xgboost
0,19.58883776540973,3.8859711155261336,7.376028855633569,30.42502856619186,82.29461226612497,10.215867975410466
