,training,testing
rmse,0.05811595654357012,0.2798423574811585
