,training,testing
nrmse,0.18009927614710514,0.4160994069157058
