,training,testing
smape,45.867632418990794,82.29461226612497
