,training,testing
mape,93.14453358328348,57.64114591133315
