,training,testing
mae,0.05287343323236718,0.26675688969703487
