,training,testing
mse,0.0033774644049741308,0.07831174504061252
