,training,testing
arv,1.7966197306563334,1.0961646500958406
