,training,testing
smape,97.86415647964046,10.215867975410466
