,training,testing
nrmse,0.7758733335931327,0.1082327018595419
