,training,testing
mae,0.24040430834071405,0.046974994225530205
