,training,testing
arv,1.0684156049771318,121.97976189398521
