,training,testing
mape,400.2927415709114,10.257918152317224
