,training,testing
mse,0.06268281579587101,0.0052984605869258765
