,training,testing
mape,68.25688058718961,153.78665694545575
