,training,testing
mse,0.03735076366876469,0.00016750326647716097
