,training,testing
nrmse,0.19599407677243746,0.42915718808104275
