,training,testing
arv,1.9513773861235468,1.8532453897552248
