,training,testing
mae,0.13968749842649822,0.010311496430993262
