,training,testing
rmse,0.19326345663048847,0.01294230529995182
