,training,testing
smape,113.17096423330413,56.365154932758976
