,arima,lstm,mlp,rf,svr,xgboost
0,1.9511656081547828,0.9580496271928448,0.0043779729541598,1.0878970353332045,0.0033632155125383,1.037852242777016
