,arima,lstm,mlp,rf,svr,xgboost
0,1.8532453897552248,0.9685973324448458,0.1688210942901797,0.8629153943263659,1.0135128153493227,1.0006614097603472
