,training,validation,testing
mape,2.7610971598252285,134.77765282400816,484.08490932321337
