,training,testing
arv,1.4777340291842067,1.9511656081547828
