,training,validation,testing
arv,0.20659448847778117,0.03197310033636377,0.003363215512538359
