,training,testing
mae,0.1835789677883273,0.009999469316318507
