,training,validation,testing
mape,3.6632660469738454,3.2016347397962677,4.814362349174882
