,training,validation,testing
nrmse,0.026158251256436477,1.003712298582642,1.5248212384682893
