,training,validation,testing
mse,0.003612620093783567,0.00019731894126521482,0.00033877157856284626
