,training,validation,testing
smape,2.708984788192793,74.77562774263389,116.92801764308129
