,training,validation,testing
mse,0.002698699142675732,2.49788154669682e-06,2.511405753314729e-07
