,training,validation,testing
arv,0.3228132267842417,0.8856169132668609,0.9580496271928448
