,training,testing
rmse,0.22316243057402796,0.012568369003258351
