,training,testing
nrmse,0.23410176540608818,0.41675773945955147
