,training,validation,testing
mse,0.0021801514020579056,2.8840793088101345e-06,3.441722441317142e-07
