,training,validation,testing
rmse,0.06010507544112699,0.014047026064801574,0.018405748519493746
