,training,validation,testing
mae,0.012236442871270995,0.0008765180841651788,0.000474257362018827
