,training,validation,testing
mape,2.75436688989502,2.608880361344602,3.378114214063046
