,training,testing
mape,82.0779338534113,149.75844241791344
