,training,validation,testing
mape,1.2402705711245823,76.52415090891581,339.1076758447559
