,training,validation,testing
rmse,0.024935903066883366,0.03435169730784308,0.04598478726256475
