,training,validation,testing
mae,0.006590558767210417,0.033168677257252095,0.045138426691363434
