,training,validation,testing
mae,0.010637747865706872,0.0007375953893307646,0.0003243504514150953
