,training,validation,testing
arv,0.042287255702890915,1.0726056876864114,1.037852242777016
