,training,validation,testing
smape,1.212608331768711,49.626138160371504,97.76427890504122
