,training,validation,testing
nrmse,0.054495525076942025,0.046179259561046376,0.016617404560649276
