,training,validation,testing
smape,2.581597547891798,2.590715577935809,3.1664027720333774
