,training,validation,testing
arv,0.025292852025471144,1.2557226114670055,1.0878970353332045
