,training,validation,testing
mae,0.004246978480248953,0.017661718438104497,0.029621368060913884
