,training,validation,testing
arv,0.1581399282655081,0.03482923158829203,0.004377972954159846
