,training,validation,testing
mse,0.00038106411258538657,0.00039146165471763315,0.0009545485412118755
