,training,validation,testing
mae,0.025386165086394078,0.013679374869528534,0.01805406809451965
