,training,validation,testing
mse,0.0006217992617610032,0.0011800391079296734,0.002114600659583337
