,training,validation,testing
rmse,0.019520863520484603,0.01978538993089682,0.03089576898560506
