,training,testing
smape,142.36637125352715,55.496609246521245
