,training,validation,testing
mape,9.336899663085617,54.85779193436028,193.32313319810038
