,training,validation,testing
nrmse,0.048980919440717634,0.049620900880652914,0.019453272595854956
