,training,validation,testing
smape,9.316928941597237,41.14228237608841,78.41117051449676
