,training,validation,testing
rmse,0.05194900521353351,0.001580468774350452,0.0005011392773785276
