,training,validation,testing
rmse,0.04669209142946914,0.0016982577274401358,0.0005866619504720876
