,training,testing
mse,0.04980147041970785,0.00015796389940206533
