,training,validation,testing
smape,3.5474245107636047,3.224901893199511,5.0765301579869515
