,training,validation,testing
nrmse,0.06305140266863322,0.4104359878757197,0.610320889214548
