,training,validation,testing
nrmse,0.020477768595018164,0.5781035803829174,1.024480649634584
