,training,testing
nrmse,0.06455089255957458,1.1684819572361287
