,training,testing
rmse,0.06365155942509106,0.03523848754731658
