,training,testing
mae,0.029258262514820003,0.03517261432504605
