,training,testing
smape,28.287757703681173,107.64231425061132
