,training,testing
mse,0.004051521017245898,0.0012417510046223855
