,training,testing
arv,0.44536567732868776,0.9685973324448458
