,training,testing
mape,41.42596394886034,343.3988352678884
