,arima,lstm,mlp,rf,svr,xgboost
0,0.0099994693163185,0.0180540680945196,0.0004742573620188,0.0296213680609138,0.000324350451415,0.0451384266913634
