,arima,lstm,mlp,rf,svr,xgboost
0,0.0103114964309932,0.035172614325046,0.0039960171712448,0.0034810209764413,0.0970872785643233,0.3416912568367021
