,arima,lstm,mlp,rf,svr,xgboost
0,149.75844241791344,193.3231331981004,4.814362349174882,339.1076758447559,3.378114214063046,484.08490932321337
