,arima,lstm,mlp,rf,svr,xgboost
0,153.78665694545575,343.3988352678884,69.69911333813931,68.65010280117825,993.1429747808256,3252.4068822235904
