,training,testing
mae,0.015000677300381009,0.003996017171244834
