,training,testing
mape,6.4444725264275124,69.69911333813931
