,training,testing
nrmse,0.04478119624213238,0.18946333661270273
