,training,testing
arv,0.1185218351333774,0.16882109429017972
