,training,testing
smape,6.222180154629265,59.138663454516546
