,training,testing
mse,0.0019498669322023563,3.2646818230867933e-05
