,arima,lstm,mlp,rf,svr,xgboost
0,0.000157963899402,0.0003387715785628,3.441722441317142e-07,0.0009545485412118,2.511405753314729e-07,0.0021146006595833
