,arima,lstm,mlp,rf,svr,xgboost
0,0.0001675032664771,0.0012417510046223,3.2646818230867933e-05,3.1858903763946566e-05,0.0095626514544079,0.1168301365161741
