,arima,lstm,mlp,rf,svr,xgboost
0,0.4291571880810427,1.168481957236129,0.1894633366127027,0.1871630719528237,3.242603999616598,11.333973498448357
