,arima,lstm,mlp,rf,svr,xgboost
0,0.4167577394595514,0.610320889214548,0.0194532725958549,1.024480649634584,0.0166174045606492,1.524821238468289
