,training,testing
arv,0.012657967520762073,0.8629153943263659
