,training,testing
mape,1.0716734137710473,68.65010280117825
