,training,testing
mae,0.0029273739421218424,0.003481020976441317
