,training,testing
mse,0.00022138263162877047,3.1858903763946566e-05
