,training,testing
nrmse,0.015089156971827776,0.1871630719528237
