,training,testing
smape,1.0547884136875314,30.550196106993848
