,arima,lstm,mlp,rf,svr,xgboost
0,0.0125683690032583,0.0184057485194937,0.000586661950472,0.030895768985605,0.0005011392773785,0.0459847872625647
