,arima,lstm,mlp,rf,svr,xgboost
0,0.0129423052999518,0.0352384875473165,0.0057137394262311,0.0056443692086845,0.0977888104764955,0.3418042371243724
