,arima,lstm,mlp,rf,svr,xgboost
0,56.365154932758976,107.64231425061132,59.13866345451655,30.550196106993848,148.33445397538193,181.7308264751889
