,arima,lstm,mlp,rf,svr,xgboost
0,55.496609246521245,78.41117051449676,5.076530157986952,97.76427890504122,3.1664027720333774,116.92801764308128
