,training,testing
smape,60.18651613157232,148.33445397538193
