,training,testing
nrmse,0.08944513768942212,3.242603999616598
