,training,testing
mse,0.007779059021170134,0.009562651454407973
