,training,testing
mape,120.68802328032365,993.1429747808257
