,training,testing
mae,0.08577670345464494,0.09708727856432339
