,training,testing
arv,0.3538466961444934,1.0135128153493227
