,training,testing
rmse,0.2538279337372639,0.3418042371243724
