,training,testing
arv,1.1394022968226412,1.0006614097603472
