,training,testing
mape,436.91132027208823,3252.4068822235904
