,training,testing
nrmse,0.2574142696154298,11.333973498448357
