,training,testing
smape,99.86146157027338,181.7308264751889
