,training,testing
mse,0.06442861994532884,0.11683013651617419
