,training,testing
mae,0.24331599564264722,0.3416912568367021
