,training,testing
rmse,0.33561556944397486,0.10269927981867692
