,training,testing
mse,0.1126378104532035,0.0105471420752749
