,training,testing
nrmse,1.0223299829665298,0.1527042217906514
