,training,testing
mape,511.205935856536,17.47719426232561
