,training,testing
smape,115.05281096447449,19.588837765409732
