,training,testing
mae,0.33536559279196604,0.08437428490402947
