,training,testing
arv,0.9285838620374319,1.3869475115647913
