,arima,lstm,mlp,rf,svr,xgboost
0,1.397327504268477,0.8053471935769404,1.078207475238076,1.1237186762100912,0.2258583672101616,1.1322474201010533
