,arima,lstm,mlp,rf,svr,xgboost
0,1.3869475115647911,1.1932831853826753,1.398312227267316,1.3411431054026697,1.0960336231051626,123.07468600661836
