,training,testing
mape,644.9746725568193,17.193734243863247
