,training,validation,testing
smape,4.893896568455622,0.7564665050277171,6.687920602266321
