,training,validation,testing
mae,0.008022875916267089,0.03456822948212826,0.19911143896180422
