,training,validation,testing
smape,4.086944327937955,0.4382185479639979,13.484751144909012
