,training,validation,testing
arv,0.001769218934481265,0.01629998713016966,0.8053471935769404
