,training,validation,testing
arv,0.00016622479065126858,0.0029684827217857732,0.22585836721016167
