,training,validation,testing
mape,0.20257033869236032,13.756160576222564,44.317870408410755
