,training,testing
smape,129.28938414349466,19.23489969493882
