,training,validation,testing
nrmse,0.01280809762514734,0.035959205621658864,0.09296528689436853
