,training,validation,testing
rmse,0.0009532137736096224,0.0012575955943177266,0.03391023992301257
