,training,validation,testing
smape,18.435009169530606,12.451102125954682,55.134950975201114
