,training,validation,testing
nrmse,0.002071494807707308,0.5564173314473188,0.3244775308244506
