,training,testing
mse,0.11641098136660917,0.010274201286439256
