,training,testing
arv,0.9594825148030969,1.397327504268477
