,training,testing
nrmse,1.4018707019654144,0.15071541750739095
