,training,validation,testing
mse,9.086164981990964e-07,1.581546678847356e-06,0.0011499043716362758
