,training,validation,testing
smape,0.202712931520001,15.075191240449689,57.61142388163677
