,training,validation,testing
mse,2.541825484931386e-07,0.002228953457415372,0.04762137873819288
