,training,validation,testing
nrmse,0.05452605189720807,0.4886249965416512,0.31502899437913134
