,training,validation,testing
mse,9.717337570941962e-06,9.309361181400596e-06,0.003909077995922168
