,training,validation,testing
mse,0.000176110859558768,0.0017189017855633352,0.044888362382244015
