,training,validation,testing
nrmse,0.003916528519249125,0.014821465800864936,0.050421354534525155
