,training,validation,testing
rmse,0.003117264437121426,0.0030511245765128298,0.0625226198741077
