,training,validation,testing
nrmse,0.009559740154270666,0.02511996693879461,0.11161883705812942
