,training,validation,testing
smape,0.3965358720052225,0.21042701309736456,1.1576413339897424
