,training,testing
rmse,0.3411905352828668,0.10136173482354796
