,training,validation,testing
mae,0.00018126494718831847,0.041161205494346244,0.20586010172296423
