,training,validation,testing
rmse,0.013270676680515127,0.041459640441799964,0.21186873856764243
