,training,validation,testing
arv,4.639775235030861e-05,1.3156028739217447,1.1237186762100912
