,training,validation,testing
arv,0.037684688966358855,1.45123462201526,1.1322474201010533
