,training,validation,testing
mae,0.000330170843147627,0.0005994035838879065,0.00644324754528537
