,training,validation,testing
mape,4.7017200814144156,0.43747036726308486,12.452152139376631
