,training,validation,testing
mae,0.0021860308958946855,0.0021982824326831516,0.034299236958309325
