,training,testing
mae,0.34093712691976613,0.08303400714337414
