,training,validation,testing
mape,0.3933905384696344,0.2099543405765667,1.1960230307971709
