,training,validation,testing
rmse,0.002326671679369467,0.0021314194004881425,0.07506782750108561
