,training,validation,testing
mse,5.413401103579936e-06,4.542948660777233e-06,0.005635178725732744
