,training,validation,testing
rmse,0.0005041651996053859,0.0472117936263321,0.21822323143559413
