,training,validation,testing
mae,0.0016445224001707193,0.0012555393425214205,0.06005422840809628
