,training,validation,testing
mape,6.149618379901513,0.7556034675511949,6.781848625462401
