,training,validation,testing
mape,39.9399775624229,11.455424674233683,42.79211895767608
