,training,validation,testing
arv,0.000989216947910632,0.008720309476911232,1.078207475238076
