,training,testing
nrmse,0.07818071177652439,0.17770792052217826
