,training,testing
mae,0.023093733549856815,0.10545540175781991
