,training,testing
rmse,0.025665552746751957,0.11951519900165382
