,training,testing
arv,0.11690302098392678,1.1932831853826753
