,training,testing
mse,0.0006587205977963069,0.014283882792404915
