,training,testing
smape,27.145794049437754,25.56501562015568
