,training,testing
mape,45.27635913581468,22.39383617497936
