,arima,lstm,mlp,rf,svr,xgboost
0,0.0830340071433741,0.0342992369583093,0.0600542284080962,0.2058601017229642,0.0064432475452853,0.1991114389618042
