,arima,lstm,mlp,rf,svr,xgboost
0,0.0843742849040294,0.1054554017578199,0.0474886838058521,0.1243504572427757,0.2682758782163451,0.0469786102406465
