,arima,lstm,mlp,rf,svr,xgboost
0,17.193734243863247,6.781848625462401,12.452152139376633,44.31787040841076,1.1960230307971709,42.79211895767608
