,arima,lstm,mlp,rf,svr,xgboost
0,17.47719426232561,22.39383617497936,9.50605229969282,25.890563242912638,57.97264678001163,10.259412213172302
