,training,testing
arv,0.0011398625691552706,1.398312227267316
