,training,testing
mae,0.0021933592764572865,0.0474886838058521
