,training,testing
nrmse,0.01027760727257594,0.10762097363908904
