,training,testing
mse,1.1383768111844226e-05,0.005238736341409738
