,training,testing
mape,3.99216976551455,9.506052299692819
