,training,testing
smape,3.3461664613889317,10.279789291707234
