,arima,lstm,mlp,rf,svr,xgboost
0,0.0105471420752749,0.0142838827924049,0.0052387363414097,0.0207246509097205,0.0792113340571667,0.0052980709856854
