,arima,lstm,mlp,rf,svr,xgboost
0,0.0102742012864392,0.0039090779959221,0.0056351787257327,0.0476213787381928,0.0011499043716362,0.044888362382244
