,arima,lstm,mlp,rf,svr,xgboost
0,0.1527042217906514,0.1777079205221782,0.107620973639089,0.2140559272125599,0.4184825080140259,0.1082287225556104
