,arima,lstm,mlp,rf,svr,xgboost
0,0.1507154175073909,0.0929652868943685,0.1116188370581294,0.3244775308244506,0.0504213545345251,0.3150289943791313
