,training,testing
arv,1.889254823645214e-05,1.3411431054026695
