,training,testing
mse,1.887677642474655e-07,0.020724650909720584
