,training,testing
mae,0.0001832780938957,0.12435045724277571
