,training,testing
mape,0.1532040596914762,25.890563242912634
