,training,testing
nrmse,0.001323466382428739,0.2140559272125599
