,training,testing
rmse,0.00043447412379503744,0.1439605880431189
