,training,testing
smape,0.1533761436641541,30.607270594101948
