,arima,lstm,mlp,rf,svr,xgboost
0,0.1026992798186769,0.1195151990016538,0.0723791153676924,0.1439605880431189,0.2814450817782516,0.0727878491623802
