,arima,lstm,mlp,rf,svr,xgboost
0,0.1013617348235479,0.0625226198741077,0.0750678275010856,0.2182232314355941,0.0339102399230125,0.2118687385676424
