,arima,lstm,mlp,rf,svr,xgboost
0,19.58883776540973,25.56501562015568,10.279789291707234,30.607270594101948,82.97107209397194,10.216683829927875
