,arima,lstm,mlp,rf,svr,xgboost
0,19.23489969493882,6.687920602266321,13.484751144909012,57.61142388163677,1.1576413339897424,55.13495097520112
