,training,testing
mape,108.40076280939512,57.97264678001163
