,training,testing
smape,46.64361324728278,82.97107209397194
