,training,testing
mse,0.0032764551506958618,0.07921133405716674
