,training,testing
nrmse,0.1743617069268937,0.4184825080140259
