,training,testing
arv,1.648965909465856,1.0960336231051626
