,training,testing
rmse,0.057240328010030324,0.2814450817782516
