,training,testing
mae,0.05224798255424914,0.26827587821634513
