,training,testing
smape,98.96480119411373,10.216683829927877
