,training,testing
mape,469.0043019625967,10.259412213172302
