,training,testing
nrmse,0.7666786636431647,0.10822872255561045
