,training,testing
mae,0.24162649477086476,0.046978610240646576
