,training,testing
arv,1.0687805490431599,123.07468600661836
