,training,testing
mse,0.06334739467021658,0.005298070985685413
