,arima,lstm,mlp,rf,svr,xgboost
0,1.2283507614776534,1.1497342211961117,1.136347669255448,1.1908030942460528,1.1548923845324492,1.0506995823422207
