,arima,lstm,mlp,rf,svr,xgboost
0,0.0842646211150261,0.1668222232764092,0.0432269693978187,0.1509761856944048,0.0523238150686405,0.3333026536259334
