,arima,lstm,mlp,rf,svr,xgboost
0,110989.68454131734,222490.61413646565,58071.40727515885,214000.8993329247,78188.67000369827,363042.5828709015
