,training,validation,testing
arv,0.01531586064698101,0.10334521803199632,1.1908030942460528
