,training,validation,testing
rmse,0.027500818820066723,0.03633890971171093,0.06278667965157066
