,training,validation,testing
nrmse,0.1025699476667986,0.110885470603087,0.5894817264078961
