,training,testing
nrmse,0.942532446915578,0.3167149337173216
