,training,validation,testing
nrmse,0.03453210698770965,0.07948939779218563,0.5412706289105353
