,training,validation,testing
mape,3.9539581085507676,7.104978538724363,78188.67000369827
