,training,validation,testing
smape,3.2806911672091177,8.19035586829627,80.4802137962228
