,training,testing
arv,1.1688502001031837,1.2283507614776534
