,training,validation,testing
mae,0.017555284999781616,0.03183827053623489,0.1509761856944048
