,training,validation,testing
rmse,0.02918077292696653,0.03668935335248078,0.05665286435631896
