,training,testing
smape,147.49108825133698,57.783991055085416
