,training,validation,testing
mape,3.293110065005273,8.681772741554287,214000.8993329247
