,training,validation,testing
arv,0.02531204970324731,0.07513006858275284,1.136347669255448
