,training,validation,testing
rmse,0.0673011623659571,0.05735141188290332,0.17880198162113295
