,training,testing
mape,87.12244944895026,110989.68454131734
