,training,validation,testing
mse,0.0008515175086151827,0.0013461086494231927,0.003209547039775475
