,training,validation,testing
arv,0.018762468423359647,0.14365099199939851,1.0506995823422207
