,training,validation,testing
rmse,0.022658205371891137,0.04111295346729284,0.16417856009255294
