,training,validation,testing
nrmse,0.03717710968593171,0.09164175774189522,1.1331593346349729
