,training,validation,testing
smape,3.142751229851372,9.881792354475435,115.34250014320693
