,training,testing
mse,0.3824700933821651,0.00922871097950789
