,training,validation,testing
mse,0.000595053628459796,0.0022466000334678033,0.11813699597161911
