,training,validation,testing
mae,0.05676768077556186,0.04805680599415859,0.16682222327640922
