,training,validation,testing
mse,0.0005133942706747964,0.0016902749428037863,0.02695459959406402
