,training,validation,testing
smape,3.9482187535589652,7.006886066657373,41.71544294719852
