,training,testing
rmse,0.6184416653025289,0.09606618020670901
