,training,validation,testing
arv,0.1976476926318331,0.2882075742228218,1.1497342211961115
