,training,validation,testing
mse,0.00452944645580892,0.0032891844449624242,0.03197014863164396
