,training,validation,testing
rmse,0.024393721086783705,0.04739831255928636,0.3437106282494318
