,training,validation,testing
mape,3.204639714530666,10.721509107474764,363042.5828709015
