,training,validation,testing
nrmse,0.04447278838544508,0.07093663571734247,0.186775493112142
