,training,validation,testing
mape,10.036868831078891,14.094403675477004,222490.61413646565
