,training,testing
mae,0.5560588336608141,0.08426462111502615
