,training,validation,testing
nrmse,0.04191246403487342,0.0702590742284298,0.20699770763643996
