,training,validation,testing
arv,0.022447680542992707,0.07433214609273558,1.1548923845324492
