,training,validation,testing
smape,4.326099687952931,7.153373023311812,36.26330168856208
