,training,validation,testing
mae,0.017143072097685366,0.03746752449318706,0.3333026536259334
