,training,validation,testing
mae,0.023443503861333953,0.029025987436679935,0.04322696939781872
