,training,validation,testing
mae,0.021251080349444618,0.02830218474518282,0.052323815068640527
