,training,validation,testing
smape,10.147440903338948,12.640679250758946,84.84244917883717
