,training,validation,testing
mse,0.000756295035774136,0.001320516359035879,0.003942167141668957
