,training,validation,testing
mape,4.338703561671375,7.285629655582432,58071.40727515885
