,arima,lstm,mlp,rf,svr,xgboost
0,0.0092287109795078,0.0319701486316439,0.0032095470397754,0.026954599594064,0.0039421671416689,0.1181369959716191
