,arima,lstm,mlp,rf,svr,xgboost
0,0.3167149337173216,0.5894817264078961,0.186775493112142,0.5412706289105353,0.2069977076364399,1.1331593346349729
