,arima,lstm,mlp,rf,svr,xgboost
0,0.096066180206709,0.1788019816211329,0.0566528643563189,0.1641785600925529,0.0627866796515706,0.3437106282494318
