,arima,lstm,mlp,rf,svr,xgboost
0,57.783991055085416,84.84244917883717,36.26330168856208,80.4802137962228,41.71544294719852,115.34250014320692
