,arima,lstm,mlp,rf,svr,xgboost
0,12.876515927603748,11.244539416835416,0.6632923772307159,0.7526278492926255,0.7277918252467047,0.7782353756059079
