,arima,lstm,mlp,rf,svr,xgboost
0,0.06936328848383,0.0688453808285159,0.0506625894788802,0.0495036687603609,0.0506235865267246,0.0476478795932185
