,arima,lstm,mlp,rf,svr,xgboost
0,17.325800707738196,16.859060356950835,11.020860384623935,10.820356341791651,11.05997244054081,10.470230044542896
