,training,validation,testing
mape,7.444126116876588,297196.5855100595,10.470230044542896
