,training,validation,testing
mape,21.544146127906142,410129.9446941463,16.859060356950835
