,training,validation,testing
rmse,0.04255154711348293,0.11928200676854078,0.05979079458090685
