,training,testing
mae,0.12165426972144175,0.06936328848383
