,training,validation,testing
rmse,0.04362300276717996,0.09526960163804767,0.06247701471958281
