,training,testing
arv,26.38830395368663,12.876515927603748
