,training,validation,testing
nrmse,0.050303042614920856,0.12994539371289646,0.11006177623936605
