,training,validation,testing
mae,0.03570285405983454,0.052703548266945996,0.050662589478880214
