,training,validation,testing
nrmse,0.058102519406849074,0.11035827380257741,0.11412811937806439
