,training,validation,testing
mae,0.029149668914627096,0.05935599763388949,0.04950366876036098
