,training,validation,testing
arv,2.5401780131231226,8.392798846171388,11.244539416835416
