,training,validation,testing
rmse,0.11962036927290846,0.14677471834471542,0.09110834265154298
