,training,validation,testing
mape,6.522065551426555,175893.32619960068,10.820356341791651
