,training,validation,testing
smape,18.340116747327354,21.3894195825049,14.779269432691125
