,training,validation,testing
nrmse,0.13793797197461186,0.2001971062591963,0.16049976247201483
