,training,validation,testing
mse,0.014309032744986985,0.02154281794517054,0.008300730100710965
