,training,validation,testing
mse,0.0019029663704253905,0.009076296996272293,0.0039033773682709666
