,training,validation,testing
mse,0.0018106341617509579,0.01422819713873021,0.0035749391166162003
