,training,testing
nrmse,0.17943782624497892,0.16410284449464776
