,training,validation,testing
arv,0.12023044342102192,0.3723508446735776,0.6632923772307159
