,training,validation,testing
nrmse,0.060379931456546715,0.1101214954200356,0.11578485688205782
