,training,testing
mse,0.024214226663206547,0.008677601913891112
