,training,validation,testing
mse,0.002741749897192621,0.006518251610848805,0.004319873518027344
