,training,validation,testing
arv,0.09279649162716967,1.0817809948660535,0.7526278492926255
