,training,validation,testing
smape,6.9894645640896975,19.540177451383357,10.239483332876459
