,training,validation,testing
mae,0.08511181629200043,0.08264216986990855,0.06884538082851593
