,training,validation,testing
mae,0.03495578174367632,0.051857785987784344,0.05062358652672465
