,training,validation,testing
arv,0.12584015132918913,0.3656758560267146,0.7277918252467047
