,training,validation,testing
smape,7.755845718855381,17.629780437615178,10.845639896069237
