,training,validation,testing
arv,0.09732803456911016,2.984000365734117,0.7782353756059079
