,training,validation,testing
smape,6.38966738541324,19.223852457099994,10.70450423390307
