,training,validation,testing
rmse,0.05038674070409592,0.08090928414025575,0.06478529093328671
