,training,validation,testing
mape,7.555685904083311,15040.944014088956,11.05997244054081
