,training,testing
rmse,0.15560921137004244,0.09315364680940362
