,training,validation,testing
rmse,0.052361721679034016,0.08073568982085187,0.06572574471261124
