,training,validation,testing
mse,0.0025388236387817965,0.00654631226008864,0.004197133921310601
