,training,testing
mape,30.399828208436645,17.325800707738196
