,training,testing
smape,25.353411755314507,14.827430699177361
