,training,validation,testing
mape,7.828461559458918,49993.80642320355,11.020860384623935
