,training,validation,testing
smape,7.5419226118431535,18.12140372768962,10.87003305829304
