,training,validation,testing
nrmse,0.04906751374278945,0.16269772378487768,0.10532963336794997
