,training,validation,testing
mae,0.030658175407180518,0.06819196798158063,0.04764787959321857
