,arima,lstm,mlp,rf,svr,xgboost
0,0.0086776019138911,0.0083007301007109,0.0041971339213106,0.0039033773682709,0.0043198735180273,0.0035749391166162
