,arima,lstm,mlp,rf,svr,xgboost
0,0.1641028444946477,0.1604997624720148,0.1141281193780643,0.110061776239366,0.1157848568820578,0.1053296333679499
