,arima,lstm,mlp,rf,svr,xgboost
0,0.0931536468094036,0.0911083426515429,0.0647852909332867,0.0624770147195828,0.0657257447126112,0.0597907945809068
