,arima,lstm,mlp,rf,svr,xgboost
0,14.82743069917736,14.779269432691123,10.845639896069237,10.70450423390307,10.87003305829304,10.23948333287646
