,training,testing
rmse,0.05667603053503767,0.033978217649285186
