,training,testing
rmse,0.0011236956025671224,0.0029765777563027316
