,arima,lstm,mlp,rf,svr,xgboost
frontend,0.0129606803271187,0.0339782176492851,0.0070587939463537,0.0029765777563027,0.0392703412401291,0.2291996331626858
