,training,testing
rmse,0.15383713651005035,0.09266763226192841
