,training,testing
rmse,0.0054926402988659355,0.03907228352998296
