,training,testing
rmse,0.1462962774964749,0.0943800465188657
