,training,testing
rmse,0.0028333096173176016,0.34859740226636937
