,arima,lstm,mlp,rf,svr,xgboost
frontend,0.3357593578497587,0.2541924175332998,0.0541669015392552,0.3485974022663693,0.4190574587858883,0.2434631977415742
