,training,testing
rmse,0.7431590893689325,1.0105839120625335
