,training,testing
rmse,0.4251819684264312,0.40094424236820714
