,training,testing
rmse,0.031952948600484386,0.03256455329692258
