,arima,lstm,mlp,rf,svr,xgboost
frontend,1.0105839120625335,0.4009442423682071,0.0325645532969225,0.0216489407191145,0.0516203298684519,0.2371964788687055
