,arima,lstm,mlp,rf,svr,xgboost
0,1.1333575509016791,1.05307840039,1.537685368453848,1.172004524465407,0.69620219969964,1.0854222085931378
