,arima,lstm,mlp,rf,svr,xgboost
0,0.1402683079283583,0.0846158405816737,0.0368739383658387,0.1235247652066739,0.0357552862889531,0.1755018616350718
