,arima,lstm,mlp,rf,svr,xgboost
0,180794.25707074068,112114.01557340568,88486.93331483952,168505.9826523485,56083.49229488265,206701.2116651116
