,training,validation,testing
mae,0.016427682740300813,0.021924161178281946,0.03687393836583878
