,training,validation,testing
rmse,0.02141992487578805,0.03467162332083207,0.1828447755090916
