,training,validation,testing
mae,0.030145765927663097,0.04247613999545794,0.08461584058167376
