,training,validation,testing
nrmse,0.04862409831725521,0.06707215256152989,0.44776993234147133
