,training,validation,testing
smape,2.700490789762939,4.0760273097894055,40.53475731663516
