,training,validation,testing
rmse,0.02210913518665267,0.030015538067061,0.04848979801721753
