,training,validation,testing
arv,0.0365757942109778,0.06924304766645567,1.05307840039
