,training,testing
nrmse,0.6486117225553223,0.7326186051667423
