,training,validation,testing
rmse,0.038795837552007134,0.05056353081015033,0.09126831120104839
