,training,validation,testing
mape,1.8549567758327163,4.5423063128731265,168505.9826523485
