,training,testing
smape,89.51249232137698,85.84183697514088
