,training,validation,testing
nrmse,0.02684629586131089,0.045991653898978024,0.8970516894779246
