,training,validation,testing
mse,0.00045762156595610947,0.0009206587540016787,0.0017161661830046794
