,training,validation,testing
nrmse,0.02681141100200535,0.04024891664186031,0.20324252551119326
