,training,validation,testing
arv,0.009770024184692838,0.027284658973776556,1.0854222085931378
