,training,testing
mape,59.18761304540039,180794.25707074068
