,training,validation,testing
arv,0.01004541698498859,0.01947336380065117,1.537685368453848
