,training,validation,testing
arv,0.009441318527187154,0.019844490254468584,0.69620219969964
