,training,validation,testing
nrmse,0.018463500638884828,0.04023975899665401,0.6560752655412025
