,training,validation,testing
mse,0.0002170177388227261,0.000920239855418148,0.01788288171783585
