,training,testing
arv,1.2248577917352128,1.1333575509016791
