,training,validation,testing
mae,0.011145290729535531,0.022433732197937557,0.12352476520667391
