,training,testing
rmse,0.5175095455426485,0.14932861279538706
