,training,testing
mse,0.2678161297277586,0.022299034599394633
