,training,validation,testing
rmse,0.014731521945227727,0.030335455418011248,0.1337268922761456
