,training,validation,testing
rmse,0.021392091201098352,0.03034235907113484,0.041426636153623186
