,training,validation,testing
mae,0.0159456926282894,0.022248468270332066,0.03575528628895315
