,training,validation,testing
smape,2.701598478484588,5.449771548222933,95.84311207269805
