,training,validation,testing
nrmse,0.027710105796379905,0.039815390978317204,0.23789498558368957
