,training,validation,testing
mape,2.6420533689540067,4.286312000523267,56083.49229488265
