,training,validation,testing
mse,0.0015051170113617271,0.002556670647989022,0.008329904629491416
