,training,validation,testing
mape,5.4645908109525285,9.59589440896206,112114.01557340569
