,training,validation,testing
mape,2.7081843100925993,4.1558203310485595,88486.93331483952
