,training,validation,testing
mae,0.016006899438120427,0.025397772981160045,0.1755018616350718
