,training,validation,testing
smape,2.63473895649101,4.185830359013879,39.87449027696561
