,training,validation,testing
smape,5.3083984035373115,8.936838038613214,66.33335848847854
