,training,testing
mae,0.4689878528100697,0.14026830792835837
