,training,validation,testing
mape,2.740932923925778,5.849890328721029,206701.21166511156
