,training,validation,testing
smape,1.8510523318002778,4.397734012504309,80.3677005146985
