,training,validation,testing
mse,0.0004588131816844037,0.0012021214637016663,0.033432211930970096
