,training,validation,testing
arv,0.004454447985437964,0.01973649809458365,1.172004524465407
