,training,validation,testing
mse,0.0004888138587016833,0.0009009325254551881,0.0023512605117505525
