,arima,lstm,mlp,rf,svr,xgboost
0,0.0222990345993946,0.0083299046294914,0.0023512605117505,0.0178828817178358,0.0017161661830046,0.03343221193097
