,arima,lstm,mlp,rf,svr,xgboost
0,0.7326186051667423,0.4477699323414713,0.2378949855836895,0.6560752655412025,0.2032425255111932,0.8970516894779246
