,arima,lstm,mlp,rf,svr,xgboost
0,0.149328612795387,0.0912683112010483,0.0484897980172175,0.1337268922761456,0.0414266361536231,0.1828447755090916
