,arima,lstm,mlp,rf,svr,xgboost
0,85.84183697514088,66.33335848847854,40.53475731663516,80.3677005146985,39.87449027696561,95.84311207269803
