,training,testing
nrmse,0.8863587742238039,0.3764168881067085
