,training,testing
mse,0.30530718802104917,0.022708196842496267
