,training,testing
smape,136.70277964620186,61.94963884754012
