,training,testing
arv,0.9524453455125076,1.2719781717058873
