,training,testing
mape,80.69805077991664,32626.024945627694
