,training,testing
mae,0.5501831333207035,0.12952128686900866
