,arima,lstm,mlp,rf,svr,xgboost
0,1.2719781717058871,19.819541769197848,0.0619706185864539,1.387602135374736,1.1584190172203264,1.1701269746605247
