,arima,lstm,mlp,rf,svr,xgboost
0,1.246002456302353,0.9670818089316712,0.008108482045915,1.070419195904595,0.00840670137893,1.0819190218405963
