,training,validation,testing
smape,2.4172751212108325,14.660576834368703,103.85312297695015
