,training,validation,testing
arv,0.2736443704978825,0.3666828008733141,0.9670818089316711
