,training,validation,testing
mae,0.010468186705076234,0.09958259819723156,0.4154765604295956
