,training,validation,testing
mae,0.026444957856947324,0.029847852479052306,0.1454896840682168
