,training,validation,testing
nrmse,0.060206947344332164,0.3272150881681062,1.000863456544793
