,training,testing
smape,116.8223421181796,63.11434538904871
