,training,validation,testing
mae,0.01869668223197228,0.07678775208968265,0.3852118863014428
