,training,validation,testing
mape,1.3405940303185913,21.551787528991635,73440.39283581161
