,training,validation,testing
arv,0.1305434493860365,1.9129033030984106,1.0819190218405963
