,training,validation,testing
smape,3.2454660597163927,2.165876215838473,7.628209247679147
