,training,validation,testing
nrmse,0.08607992916206882,0.12090556036964735,0.38576171047777824
