,training,validation,testing
smape,3.302196132681086,2.1505339952447695,7.4031105393926895
