,training,testing
mape,72.70415200940427,33050.51467859128
