,training,validation,testing
mape,3.2558162745522106,2.1799103098312638,1346.638036327926
