,training,validation,testing
nrmse,0.034780991872144514,0.40447316632550673,1.0737452283804
