,training,validation,testing
mae,0.025406555815093008,0.011118766206428422,0.007998814946615553
