,training,validation,testing
arv,0.2654819449793612,0.04281344465432577,0.008406701378930018
