,training,validation,testing
mse,0.001159692648702965,0.0002110953526481886,9.878388262254858e-05
