,training,testing
arv,0.9762931345170734,1.246002456302353
