,training,testing
mae,0.5529266171352143,0.13399110544055173
