,training,validation,testing
arv,0.04294043751525625,1.5121796828533343,1.070419195904595
