,training,validation,testing
nrmse,0.08430516507696625,0.04836424467270639,0.02482680429519214
