,training,validation,testing
smape,3.378075404554156,6.071412751006807,66.46554345482731
