,training,validation,testing
mse,0.00019738696241783387,0.014764178347114224,0.18477658824583806
