,training,testing
nrmse,1.37553362038209,0.38530321816493557
