,training,validation,testing
mape,3.3803268470192696,6.383740053713356,29838.76640435974
