,training,testing
rmse,0.5556335723961058,0.15424988945822868
