,training,testing
mse,0.30872866677365857,0.023793028397875768
