,training,validation,testing
mape,3.311944185517473,2.160699473216511,1549.889995842285
