,training,validation,testing
mse,0.0011348278207129277,0.00021666776060887913,0.00010283712404281778
