,training,validation,testing
rmse,0.014049447050251974,0.12150793532569888,0.4298564740071249
