,training,validation,testing
rmse,0.03368720559371061,0.014719638603202157,0.010140864067860184
