,training,validation,testing
nrmse,0.08339647957384175,0.04899843633294895,0.025331023406521137
