,training,validation,testing
rmse,0.024320017148474406,0.09829880714194568,0.40067943961145086
