,training,validation,testing
mape,2.4210843316792343,16.818320510176306,69832.68090073482
