,training,validation,testing
arv,0.2713454665236131,0.04165045067199705,0.008108482045915088
