,training,validation,testing
smape,1.338519395788128,18.3880609433011,107.24601254692784
