,training,validation,testing
rmse,0.034771159238287684,0.03632128465622283,0.1544334394137942
