,training,validation,testing
mse,0.0012090335147743592,0.0013192357190783678,0.023849687209174047
