,training,validation,testing
mse,0.0005914632341020891,0.009662655485529432,0.1605440133273463
