,training,validation,testing
mae,0.02586014640535757,0.011033948613132621,0.007841737783209303
