,training,validation,testing
rmse,0.03405426036053294,0.014529120849115014,0.009939008130721525
