,training,testing
mape,74.32789348864051,27149.162369352474
