,training,testing
mse,0.3118903863052894,0.01359192087185289
