,training,testing
rmse,0.5584714731347425,0.11658439377486547
