,training,testing
nrmse,0.8958638819441899,0.2912179857440236
