,training,testing
mae,0.5377658671850604,0.10002107390159877
