,training,testing
smape,119.91700428873342,54.95680401897296
