,training,testing
arv,1.076858786517513,19.819541769197848
