,arima,lstm,mlp,rf,svr,xgboost
0,0.1339911054405517,0.1454896840682168,0.0078417377832093,0.4154765604295956,0.0079988149466155,0.3852118863014428
