,arima,lstm,mlp,rf,svr,xgboost
0,0.1295212868690086,0.1000210739015987,0.0267871598860624,0.1765896303608376,0.401226297111,0.2674947152355079
