,arima,lstm,mlp,rf,svr,xgboost
0,32626.02494562769,27149.162369352474,4119.023840111313,44865.97202951045,79068.88634438207,55757.65158758519
