,arima,lstm,mlp,rf,svr,xgboost
0,33050.51467859128,29838.76640435974,1549.889995842285,73440.39283581161,1346.638036327926,69832.68090073482
