,training,testing
smape,3.5559304474864293,44.599788097926975
