,training,testing
arv,0.07723891176221832,0.061970618586453904
