,training,testing
rmse,0.035323372712630786,0.03193885312633782
