,training,testing
mae,0.02609116110042711,0.02678715988606245
