,training,testing
mse,0.0012477406597954294,0.0010200903390257792
