,training,testing
nrmse,0.056663474007138594,0.07978056215986909
