,training,testing
mape,3.559755940678344,4119.023840111313
