,arima,lstm,mlp,rf,svr,xgboost
0,0.0227081968424962,0.0135919208718528,0.0010200903390257,0.0431587686764823,0.192094473494567,0.0837265900058968
