,arima,lstm,mlp,rf,svr,xgboost
0,0.0237930283978757,0.023849687209174,9.878388262254858e-05,0.184776588245838,0.0001028371240428,0.1605440133273463
