,arima,lstm,mlp,rf,svr,xgboost
0,0.3853032181649355,0.3857617104777782,0.0248268042951921,1.0737452283804,0.0253310234065211,1.000863456544793
