,arima,lstm,mlp,rf,svr,xgboost
0,0.3764168881067085,0.2912179857440236,0.079780562159869,0.5189342050877179,1.094801062361047,0.7227855754006155
