,training,testing
arv,0.008072176565169243,1.3876021353747359
