,training,testing
mape,1.1502305702672855,44865.97202951045
