,training,testing
mse,0.00013276237419320415,0.04315876867648233
