,training,testing
mae,0.008423191477088724,0.17658963036083763
