,training,testing
nrmse,0.01848325855534967,0.5189342050877179
