,training,testing
rmse,0.011522255603535453,0.2077468860813137
