,training,testing
smape,1.1488692729905057,71.18250067984184
