,arima,lstm,mlp,rf,svr,xgboost
0,0.1542498894582286,0.1544334394137942,0.0099390081307215,0.4298564740071249,0.0101408640678601,0.4006794396114508
