,arima,lstm,mlp,rf,svr,xgboost
0,0.1506923914552299,0.1165843937748654,0.0319388531263378,0.2077468860813137,0.4382858353797976,0.2893554734334515
