,arima,lstm,mlp,rf,svr,xgboost
0,61.94963884754012,54.95680401897296,44.599788097926975,71.18250067984184,102.65770834917969,87.80590384701
