,arima,lstm,mlp,rf,svr,xgboost
0,63.11434538904871,66.46554345482731,7.4031105393926895,107.24601254692784,7.628209247679147,103.85312297695016
