,training,testing
nrmse,0.0619697608428043,1.094801062361047
