,training,testing
mse,0.0014923736523555448,0.19209447349456704
