,training,testing
smape,4.6866010499997595,102.65770834917967
