,training,testing
mae,0.031127169501596014,0.40122629711100005
