,training,testing
mape,4.818554570784853,79068.88634438207
