,training,testing
arv,0.12030382006918715,1.1584190172203264
