,training,testing
mae,0.15351699344573883,0.26749471523550794
