,training,testing
mape,20.29560799459568,55757.65158758519
