,training,testing
smape,22.938231084358478,87.80590384701
