,training,testing
mse,0.030087519985965774,0.08372659000589688
