,training,testing
nrmse,0.2782493954811359,0.7227855754006155
