,training,testing
arv,1.3313184217542673,1.1701269746605247
