,training,testing
mape,29006.058028762025,100604.33517855805
