,training,testing
smape,187.49177454453465,175.84425791314374
