,training,testing
nrmse,0.7605374880060921,1.0105839120625335
