,training,testing
mse,0.5511026439949922,1.0212798433196144
