,training,testing
mae,0.6376220984913291,0.8529232027500012
