,training,testing
arv,1.20502611605132,1.2288218427385855
