,arima,lstm,mlp,rf,svr,xgboost
0,1.0076557411644889,0.0043653462074974,0.003739556517147,0.0040056091539917,0.0036291065868496,0.0048428262723213
