,arima,lstm,mlp,rf,svr,xgboost
0,1.2288218427385855,0.6285020320406028,0.0049866860537174,0.0038810520167182,0.0316780922173087,5.730942274366081
