,training,validation,testing
mae,0.005975067752064507,0.015414139820801677,0.01545584302400628
