,training,validation,testing
smape,10.705936806636904,9.783354375268823,13.99313721834156
