,training,validation,testing
mape,2618.962737406325,5476.047892653053,8036.504375720672
