,training,validation,testing
mape,601.9260298045186,4832.673183230527,4993.969878594186
