,training,validation,testing
mse,6.74482829770346e-05,0.00041199560341882393,0.00044612036681312343
