,training,validation,testing
smape,8.948826757086831,8.73948137085749,11.827796406582792
