,training,validation,testing
smape,4.301328093045092,8.340458083579465,11.388404773633882
