,training,validation,testing
mse,0.00034539040274847964,0.00047546016896535064,0.0005344154613111894
