,training,validation,testing
rmse,0.018584681938318977,0.021805049162186053,0.023117427653421768
