,training,testing
nrmse,10.64472452405161,3.494193127351709
