,training,validation,testing
mape,3089.8025161575665,2230.1310473120134,7968.196188495682
