,training,validation,testing
mape,1485.0973278607355,2533.4362752557277,4896.271120308365
