,training,validation,testing
rmse,0.02024897966257977,0.019670887464966272,0.02016633170633206
