,training,validation,testing
mse,0.0004100211773755691,0.00038694381365936726,0.00040668093448981374
