,training,validation,testing
arv,0.004314431734564354,0.004102218603476002,0.0037395565171470927
