,training,validation,testing
arv,0.0006614673151642917,0.004304174744731271,0.004005609153991751
