,training,validation,testing
mae,0.015241600983339503,0.01486252450067868,0.014618734793316955
