,training,validation,testing
nrmse,0.008413754344182008,0.02085843703683216,0.021121561656589776
