,training,validation,testing
arv,0.005078182380589567,0.004786053863606578,0.004365346207497411
