,training,validation,testing
mse,0.0005123232475679673,0.0004572103713320306,0.00048483514244660906
