,training,validation,testing
smape,9.600037316859973,9.044169098416559,11.996260506869874
