,training,validation,testing
smape,10.028537148797264,10.558422906056842,13.617454476490376
