,training,validation,testing
rmse,0.00821269036169236,0.02029767482789159,0.021121561656589776
