,training,testing
arv,1.000037994843051,1.0076557411644889
