,training,testing
mse,107.95930903358544,12.209385611231916
