,training,validation,testing
mape,1208.7876570468813,2865.7178650495534,5253.94455324692
