,training,validation,testing
nrmse,0.01903967415149817,0.02240745547906345,0.023117427653421768
