,training,testing
mape,1797202.5344745256,1433293.4360958498
