,training,validation,testing
rmse,0.020962515658288373,0.019818858080369154,0.02051656298757158
