,training,testing
rmse,10.390346915940075,3.494193127351709
