,training,validation,testing
mse,0.00043942706272398523,0.00039278713560981376,0.00042092935682299195
