,training,validation,testing
rmse,0.02263455870053506,0.02138247813823343,0.022018972329484614
