,training,validation,testing
nrmse,0.020744717394432018,0.020214333470491903,0.02016633170633206
