,training,testing
smape,198.75754334251712,195.06597939718918
