,training,testing
mae,9.05116260270017,3.065324886062324
