,training,validation,testing
mae,0.014275636135892859,0.01477004162121788,0.014414930163702735
