,training,validation,testing
mae,0.013832798660771901,0.016883472292940085,0.016994948780588576
