,training,validation,testing
nrmse,0.023188700438966252,0.02197321011985641,0.022018972329484614
