,training,validation,testing
arv,0.004020568061250106,0.004026975379633503,0.003629106586849645
