,training,validation,testing
mae,0.01683280616082591,0.01643538927764269,0.016348581220381183
