,training,validation,testing
arv,0.0034098087162801184,0.004983502063472676,0.004842826272321396
