,training,validation,testing
nrmse,0.021475722256325578,0.020366392058032246,0.02051656298757158
