,training,testing
mse,0.02162381662018696,0.023690436225154935
