,training,testing
mae,0.1335121889416004,0.14014571755521862
