,training,testing
rmse,0.14705038803140563,0.1539169783524707
