,training,testing
nrmse,0.15065049169319147,0.1539169783524707
