,training,testing
mape,42205.334543739555,73667.08804032767
