,training,testing
arv,0.6597677370881917,0.6285020320406028
