,training,testing
smape,43.04040186445847,52.02773054773825
