,arima,lstm,mlp,rf,svr,xgboost
0,3.065324886062324,0.0163485812203811,0.0146187347933169,0.0154558430240062,0.0144149301637027,0.0169949487805885
