,arima,lstm,mlp,rf,svr,xgboost
0,0.8529232027500012,0.1401457175552186,0.0167158065795374,0.0151334256551647,0.0487911618261818,0.2150341960815838
