,arima,lstm,mlp,rf,svr,xgboost
0,100604.33517855805,73667.08804032767,4891.147975440854,4575.393291446925,34919.91793433476,126068.66746657612
