,arima,lstm,mlp,rf,svr,xgboost
0,1433293.4360958498,7968.196188495682,4896.271120308365,4993.969878594186,5253.94455324692,8036.504375720672
