,training,testing
mae,0.01787881810644778,0.01671580657953743
