,training,testing
nrmse,0.024922534047897748,0.023368147008250295
