,training,testing
mape,1990.0871012048085,4891.147975440854
