,training,testing
arv,0.006040696088269297,0.004986686053717493
