,training,testing
mse,0.0005918009237623005,0.0005460702945991972
