,training,testing
smape,11.86345441503714,13.649320704008087
