,training,testing
rmse,0.024326958785723718,0.023368147008250295
