,arima,lstm,mlp,rf,svr,xgboost
0,1.0212798433196144,0.0236904362251549,0.0005460702945991,0.0004322132460772,0.0030276953093221,0.0562643947840834
