,arima,lstm,mlp,rf,svr,xgboost
0,12.209385611231916,0.0004848351424466,0.0004209293568229,0.0004461203668131,0.0004066809344898,0.0005344154613111
