,arima,lstm,mlp,rf,svr,xgboost
0,3.494193127351709,0.0220189723294846,0.0205165629875715,0.0211215616565897,0.020166331706332,0.0231174276534217
