,training,testing
nrmse,0.008276610396708009,0.02078973896125904
