,training,testing
smape,4.123187217956051,11.36827740222452
