,arima,lstm,mlp,rf,svr,xgboost
0,175.84425791314374,52.02773054773825,13.649320704008089,11.36827740222452,32.484223167849464,62.83775338097987
