,arima,lstm,mlp,rf,svr,xgboost
0,195.0659793971892,13.99313721834156,11.996260506869874,11.388404773633882,11.827796406582792,13.617454476490376
