,training,testing
mape,20183.90323593113,34919.91793433476
