,training,testing
arv,0.029436540144405356,0.031678092217308745
