,training,testing
rmse,0.05067088412903707,0.05502449735637923
