,training,testing
nrmse,0.05191141424895701,0.05502449735637923
