,training,testing
mae,0.04369683397643354,0.04879116182618185
