,training,testing
smape,25.36535791256395,32.484223167849464
