,training,testing
mse,0.0025675384984183013,0.0030276953093221846
