,training,testing
nrmse,0.23256476078305313,0.23720116944080072
