,training,testing
rmse,0.22700714701434044,0.23720116944080072
