,training,testing
mae,0.20673647623983768,0.2150341960815838
