,training,testing
mape,72960.71402891239,126068.66746657612
