,training,testing
arv,4.8832367132810495,5.730942274366081
