,training,testing
mse,0.051532244795590376,0.05626439478408345
