,training,testing
smape,53.69729761052029,62.83775338097987
