,training,testing
rmse,0.0630731024519838,0.01296068032711872
