,arima,lstm,mlp,rf,svr,xgboost
frontend,0.0129606803271187,0.0068743168140391,0.0054775660970127,0.003029055145361,0.0410914315936913,0.2291992939996834
