,training,testing
rmse,0.24254172782419864,0.22919929399968345
