,arima,lstm,mlp,rf,svr,xgboost
0,12.876515927603748,20.62966157996616,0.6866732082198209,0.7684009286470947,0.7386658863349755,0.8295776220581963
