,arima,lstm,mlp,rf,svr,xgboost
0,0.06936328848383,0.066269197411355,0.0503546691084765,0.0490988277096443,0.0505727365629656,0.0478684911529501
