,arima,lstm,mlp,rf,svr,xgboost
0,17.325800707738196,15.992055145176366,10.95943626323156,10.659372329089347,11.033052439878144,10.50514195111569
