,training,validation,testing
nrmse,0.043005189629986854,0.12995879207525488,0.10949831270043779
