,training,testing
mae,0.12316158187191681,0.06936328848383
