,training,validation,testing
arv,0.12229963390946233,0.3795572065113958,0.7386658863349755
