,training,validation,testing
arv,0.09995417616910077,3.66715630378758,0.8295776220581963
