,training,validation,testing
arv,0.12275022238829843,0.40487063930706885,0.6866732082198209
