,training,validation,testing
mape,7.640201826943459,65804.65956927092,10.95943626323156
