,training,validation,testing
nrmse,0.13593023899403947,0.19756388240466288,0.15744672704952914
