,training,validation,testing
rmse,0.0509232279968616,0.08149968211108563,0.06559182408528842
