,training,validation,testing
mae,0.033757654148847405,0.05265609879732148,0.0505727365629656
