,training,validation,testing
smape,7.590551195620843,19.03475345887745,10.68744026351029
