,training,validation,testing
mse,0.002593175149620349,0.006642198184208011,0.004302287386835423
