,training,testing
nrmse,0.17858676600462958,0.16410284449464776
