,training,validation,testing
mse,0.0024990140554622302,0.006461358897539927,0.004138140181893957
