,training,validation,testing
mape,20.642245111498447,399186.65209073963,15.992055145176366
