,training,testing
mape,31.058536522523962,17.325800707738196
