,training,testing
rmse,0.15487116847462554,0.09315364680940362
