,training,validation,testing
mae,0.03476926736993157,0.05419851748360653,0.050354669108476566
