,training,validation,testing
mape,5.504827235777141,176998.37253013856,10.659372329089349
