,training,testing
mse,0.02398507882469585,0.008677601913891112
