,training,validation,testing
rmse,0.03729427503209424,0.09527942466145788,0.06215716235104563
