,training,validation,testing
nrmse,0.058721159606708484,0.11116356211540421,0.11554893744537546
