,training,validation,testing
mape,7.3590830570918335,21270.187572132363,11.033052439878144
