,training,validation,testing
mae,0.030390272148426028,0.07218244258082304,0.047868491152950124
