,training,validation,testing
smape,7.341423081374085,18.677706417707498,10.8553431679657
