,training,validation,testing
nrmse,0.05764518630589104,0.10963986001821581,0.11332320450622739
