,training,validation,testing
nrmse,0.04887870907722292,0.17188626138385404,0.10626271336720715
