,training,validation,testing
rmse,0.042387814941027384,0.1260185927426831,0.060320461235762166
