,training,validation,testing
arv,3.225357475038384,11.369303314715468,20.629661579966157
