,training,validation,testing
smape,5.417889774243003,19.149384522749965,10.555272936975324
