,training,validation,testing
mae,0.08236055251611656,0.08379545527113846,0.06626919741135509
