,training,validation,testing
mse,0.0013908629501694877,0.009078168763818426,0.0038635128315342446
