,training,validation,testing
smape,17.895733212241254,21.796036778675898,14.287737218194401
