,training,validation,testing
mse,0.0017967268554747843,0.01588068571684622,0.003638558043695086
