,training,validation,testing
arv,0.06888266514086581,1.1080624454936776,0.7684009286470947
