,training,validation,testing
mape,7.412040492400081,327585.43684536696,10.50514195111569
