,training,validation,testing
rmse,0.11787925508151186,0.14484416751503792,0.0893752746823762
