,training,validation,testing
mse,0.01389551877857214,0.020979832863124367,0.007987939724550195
