,training,validation,testing
rmse,0.04999013958234394,0.08038257832105118,0.06432837773404484
