,training,validation,testing
smape,6.976934433480506,19.993147667448007,10.257231405912611
