,training,testing
smape,25.888559483643707,14.827430699177361
