,training,testing
arv,16.557971679981755,12.876515927603748
