,training,validation,testing
mae,0.0242797891942277,0.059005508570144395,0.04909882770964431
