,arima,lstm,mlp,rf,svr,xgboost
0,0.0086776019138911,0.0079879397245501,0.0041381401818939,0.0038635128315342,0.0043022873868354,0.003638558043695
