,arima,lstm,mlp,rf,svr,xgboost
0,0.1641028444946477,0.1574467270495291,0.1133232045062273,0.1094983127004377,0.1155489374453754,0.1062627133672071
