,arima,lstm,mlp,rf,svr,xgboost
0,0.0931536468094036,0.0893752746823762,0.0643283777340448,0.0621571623510456,0.0655918240852884,0.0603204612357621
