,arima,lstm,mlp,rf,svr,xgboost
0,14.82743069917736,14.2877372181944,10.68744026351029,10.555272936975324,10.8553431679657,10.257231405912613
