,training,testing
arv,32.622778714494004,22.207291778331015
