,training,testing
mae,0.2007321342242048,0.21696087298704156
