,training,testing
mse,0.05201150477630374,0.058204233045553284
