,training,testing
nrmse,0.2889806302126692,0.2412555347459479
