,training,testing
mape,232373.04101590422,174973.35420650107
