,training,testing
smape,58.212114848616615,69.1582566783767
