,arima,lstm,mlp,rf,svr,xgboost
0,1.0063432893979032,0.0287400456994154,0.0262855561258367,0.0270624044688748,0.0251920633740689,0.0336769998424438
