,arima,lstm,mlp,rf,svr,xgboost
0,22.20729177833101,3.176124439747237,0.0361920117382015,0.0267306443752056,0.0757271728270812,3.4798568476373064
