,training,validation,testing
mae,0.024895050028473503,0.024058679765299754,0.02482922276128531
