,training,validation,testing
rmse,0.019905513007278688,0.03389503689235284,0.038906525166576354
