,training,testing
mae,7.984487758178604,2.6779708118891317
