,training,testing
arv,1.000507219875874,1.0063432893979032
