,training,validation,testing
mse,0.001354930944290453,0.0012733606336944362,0.001624147299285787
