,training,validation,testing
smape,8.509643790558297,9.975326023586648,14.30381574376425
