,training,validation,testing
mape,4606.8597507456225,3398.409677391942,5655.895085246287
