,training,testing
mape,5775509.198043345,1305602.3180244688
