,training,validation,testing
mae,0.013752522484612114,0.024720328352214424,0.025063592210892476
