,training,validation,testing
arv,0.007989876174356017,0.025015016333577014,0.027062404468874812
