,training,validation,testing
rmse,0.03680938663290184,0.03568417903909849,0.04030071090298268
