,training,validation,testing
nrmse,0.025222747902826408,0.045148000335572536,0.038906525166576354
