,training,validation,testing
smape,15.893525520798846,13.11972091091873,17.9976923546434
