,training,validation,testing
rmse,0.022261195617198755,0.037586104659344394,0.04273398688880167
