,training,validation,testing
nrmse,0.0433129234347282,0.044633267822027756,0.03799273096008612
