,training,validation,testing
nrmse,0.04664204731422186,0.047531127709004715,0.04030071090298268
