,training,validation,testing
nrmse,0.028207689239799712,0.050064482040903045,0.04273398688880167
