,training,validation,testing
mape,6078.107428401632,3490.482595463234,6255.679648199395
