,training,validation,testing
smape,11.7530854032211,12.436975980151546,16.239251789820266
