,training,validation,testing
mape,9151.854796387312,5189.909974166352,7374.142244655567
