,training,validation,testing
mse,0.000495560830307189,0.0014127152634631902,0.0018261936354122734
