,training,testing
rmse,9.201000216014148,3.07178790016515
