,training,validation,testing
mae,0.027386732706244768,0.026383384985237148,0.027285683050894325
