,training,validation,testing
mape,3820.5483787983767,4303.452777629625,6234.585150739482
