,training,validation,testing
rmse,0.034182078976281394,0.03350859945533202,0.03799273096008612
