,training,testing
mse,84.6584049750924,9.435880903601022
