,training,validation,testing
arv,0.023974049337044258,0.023811892357105412,0.026285556125836745
