,training,validation,testing
rmse,0.03446046610744748,0.03320461009029172,0.03874413778912837
