,training,validation,testing
mape,10947.739631607574,4074.975137528066,8190.729655032025
