,training,testing
nrmse,11.658805719677526,3.07178790016515
