,training,validation,testing
mse,0.0011684145231407386,0.0011228262374578773,0.0014434476058054863
