,training,testing
smape,198.08013035530686,195.07800080233994
