,training,validation,testing
nrmse,0.04366567437494389,0.04422835568110171,0.03874413778912837
