,training,validation,testing
mae,0.015961425627272433,0.027656504581690403,0.027962502252655005
