,training,validation,testing
mae,0.024217253579253348,0.023838179164066334,0.024120318805535244
