,training,validation,testing
smape,13.324327708513364,12.020300390195757,15.003140224541275
