,training,validation,testing
mse,0.001187523724342536,0.0011025461312483028,0.0015011082130229653
