,training,validation,testing
arv,0.027554703839616175,0.02770581685124945,0.028740045699415417
