,training,validation,testing
arv,0.010059328969310227,0.031029886047871654,0.033676999842443836
