,training,validation,testing
smape,14.841438295050189,12.940530021037194,16.86613904483109
