,training,validation,testing
mse,0.00039622944808294104,0.0011488735259339604,0.0015137177005374394
