,training,validation,testing
arv,0.02352471641679635,0.02421218000588271,0.025192063374068912
