,training,testing
nrmse,0.19125024937716162,0.16656128777558438
