,training,testing
mape,160539.19723194354,136904.28754177672
