,training,testing
arv,3.4774816134007036,3.1761244397472366
