,training,testing
mse,0.02278064263981886,0.02774266258546103
