,training,testing
mae,0.12752555812692287,0.14199215095002668
