,training,testing
smape,44.70382935817813,54.1881267538886
