,arima,lstm,mlp,rf,svr,xgboost
0,0.2169608729870415,0.1419921509500266,0.0306269101576012,0.0248222333717577,0.0467663781285527,0.1510449597016722
