,arima,lstm,mlp,rf,svr,xgboost
0,2.677970811889132,0.0272856830508943,0.0248292227612853,0.0250635922108924,0.0241203188055352,0.027962502252655
