,arima,lstm,mlp,rf,svr,xgboost
0,174973.35420650107,136904.28754177672,6235.361773718737,6085.894101089074,40576.47458865191,169055.6404260102
