,arima,lstm,mlp,rf,svr,xgboost
0,1305602.3180244688,8190.729655032025,5655.895085246287,6234.585150739482,6255.679648199395,7374.142244655567
