,training,testing
mae,0.029595240681436204,0.030626910157601255
