,training,testing
nrmse,0.05110106151724471,0.04551775666268177
