,training,testing
mape,6652.939732055003,6235.361773718737
