,training,testing
mse,0.0016263791372698362,0.0020718661716031105
