,training,testing
rmse,0.04032839120607015,0.04551775666268177
