,training,testing
smape,16.805105010773097,20.645502699447956
