,training,testing
arv,0.033481440244434724,0.036192011738201545
