,arima,lstm,mlp,rf,svr,xgboost
0,9.435880903601022,0.0016241472992857,0.0015011082130229,0.0015137177005374,0.0014434476058054,0.0018261936354122
