,arima,lstm,mlp,rf,svr,xgboost
0,0.0582042330455532,0.027742662585461,0.0020718661716031,0.0014962984054583,0.0032645252700219,0.0349845680240918
