,arima,lstm,mlp,rf,svr,xgboost
0,3.07178790016515,0.0403007109029826,0.0387441377891283,0.0389065251665763,0.0379927309600861,0.0427339868888016
