,training,testing
arv,0.0034731591172199794,0.02673064437520566
