,training,testing
mse,0.00017030534476969239,0.0014962984054583033
