,training,testing
mae,0.009370192676158262,0.024822233371757773
