,training,testing
mape,2380.545990190939,6085.894101089074
