,training,testing
nrmse,0.016536102794920918,0.03868201656400947
