,training,testing
smape,5.801328733243784,14.253330481403607
