,arima,lstm,mlp,rf,svr,xgboost
0,195.07800080233997,17.9976923546434,16.86613904483109,14.30381574376425,15.003140224541276,16.239251789820266
