,arima,lstm,mlp,rf,svr,xgboost
0,69.1582566783767,54.1881267538886,20.64550269944796,14.253330481403609,31.827359891303622,54.93900385661791
