,training,testing
rmse,0.04952790915772818,0.05713602427560017
