,training,testing
mae,0.04117004519795854,0.046766378128552714
