,training,testing
arv,0.06346265075350951,0.07572717282708122
