,training,testing
mse,0.002453013785536175,0.0032645252700219717
