,training,testing
nrmse,0.06275798902458139,0.05713602427560017
