,training,testing
smape,25.092857490131813,31.827359891303626
