,training,testing
mape,46035.266047525285,40576.47458865191
