,training,testing
arv,4.2736911274297125,3.4798568476373064
