,training,testing
mape,199766.95295160759,169055.6404260102
