,training,testing
smape,44.03724869997562,54.93900385661791
