,training,testing
nrmse,0.20909481331300644,0.18704162110100492
