,training,testing
mae,0.1280174754512613,0.15104495970167228
