,training,testing
mse,0.027230052036130763,0.03498456802409189
