,training,testing
rmse,0.16501530849024512,0.18704162110100492
