,arima,lstm,mlp,rf,svr,xgboost
0,99.16948559156852,22.946694004346018,3.8030369212414254,2.157815661794864,4.085064500070062,1.540071436845171
