,arima,lstm,mlp,rf,svr,xgboost
0,0.0963291305251325,0.0969036177421246,0.1052958737921389,0.1387087936832774,0.1013751046244825,0.1741418815732782
