,arima,lstm,mlp,rf,svr,xgboost
0,15.300410234667067,15.105201220359492,15.369892385523942,19.05681749885301,15.313720520475965,23.587062330955654
