,training,validation,testing
smape,36.82615357871969,19.63889801741719,14.311433929222952
