,training,validation,testing
arv,0.9984225096508638,1.3173912630595588,2.1578156617948636
