,training,testing
smape,71.79030530381948,14.23232963871347
