,training,validation,testing
nrmse,0.10843551752280889,0.17691756019404256,0.2576238786622081
