,training,testing
mse,0.14368038575050135,0.015145448385908478
