,training,validation,testing
mape,110758.61810043518,21.690427037460942,15.105201220359493
