,training,validation,testing
mae,0.07472545961392621,0.11127742304469102,0.1387087936832774
