,training,validation,testing
rmse,0.1245326483049097,0.12280937497018511,0.13075292822760357
