,training,validation,testing
rmse,0.09250572584534696,0.13565082648826587,0.17012847634750122
