,training,validation,testing
arv,1.7186792912931046,1.1404326241667575,3.8030369212414263
