,training,validation,testing
arv,1.3832463010385048,0.9434498860356364,4.085064500070062
