,training,validation,testing
mse,0.004572768760333846,0.02311152258748469,0.04247965766493211
