,training,validation,testing
smape,29.904993304535648,20.72281932091777,15.064141745914277
