,training,validation,testing
nrmse,0.0792670254747097,0.19827263406391357,0.3121041949832752
