,training,testing
nrmse,0.4443259560306927,0.18635891341752753
