,training,validation,testing
smape,17.422792026743576,26.412548493283538,27.470310293159205
