,training,validation,testing
mse,0.008557309314174491,0.018401146726949612,0.02894369846432228
