,training,validation,testing
smape,31.48906830872505,19.580016097023055,15.685630273558864
