,training,validation,testing
mape,32831.033077755346,24.06659200311911,23.587062330955654
