,training,testing
mae,0.34879873859363764,0.09632913052513256
