,training,validation,testing
smape,24.176605897228598,22.25562236422009,21.159236651628746
