,training,validation,testing
nrmse,0.14597758186346985,0.1601695732429608,0.1979978733697235
