,training,validation,testing
mse,0.02336085233700434,0.015190249408328485,0.015894603159706276
