,training,testing
mape,171895.72795846823,15.300410234667067
