,training,validation,testing
mae,0.10083064625760016,0.09654065132558602,0.10529587379213891
