,training,validation,testing
mse,0.015545932400713816,0.014584464829093922,0.01775479059923022
