,training,validation,testing
mae,0.1253921581731857,0.09752996407919665,0.0969036177421246
