,training,validation,testing
arv,2.512994661400164,1.9032492514984625,22.946694004346018
