,training,validation,testing
rmse,0.06762225048261737,0.1520247433396442,0.2061059379662122
