,training,validation,testing
nrmse,0.17916256996903612,0.16074258554571186,0.19091231619019194
