,training,validation,testing
rmse,0.12468332847944755,0.12076615763157293,0.13324710353035904
