,training,testing
arv,1.2060026131846322,99.16948559156853
