,training,validation,testing
mae,0.05091533063402968,0.1258114870352062,0.17414188157327828
