,training,validation,testing
mape,66226.18286388359,20.40538331235961,15.369892385523942
