,training,validation,testing
rmse,0.15284257370577198,0.12324872984468638,0.12607380044920624
