,training,validation,testing
mae,0.09548844435670328,0.09987426710661294,0.10137510462448251
