,training,validation,testing
mape,61422.7183259186,21.3476998645275,15.313720520475963
