,training,testing
rmse,0.3790519565316889,0.12306684519361206
