,training,validation,testing
nrmse,0.14615420966198853,0.15750478279640426,0.2017747785025648
