,training,validation,testing
arv,0.35591736984706474,0.9279037898698136,1.5400714368451707
