,training,validation,testing
mape,58788.712331035174,21.883347038261576,19.05681749885301
