,training,validation,testing
mse,0.01550838049383433,0.015082142580567528,0.017096328240092846
