,arima,lstm,mlp,rf,svr,xgboost
0,0.0151454483859084,0.0158946031597062,0.0177547905992302,0.0289436984643222,0.0170963282400928,0.0424796576649321
