,arima,lstm,mlp,rf,svr,xgboost
0,0.1863589134175275,0.1909123161901919,0.2017747785025648,0.2576238786622081,0.1979978733697235,0.3121041949832752
