,arima,lstm,mlp,rf,svr,xgboost
0,0.123066845193612,0.1260738004492062,0.133247103530359,0.1701284763475012,0.1307529282276035,0.2061059379662122
