,arima,lstm,mlp,rf,svr,xgboost
0,14.23232963871347,14.311433929222952,15.685630273558864,21.159236651628746,15.064141745914275,27.470310293159205
