,training,testing
rmse,0.0402115920011801,0.03867666533114377
