,training,testing
rmse,0.011698716413328057,0.20968976468736553
