,arima,lstm,mlp,rf,svr,xgboost
frontend,0.1506923914552299,0.2838522209905961,0.0386766653311437,0.2096897646873655,0.4414009254888156,0.2893554734334515
