,training,testing
rmse,0.17400562973776285,0.2893554734334515
