,training,testing
rmse,0.05497437005870581,0.046786215169097346
