,arima,lstm,mlp,rf,svr,xgboost
frontend,0.1238710493869579,0.0693829010228791,0.0467862151690973,0.0408675175179899,0.0440807785628111,0.1357877129953657
