,arima,lstm,mlp,rf,svr,xgboost
0,3.844257998136479,1.0566126569325056,0.0403843281170152,0.092526725264497,0.0428066155944639,0.2976557367416449
