,arima,lstm,mlp,rf,svr,xgboost
0,0.1762220704926868,0.2258581011917772,0.0270122153940838,0.0438374555009218,0.0197392319920028,0.0874940194920302
