,arima,lstm,mlp,rf,svr,xgboost
0,53.53145793130412,262.88049161888745,30.20247899415577,63.579775827083786,13.448289475579472,152.09944647804417
