,training,testing
arv,1.3797121129431538,3.844257998136479
