,training,validation,testing
nrmse,0.08306597907224003,0.10835266986404962,0.05523506742816731
