,training,validation,testing
mape,16415.44436150435,157.09044782533744,63.579775827083786
