,training,validation,testing
mae,0.1208784254756854,0.28786801141827256,0.2258581011917772
