,training,validation,testing
mape,75978.17816045367,535.4202357967871,262.88049161888745
