,training,testing
mse,0.4007545776492672,0.10777777774481838
