,training,validation,testing
nrmse,0.05675516542112469,0.20694482203536715,0.14563590052786765
