,training,validation,testing
mae,0.024342376324799356,0.16714807502873158,0.08749401949203026
