,training,validation,testing
arv,0.07148184486482627,0.21684875863718106,0.04280661559446392
