,training,validation,testing
mape,20029.06656778604,351.40073102323385,152.09944647804417
