,training,validation,testing
mae,0.028854472717866987,0.034879049379633875,0.01973923199200288
