,training,validation,testing
arv,0.04787098842435401,0.2990122796046859,0.09252672526449703
