,training,testing
rmse,0.6330517969718332,0.32829526000967235
