,training,validation,testing
rmse,0.05675516542112469,0.19700207750480736,0.1399861931773002
