,training,validation,testing
arv,0.030973084487491757,0.7628595266911656,0.29765573674164497
