,training,validation,testing
mse,0.00689995687922982,0.010639267231723525,0.0028187937028238434
