,training,validation,testing
nrmse,0.08765641458217545,0.10805665009463238,0.05821676509683702
