,training,testing
smape,132.33460571368002,75.1448518002067
