,training,testing
mae,0.5396267879854177,0.17622207049268682
