,training,validation,testing
smape,8.993963756111768,24.874744541082226,13.498321223896404
