,training,validation,testing
mse,0.005014069560265167,0.012939792545050363,0.0060399348141589515
