,training,validation,testing
nrmse,0.19855458882273055,0.3226336591639167,0.250421035241095
