,training,validation,testing
rmse,0.07081009504488162,0.11375320894396941,0.07771701753257745
