,training,validation,testing
mse,0.00768364701740222,0.010581213631261651,0.0031313358824575453
