,training,testing
mape,14565.355621162447,53.53145793130412
