,training,validation,testing
smape,8.20354554855271,73.03447000329108,35.622287159624
