,training,validation,testing
mae,0.02320782891295024,0.08282770487147634,0.0438374555009218
