,training,validation,testing
mape,17510.576367014295,41.20132715313575,13.448289475579472
