,training,validation,testing
rmse,0.08306597907224003,0.10314682366279403,0.05309231302951345
