,training,validation,testing
mae,0.02940959776226682,0.04719462626321574,0.027012215394083897
