,training,validation,testing
arv,0.7201503991498603,1.2812585810141774,1.0566126569325056
