,training,validation,testing
rmse,0.08765641458217545,0.10286502627842785,0.0559583405977835
