,training,validation,testing
arv,0.06665919958335596,0.20906760638777186,0.04038432811701521
