,training,validation,testing
nrmse,0.07081009504488162,0.11949436208502538,0.0808536011859515
