,training,validation,testing
smape,10.124306622258047,41.68189251828897,22.57128958414059
