,training,validation,testing
mape,21096.57938921208,74.20113824893618,30.202478994155772
