,training,testing
nrmse,0.6330517969718332,0.3415449391496996
