,training,validation,testing
rmse,0.19855458882273055,0.30713259942018317,0.24070635940628873
