,training,validation,testing
smape,39.79430425330735,131.2735168486012,95.96673440511465
