,training,validation,testing
mse,0.03942392474256359,0.0943304336265987,0.05793955145862944
