,training,validation,testing
smape,8.512172344847013,100.51620449415002,50.26623872089042
