,training,validation,testing
mse,0.003221148801979227,0.03880981854121013,0.019596134280272414
