,arima,lstm,mlp,rf,svr,xgboost
0,0.1077777777448183,0.0579395514586294,0.0028187937028238,0.0060399348141589,0.0031313358824575,0.0195961342802724
