,arima,lstm,mlp,rf,svr,xgboost
0,0.3415449391496996,0.250421035241095,0.0552350674281673,0.0808536011859515,0.058216765096837,0.1456359005278676
