,arima,lstm,mlp,rf,svr,xgboost
0,0.3282952600096723,0.2407063594062887,0.0530923130295134,0.0777170175325774,0.0559583405977835,0.1399861931773002
