,arima,lstm,mlp,rf,svr,xgboost
0,75.1448518002067,95.96673440511464,22.57128958414059,35.622287159624,13.498321223896404,50.26623872089042
