,training,testing
rmse,0.22879796514855777,0.2412555347459479
