,training,testing
rmse,0.03758007389651659,0.04197849773157938
