,training,testing
rmse,0.16452900900457973,0.18705194871504635
