,arima,lstm,mlp,rf,svr,xgboost
0,8.361877346265686,1.5458177487937317,1.0589976990918015,1.4682549971542749,1.0520888766256151,1.735020215837218
