,arima,lstm,mlp,rf,svr,xgboost
0,0.0472857543118132,0.0410666167538349,0.039981382471322,0.0413814683400557,0.0527806921026848,0.0408631685575852
