,arima,lstm,mlp,rf,svr,xgboost
0,51.62780736663005,51.90014926255153,48.55656672606115,51.58294560950828,66.93643767802256,55.386290473458885
