,training,validation,testing
mse,0.0034497812916915276,0.004851276507958609,0.002920366422592941
