,training,testing
rmse,0.18205059518180253,0.06793176938980569
