,training,validation,testing
rmse,0.06724714897220181,0.07239671890807549,0.05354431180399885
