,training,validation,testing
mape,23178.163250752696,51.86497065091344,66.93643767802256
