,training,testing
mae,0.1438174522480241,0.047285754311813255
