,training,validation,testing
smape,32.59172925632497,45.17897378173101,32.522472886927844
