,training,validation,testing
mape,24952.370532196688,55.06343884309065,55.386290473458885
