,training,validation,testing
nrmse,0.06935956181314959,0.15736025642191323,0.17501905775932247
