,training,validation,testing
nrmse,0.07883411910129338,0.22243663527606466,0.15562580100628765
