,training,validation,testing
rmse,0.06607384658219612,0.0662575478338161,0.05408944596297724
