,training,validation,testing
smape,32.9653115662578,37.792595395948446,41.63349119122436
