,training,validation,testing
nrmse,0.05873483882408743,0.16316216429364352,0.14879678571304372
