,training,validation,testing
mae,0.04673779879181926,0.046580309142580656,0.03998138247132202
