,training,validation,testing
mae,0.038922802627974255,0.04801440833048721,0.0413814683400557
