,training,validation,testing
mape,17821.76087182685,42.70818410496967,48.55656672606115
