,training,validation,testing
rmse,0.06935956181314959,0.06717437146631151,0.06356388963012176
