,training,validation,testing
nrmse,0.06607384658219612,0.15521253849387126,0.14893179008161228
