,training,validation,testing
arv,0.31420072692847467,0.9514314182826611,1.0589976990918015
