,training,validation,testing
mse,0.004522179044889503,0.005241284908654894,0.002866993326563851
