,training,testing
mape,24197.017843691065,51.62780736663005
