,training,validation,testing
mape,18651.30935874281,55.15935029867578,51.90014926255153
