,training,validation,testing
mae,0.05257691912048711,0.05020665654493276,0.05278069210268489
