,training,testing
smape,76.51995818783878,38.12384771236799
