,training,validation,testing
arv,0.26418320783173077,1.6473829158496092,1.4682549971542747
