,training,testing
mse,0.033142419206048546,0.004614725292429741
