,training,validation,testing
mse,0.006214818334476911,0.009016328947633665,0.00319457763194099
