,training,validation,testing
arv,0.6118282859446642,2.9873699504527687,1.5458177487937317
