,training,validation,testing
arv,0.40214398544920854,1.3467142551063704,1.7350202158372179
