,training,validation,testing
mae,0.05622762570666235,0.06610447313791241,0.041066616753834904
