,training,testing
nrmse,0.18205059518180253,0.1870457320927263
