,training,validation,testing
nrmse,0.06724714897220181,0.16959393892048988,0.14743079844293186
