,training,validation,testing
smape,30.149988048697534,39.28399300358888,33.97400861662824
