,training,validation,testing
mape,17607.862933211552,41.53581329147485,51.58294560950828
