,training,validation,testing
smape,24.867852815047435,34.5232074558711,33.70880753441351
