,training,validation,testing
rmse,0.07883411910129338,0.09495435191518957,0.05652059475926443
