,training,validation,testing
smape,29.763071139316207,34.63046485736388,32.21028768611786
