,training,validation,testing
mse,0.00436575320216759,0.004390062644950428,0.0029256681645818345
