,training,validation,testing
mse,0.004810748814912119,0.004512396181894006,0.004040368064910301
