,training,validation,testing
mae,0.04767331226574291,0.053657971074228455,0.040863168557585254
