,training,testing
arv,2.248802493499167,8.361877346265686
