,training,validation,testing
rmse,0.05873483882408743,0.06965110557599649,0.05404041471521977
