,training,validation,testing
arv,0.37662025384350767,1.0006645487507884,1.0520888766256151
