,arima,lstm,mlp,rf,svr,xgboost
0,0.0046147252924297,0.0031945776319409,0.0029256681645818,0.0029203664225929,0.0040403680649103,0.0028669933265638
