,arima,lstm,mlp,rf,svr,xgboost
0,0.1870457320927263,0.1556258010062876,0.1489317900816122,0.1487967857130437,0.1750190577593224,0.1474307984429318
