,arima,lstm,mlp,rf,svr,xgboost
0,0.0679317693898056,0.0565205947592644,0.0540894459629772,0.0540404147152197,0.0635638896301217,0.0535443118039988
