,arima,lstm,mlp,rf,svr,xgboost
0,38.12384771236799,32.522472886927844,32.21028768611786,33.70880753441351,41.63349119122436,33.97400861662824
