,training,testing
smape,5.5250925879365065,1.2986459799740935
