,training,testing
mse,0.002596657495846684,0.00016797923454176222
