,training,testing
mape,5.433636345874042,1.3020320766379225
