,training,testing
rmse,0.0509574086453254,0.01296068032711872
