,training,testing
mae,0.04608946604612471,0.010742496462802615
