,training,testing
arv,3.545231969226364,6.9353421441546015
