,training,testing
nrmse,0.11126176750515761,0.1954396683136196
