,arima,lstm,mlp,rf,svr,xgboost
0,6.9353421441546015,1.0007570840012237,0.6782391921454645,0.0550062081583326,16.057434194760408,1.000827033509232
