,arima,lstm,mlp,rf,svr,xgboost
0,1.097146060628246,0.4382417088327925,0.0786858128527004,0.0514821426766541,0.048562503464948,0.05659033375033
