,training,validation,testing
arv,0.36876750727637403,0.058888991799783234,0.43824170883279256
