,training,validation,testing
mape,0.3695525412840179,0.11256307377902552,0.22113086615088323
