,training,validation,testing
mae,0.0019916455441065296,0.001917950704001924,0.0013827511010901584
