,training,validation,testing
rmse,0.008512443782403064,0.0015839751430052089,0.003380349135600272
