,training,testing
rmse,0.1363066025676232,0.03102992568534113
