,training,validation,testing
mape,0.8683349458323079,0.3139275763202961,0.47291483535068113
