,training,validation,testing
arv,0.0039052280032913305,0.007150606809388501,0.04856250346494808
