,training,validation,testing
nrmse,0.018586297188119234,0.025275327497436578,0.05097373727084414
