,training,validation,testing
mae,0.007308937224093499,0.002671852370542737,0.003957920535880999
