,training,validation,testing
mae,0.00424258665774353,0.001169518325906323,0.0017310379252951525
