,training,testing
smape,14.261202124732014,2.962248462310645
