,training,testing
mse,0.018579489903527983,0.0009628562880377932
