,training,validation,testing
mape,0.4883392415871407,0.1371235280188075,0.20902196131312875
