,training,validation,testing
smape,0.3714748689619365,0.11259238315023132,0.22128032577212856
