,training,validation,testing
rmse,0.008692121713778775,0.002523703505272114,0.0028125805449963994
