,training,testing
nrmse,0.29761547785629094,0.46791358406164213
