,training,validation,testing
rmse,0.0027619930953992925,0.0012410908980386378,0.002716198424957656
