,training,validation,testing
mse,7.246169914857258e-05,2.508977253658372e-06,1.1426760278553506e-05
