,training,testing
arv,1.3963008761714841,1.097146060628246
