,training,validation,testing
mse,7.555297988714447e-05,6.3690793825227545e-06,7.910609322092243e-06
