,training,testing
mape,12.962204136936101,2.891276875706369
