,training,validation,testing
mse,0.00012287182951560384,3.5565436341074794e-06,9.139838011975012e-06
