,training,validation,testing
smape,0.17714945847355096,0.06208337879588949,0.12137503799509257
