,training,validation,testing
smape,0.4947831509709139,0.13716834906854333,0.209284502630303
