,training,validation,testing
smape,0.24827921951770857,0.22677365585226936,0.1664096827055443
