,training,validation,testing
arv,0.03835102280719707,0.012422491136640106,0.07868581285270043
