,training,validation,testing
nrmse,0.06573694056335222,0.056599562618012675,0.11193800683268475
