,training,validation,testing
mape,0.2495948882117919,0.22647674758429076,0.16622228142770648
