,training,validation,testing
mae,0.0014579439914540967,0.0005291359525733567,0.0010109259467679407
