,training,validation,testing
mae,0.003071840330578405,0.0009611685068574864,0.0018390841264842033
