,training,validation,testing
mape,0.17701757541582716,0.06206677924478701,0.12115146231976011
