,training,validation,testing
smape,0.9321016548339438,0.31436415848857385,0.47577424800762197
