,training,validation,testing
rmse,0.030107234663739497,0.0035470282353805872,0.007423225466619136
