,training,validation,testing
nrmse,0.02420275378303117,0.030092793167690084,0.04558838080137073
