,training,validation,testing
nrmse,0.0060306095188252355,0.019803959071288964,0.040958723296102915
