,training,validation,testing
mse,0.0009064455790974771,1.2581409302587122e-05,5.510427632826289e-05
