,training,validation,testing
mse,7.628605859033365e-06,1.5403066171943526e-06,7.377733883742451e-06
