,training,validation,testing
nrmse,0.018978610784080824,0.04027047576085074,0.04241211070296006
