,training,validation,testing
rmse,0.011084756628614082,0.0018858800688557795,0.003023216501009316
