,training,testing
mae,0.11215292320948511,0.023998793034155592
