,training,validation,testing
arv,0.07408500579047893,0.017718625173034793,0.05659033375033006
