,training,validation,testing
arv,0.040687719970715935,0.027098902730299832,0.051482142676654186
