,training,testing
arv,1.0065274037882355,1.0007570840012237
