,training,testing
mae,0.39224322291257757,0.3760714359933324
