,training,testing
mape,46.35771501606821,45.554020389572145
