,training,testing
rmse,0.3935927621304555,0.3762193286201498
