,training,testing
mse,0.15491526240148135,0.14154098322739625
