,training,testing
smape,60.37956005679616,58.99412076857793
