,training,testing
nrmse,0.8593809527613961,5.673172930964553
