,arima,lstm,mlp,rf,svr,xgboost
0,0.0239987930341555,0.0039579205358809,0.0018390841264842,0.0013827511010901,0.0010109259467679,0.0017310379252951
