,arima,lstm,mlp,rf,svr,xgboost
0,0.0107424964628026,0.3760714359933324,0.0121993702996795,0.0015719852611074,0.010389311932566,0.2291521725277488
