,arima,lstm,mlp,rf,svr,xgboost
0,2.891276875706369,0.4729148353506811,0.2211308661508832,0.1662222814277064,0.1211514623197601,0.2090219613131287
