,arima,lstm,mlp,rf,svr,xgboost
0,1.3020320766379223,45.55402038957215,1.4796696860964176,0.1891701236894579,1.258399963441642,27.754770320318716
