,training,testing
mape,1.2790160572181208,1.4796696860964176
