,training,testing
mse,0.0002742035060263568,0.00016454096930398508
