,training,testing
mae,0.01062850769188676,0.012199370299679525
