,training,testing
smape,1.2738043803798942,1.468676269840796
