,training,testing
arv,0.1940918207424059,0.6782391921454645
