,training,testing
nrmse,0.03615556245526617,0.1934291590345482
