,arima,lstm,mlp,rf,svr,xgboost
0,0.0009628562880377,5.510427632826289e-05,1.1426760278553506e-05,7.910609322092243e-06,7.377733883742451e-06,9.139838011975012e-06
