,arima,lstm,mlp,rf,svr,xgboost
0,0.0001679792345417,0.1415409832273962,0.0001645409693039,8.515081797837784e-06,0.0001618257224828,0.0525815713669813
