,arima,lstm,mlp,rf,svr,xgboost
0,0.1954396683136196,5.673172930964553,0.1934291590345482,0.044002700458619,0.1918265408103476,3.457814556597388
