,arima,lstm,mlp,rf,svr,xgboost
0,0.4679135840616421,0.1119380068326847,0.0509737372708441,0.04241211070296,0.0409587232961029,0.0455883808013707
