,training,testing
arv,0.005362529780879265,0.055006208158332605
