,training,testing
mae,0.0006333583307838247,0.0015719852611074143
