,training,testing
mape,0.07681993638964724,0.18917012368945796
