,training,testing
mse,8.08606308597804e-06,8.515081797837784e-06
