,training,testing
nrmse,0.00620879303089021,0.04400270045861908
