,training,testing
rmse,0.00284360037381803,0.0029180613081012854
