,training,testing
smape,0.07705353298298391,0.18928919516059828
