,arima,lstm,mlp,rf,svr,xgboost
0,0.0129606803271187,0.3762193286201498,0.0128273523887038,0.0029180613081012,0.0127210739516316,0.2293067189747857
