,arima,lstm,mlp,rf,svr,xgboost
0,0.0310299256853411,0.0074232254666191,0.0033803491356002,0.0028125805449963,0.0027161984249576,0.0030232165010093
