,arima,lstm,mlp,rf,svr,xgboost
0,1.2986459799740937,58.99412076857793,1.468676269840796,0.1892891951605982,1.2560003330079206,32.230264990085125
