,arima,lstm,mlp,rf,svr,xgboost
0,2.962248462310645,0.4757742480076219,0.2212803257721285,0.1664096827055443,0.1213750379950925,0.209284502630303
