,training,testing
mae,0.036169541107468665,0.010389311932566054
