,training,testing
mse,0.0016577355771185173,0.00016182572248288032
