,training,testing
rmse,0.040715299054759714,0.012721073951631611
