,training,testing
arv,5.4029839651462765,16.057434194760408
