,training,testing
nrmse,0.08889887177866147,0.1918265408103476
