,training,testing
mape,4.270548388797268,1.258399963441642
