,training,testing
smape,4.3154171882099055,1.2560003330079206
