,training,testing
mse,0.05907789729273135,0.05258157136698136
