,training,testing
mae,0.2413791642352314,0.22915217252774883
