,training,testing
mape,28.478980140680548,27.754770320318713
