,training,testing
arv,1.0117457736894895,1.000827033509232
