,training,testing
nrmse,0.5307025018934719,3.457814556597388
