,training,testing
smape,33.24421266926996,32.230264990085125
