,arima,lstm,mlp,rf,svr,xgboost
0,0.3254903203268242,0.3035247245765846,0.1612964197714351,1.0408751579387292,0.1688301543431036,1.0324873374331518
