,arima,lstm,mlp,rf,svr,xgboost
0,0.0237087528489598,0.0266434410481855,0.0178368390768842,0.31487070938538,0.0166753023679742,0.3531871748466154
