,arima,lstm,mlp,rf,svr,xgboost
0,2.7888408285589783,3.109391337077158,2.075113208390523,35.504421129458265,1.9423171343747576,39.89082957533472
