,training,validation,testing
arv,0.007200764819990358,1.2798004231780395,1.0324873374331518
