,training,validation,testing
rmse,0.01710932941570316,0.012788629974858188,0.02463292145835304
