,training,validation,testing
rmse,0.017495743228689555,0.012744286821694949,0.02476013969668717
