,training,validation,testing
smape,4.791293610029939,17.952109554961392,43.372613915623184
