,training,validation,testing
mae,0.010676368605097386,0.008172962142283257,0.016675302367974258
