,training,validation,testing
rmse,0.02797744591039965,0.01815791778510729,0.03386745789388367
