,training,testing
mae,0.7647109118632137,0.02370875284895982
