,training,validation,testing
rmse,0.011080703933535168,0.14115505727265687,0.32124145506268353
