,training,validation,testing
arv,0.008390134948828768,0.025589381258836027,0.1688301543431036
