,training,validation,testing
mape,958.966314885608,1.1935475426206041,1.9423171343747576
