,training,validation,testing
arv,0.021944239599401984,0.05698881392642574,0.30352472457658464
