,training,validation,testing
nrmse,0.028842489872531806,0.04387055457031897,0.09710742916099853
