,training,validation,testing
mse,0.00012278199966266176,0.019924750193647037,0.10319607245079014
