,training,validation,testing
nrmse,0.026226354429217346,0.5964838257846814,1.4147634338256752
