,training,validation,testing
nrmse,0.047163695357305434,0.06228954349613577,0.13351164107163507
