,training,validation,testing
mape,288.86110922102245,1.2738234191321243,2.075113208390523
