,training,validation,testing
mae,0.02144759397252402,0.012831249809804258,0.026643441048185546
