,training,validation,testing
mse,0.0003061010311242364,0.00016241684659362756,0.0006130645177994638
