,training,validation,testing
smape,17.687949047427757,1.8511890964390112,3.0960951705458943
