,training,validation,testing
mae,0.011037276250960225,0.15369851630277817,0.3531871748466154
