,training,validation,testing
arv,0.008829083374009752,0.025386312873594732,0.16129641977143513
