,training,validation,testing
mape,3674.3629751692715,21.51934385756075,39.89082957533472
