,training,testing
mape,91819.46901614116,2.7888408285589783
