,training,validation,testing
smape,6.6012520186865835,1.1940807809690648,1.9297234591932306
