,training,validation,testing
arv,0.0035397466656719224,1.4805070521230193,1.0408751579387292
