,training,testing
arv,0.9570689529128883,0.3254903203268242
