,training,validation,testing
mse,0.00029272915305504534,0.00016354905663384136,0.0006067808195733897
