,training,validation,testing
nrmse,0.01867958019968819,0.48422314627374785,1.2663918850964146
