,training,validation,testing
mse,0.0007827374796693381,0.0003297099782907157,0.0011470047041939834
