,training,validation,testing
mape,683.6108033255877,15.947675376935694,35.504421129458265
