,training,testing
nrmse,1.2921318385827674,0.12017036118461259
