,training,validation,testing
mape,4932.287242646389,1.8396684908119587,3.1093913370771586
