,training,validation,testing
smape,10.407685076810647,24.73529351321433,50.02272195302435
