,training,validation,testing
mse,0.00024203397350791177,0.03023424572205167,0.12879368929807145
