,training,validation,testing
rmse,0.015557441097684149,0.17387997504615552,0.35887837674910344
