,training,validation,testing
smape,9.147724019292536,1.276937680834648,2.058783717742877
