,training,validation,testing
mae,0.01167216443258535,0.008724237560166642,0.017836839076884256
