,training,validation,testing
mae,0.006901559831806471,0.11623133412876265,0.31487070938538
