,training,testing
rmse,0.7664910128263535,0.030483219402036948
