,training,testing
smape,118.57587127247969,2.7572089764980867
