,training,validation,testing
nrmse,0.029493896845702677,0.043718438297935425,0.09760894645312748
