,training,testing
mse,0.5875084727435691,0.0009292266651127217
