,arima,lstm,mlp,rf,svr,xgboost
0,0.0009292266651127,0.0011470047041939,0.0006130645177994,0.1031960724507901,0.0006067808195733,0.1287936892980714
