,arima,lstm,mlp,rf,svr,xgboost
0,0.1201703611846125,0.133511641071635,0.0976089464531274,1.2663918850964146,0.0971074291609985,1.4147634338256752
