,arima,lstm,mlp,rf,svr,xgboost
0,0.0304832194020369,0.0338674578938836,0.0247601396966871,0.3212414550626835,0.024632921458353,0.3588783767491034
