,arima,lstm,mlp,rf,svr,xgboost
0,2.7572089764980867,3.0960951705458943,2.058783717742877,43.372613915623184,1.9297234591932304,50.02272195302435
