,training,testing
rmse,0.7388747437214177,1.0105839120625335
