,training,testing
rmse,0.007985433979875192,0.020687711790444832
