,training,testing
rmse,0.051732458193278624,0.05633953963739402
