,training,testing
arv,3.2013490834695792,10.142554250486638
