,training,testing
rmse,0.3018758958604254,0.12148818327300695
