,training,testing
mape,14664.475720670822,36.397540817363485
