,training,testing
nrmse,0.3018758958604254,0.22429382931404432
