,training,testing
mae,0.23397077226499913,0.09504320909939368
