,training,testing
smape,62.195176283567676,34.031265457503956
