,training,testing
mse,0.09112905650153441,0.014759378674975726
