,arima,lstm,mlp,rf,svr,xgboost
0,10.142554250486638,0.0677052191343145,0.0359995100121799,0.0042053545849782,0.0591332014642527,1.2444063279755313
