,arima,lstm,mlp,rf,svr,xgboost
0,6.761686384323604,0.0519007459695401,0.0279133614317944,0.0292512074672446,0.0279902329574112,0.0299988861226803
