,training,validation,testing
mse,0.0010971549709758242,0.0006549247578666317,0.0006655253409559578
