,training,validation,testing
nrmse,0.02460782516521208,0.05967036567287218,0.03519634882798683
