,training,validation,testing
nrmse,0.020235123863364086,0.06354588044839617,0.036318789932721765
