,training,validation,testing
mape,1481.8019048154094,10.994274045313082,8.249567921089046
