,training,testing
nrmse,0.3516661500464029,0.23080098075435065
