,training,validation,testing
mae,0.02590807477121748,0.02066263454910141,0.020784175716946095
