,training,testing
mape,18679.102052949947,36.097029720344956
