,training,validation,testing
mae,0.018551505708432448,0.014122973063001818,0.015720212606817163
