,training,validation,testing
smape,5.977159347258531,7.391694939623705,6.031079776553355
