,training,validation,testing
mse,0.0006055450593616449,0.000279314932870292,0.0003634365915098879
