,training,validation,testing
arv,0.009825825856819962,0.08576999157244415,0.029998886122680313
