,training,validation,testing
smape,5.380485616594022,7.101984814761879,5.807265721716454
