,training,validation,testing
rmse,0.020235123863364086,0.017798187573710857,0.01967198037099122
