,training,validation,testing
mse,0.00040946023776568675,0.00031677548090899556,0.00038698681171666385
