,training,validation,testing
arv,0.010173199210744506,0.07743706824217889,0.027913361431794414
