,training,validation,testing
mae,0.01907317108422051,0.01343173560233464,0.015159276310804376
