,training,validation,testing
nrmse,0.024841226261113823,0.05977172384683713,0.035086067572685134
