,training,testing
rmse,0.3516661500464029,0.12501276533209796
