,training,validation,testing
mae,0.018788447519885468,0.013444883393996408,0.015089554028405923
