,training,validation,testing
rmse,0.024841226261113823,0.01674110650640774,0.019004279433970896
