,training,testing
mse,0.12366908108845914,0.015628191495978192
