,training,validation,testing
rmse,0.02460782516521208,0.016712717698516063,0.019064012995953603
