,training,validation,testing
mse,0.0005854828922213698,0.0003100150881424284,0.0003900963121538274
