,training,validation,testing
mape,1778.918362883773,7.511623633479187,6.073550024907204
