,training,validation,testing
mape,1683.8400622788213,7.151383281866385,5.879370516286919
