,training,validation,testing
smape,4.529433811309821,7.493190354303077,6.072779613287348
