,training,validation,testing
nrmse,0.024196753753786267,0.0628641485088891,0.036464411614651845
