,training,validation,testing
mae,0.01550855499616265,0.014251572147391995,0.015649713086089652
