,training,testing
arv,1.98168059466361,6.761686384323604
