,training,validation,testing
mse,0.0006170865221558511,0.00028026464705888755,0.00036116263680444923
