,training,validation,testing
rmse,0.024196753753786267,0.01760724533089797,0.01975085598534472
