,training,validation,testing
rmse,0.033123329708467174,0.02559149776520772,0.0257977778298046
