,training,validation,testing
mape,5470.6028873920295,7.427576747458803,6.036230339332558
