,training,validation,testing
mape,1820.3484396712984,7.15648210478172,5.818863705562888
