,training,validation,testing
arv,0.0067525538964740735,0.08404143792467629,0.029251207467244668
