,training,validation,testing
nrmse,0.033123329708467174,0.0913707786676744,0.04762835546101605
