,training,validation,testing
arv,0.018953996588203913,0.17560532727569783,0.05190074596954012
