,training,validation,testing
arv,0.010002137491236754,0.076444413796567,0.027990232957411258
