,training,testing
smape,74.0773011634743,35.14511959134847
