,training,validation,testing
smape,5.483411975959161,7.091149998526198,5.863860851485278
