,training,testing
mae,0.294713265141154,0.0978802799430022
