,training,validation,testing
smape,7.83057500276917,10.96083087608744,8.198587400934294
