,training,testing
smape,9.823515504057552,9.1891977123839
