,training,testing
nrmse,0.048361090435985715,0.059237030225578025
