,training,testing
mae,0.035370984005975374,0.025441961940451955
