,training,testing
arv,0.04533067805749398,0.06770521913431454
