,training,testing
mse,0.0023387950681575892,0.00102948489616004
