,training,testing
rmse,0.048361090435985715,0.03208558704714689
