,training,testing
mape,829.0653064547998,9.776046255433062
