,arima,lstm,mlp,rf,svr,xgboost
0,0.0950432090993936,0.0254419619404519,0.0169550473928258,0.0157626227417006,0.0216590004574205,0.1494722666777018
