,arima,lstm,mlp,rf,svr,xgboost
0,0.0978802799430022,0.020784175716946,0.0151592763108043,0.0156497130860896,0.0150895540284059,0.0157202126068171
