,arima,lstm,mlp,rf,svr,xgboost
0,36.09702972034496,8.249567921089046,5.879370516286919,6.073550024907204,5.818863705562888,6.036230339332558
