,arima,lstm,mlp,rf,svr,xgboost
0,36.397540817363485,9.776046255433062,6.595948900428729,5269.365787571492,9.105741551668576,75.17867077263578
