,training,testing
smape,6.799748654133785,6.536446900702178
