,training,testing
rmse,0.02625990244471527,0.02159312894422405
