,training,testing
nrmse,0.02625990244471527,0.03986565151680916
