,training,testing
mape,1578.4418777800765,6.595948900428729
