,training,testing
mse,0.000689582476405963,0.00046626321760188645
