,training,testing
mae,0.020360218344114802,0.016955047392825835
