,training,testing
arv,0.011095518778096608,0.035999510012179915
