,arima,lstm,mlp,rf,svr,xgboost
0,0.0156281914959781,0.0006655253409559,0.0003611626368044,0.0003869868117166,0.0003634365915098,0.0003900963121538
