,arima,lstm,mlp,rf,svr,xgboost
0,0.0147593786749757,0.00102948489616,0.0004662632176018,0.0004686766342597,0.0007327798195112,0.028254631666714
