,arima,lstm,mlp,rf,svr,xgboost
0,0.2242938293140443,0.059237030225578,0.0398656515168091,0.0216489407191145,0.0499769833429348,0.3103331094620162
