,arima,lstm,mlp,rf,svr,xgboost
0,0.2308009807543506,0.047628355461016,0.0350860675726851,0.0363187899327217,0.0351963488279868,0.0364644116146518
