,training,testing
arv,0.0006639418288969316,0.004205354584978268
