,training,testing
nrmse,0.008361185115557869,0.02164894071911454
