,training,testing
smape,4.339862149097227,11.851777599413133
