,arima,lstm,mlp,rf,svr,xgboost
0,0.1250127653320979,0.0257977778298046,0.0190042794339708,0.0196719803709912,0.0190640129959536,0.0197508559853447
