,arima,lstm,mlp,rf,svr,xgboost
0,35.14511959134847,8.198587400934294,5.863860851485278,6.072779613287348,5.807265721716454,6.031079776553355
