,arima,lstm,mlp,rf,svr,xgboost
0,34.03126545750396,9.1891977123839,6.536446900702178,11.851777599413133,8.478205216402715,47.14751170060975
