,training,testing
mape,5807.338420196907,9.105741551668576
