,training,testing
rmse,0.032511866733262035,0.027069906160001104
