,training,testing
arv,0.017906741853594293,0.05913320146425276
