,training,testing
nrmse,0.032511866733262035,0.04997698334293485
