,training,testing
mse,0.0010570214784813906,0.0007327798195112656
