,training,testing
mae,0.025903397807303285,0.021659000457420526
