,training,testing
smape,9.715956544443946,8.478205216402715
