,training,testing
arv,3.997063826420939,1.2444063279755313
