,training,testing
mse,0.0342524794946578,0.028254631666714065
