,training,testing
nrmse,0.1850742540027051,0.31033310946201625
