,training,testing
smape,45.35775669972989,47.14751170060975
