,training,testing
mae,0.16096204852487908,0.14947226667770183
