,training,testing
mape,21777.424573476044,75.17867077263578
