,training,testing
rmse,0.002755405554708655,0.008950043093165735
