,arima,lstm,mlp,rf,svr,xgboost
frontend,0.3072417938876192,0.8765966392196273,0.0183241771753014,0.0089500430931657,0.0632283379289664,0.2781422091934485
