,training,testing
rmse,0.28348940733876166,0.2781422091934485
