,arima,lstm,mlp,rf,svr,xgboost
0,55.87270105645894,2.0384379708543863,1.3092674335202492,1.184994891221811,1.183275662312229,1.2520487561623008
