,arima,lstm,mlp,rf,svr,xgboost
0,0.0507772365821336,0.0574647867814302,0.0482421056118668,0.0426933742273744,0.0570117510083451,0.0462364391050388
