,arima,lstm,mlp,rf,svr,xgboost
0,23.76069263320673,25.441387467090248,21.57166273294508,18.005546273709015,26.265135826407658,19.21083882922831
