,training,validation,testing
nrmse,0.08196898853355424,0.08864841563218537,0.14260332245789326
