,training,validation,testing
nrmse,0.08528453184353685,0.08916401905038139,0.16230307105025563
