,training,validation,testing
mse,0.0006853140163925684,0.008277287022675196,0.003963394874127541
