,training,validation,testing
mse,0.0033897481033887946,0.005052319146440081,0.005003489311760703
