,training,testing
mse,0.021020912752503795,0.004573048229110079
