,training,testing
nrmse,0.20412286143066127,0.13633144776604
