,training,validation,testing
rmse,0.09773614564010745,0.11377417420224077,0.07679605494083719
