,training,validation,testing
rmse,0.046561443061675784,0.09517849634896121,0.0660072789280854
