,training,validation,testing
mape,39862.47510397385,24.319325902922607,25.441387467090248
