,training,validation,testing
smape,19.999250753966884,15.815435067075187,20.394825902214585
