,training,validation,testing
smape,32.404449300012935,25.00427668778312,22.818437778545743
