,training,validation,testing
arv,1.426096462256363,1.4840699506118171,2.0384379708543863
