,training,validation,testing
arv,0.03732313858935642,0.720723947077817,1.184994891221811
