,training,validation,testing
mse,0.0036695162380438406,0.00511126140003474,0.006481375202723136
