,training,validation,testing
arv,0.1317087023065477,0.7526473807476056,1.2520487561623008
