,training,validation,testing
smape,8.247740241372346,19.51037307310684,17.392201248929197
