,training,validation,testing
smape,22.422180714834592,16.818441006874476,24.381708468221905
