,training,testing
smape,44.909052203365526,21.079225252152597
