,training,validation,testing
rmse,0.058221543292743407,0.07107966760220591,0.0707353469756154
