,training,validation,testing
mape,12618.59324205853,16.17192874721411,21.57166273294508
