,training,testing
mae,0.11493740683015653,0.05077723658213366
