,training,testing
rmse,0.14498590535808573,0.06762431684764053
