,training,testing
arv,41.84983388830193,55.87270105645894
