,training,validation,testing
arv,0.2188718931358225,0.43664950573620953,1.183275662312229
