,training,testing
mape,57225.360779707094,23.760692633206734
