,training,validation,testing
arv,0.19890212721411757,0.40929134509462556,1.3092674335202492
