,training,validation,testing
nrmse,0.13760083550183508,0.14189571537298373,0.1548217836550312
