,training,validation,testing
mape,32799.74421625145,19.323538758707983,19.21083882922831
