,training,validation,testing
nrmse,0.06555295817628956,0.11870374733332745,0.13307147959272414
