,training,validation,testing
mae,0.048123957022787656,0.05216612700881259,0.05701175100834513
