,training,validation,testing
rmse,0.06057653207343452,0.07149308637927684,0.08050698853343811
