,training,validation,testing
mae,0.017523517552377597,0.0623788031877844,0.04269337422737441
