,training,validation,testing
mape,12525.65660736351,17.553668309984484,26.265135826407658
