,training,validation,testing
mse,0.009552354164584295,0.01294456271540183,0.005897634054476084
