,training,validation,testing
mae,0.042886876732181216,0.050078929307481576,0.04824210561186687
