,training,validation,testing
mse,0.002167967979985676,0.009058946167249221,0.004356960871490068
