,training,validation,testing
nrmse,0.03685620968270285,0.11346700649822317,0.1269190543435293
