,training,validation,testing
smape,15.051032679331536,19.974196307047286,19.351410031723297
