,training,validation,testing
mape,9576.92593602853,19.486773185230348,18.005546273709015
