,training,validation,testing
mae,0.07765032799175821,0.07790482306986685,0.05746478678143024
