,training,validation,testing
mae,0.032409814660561975,0.06404634545731051,0.04623643910503886
