,training,validation,testing
rmse,0.026178502944067837,0.09097959673836324,0.06295549915716292
