,arima,lstm,mlp,rf,svr,xgboost
0,0.00457304822911,0.005897634054476,0.0050034893117607,0.0039633948741275,0.0064813752027231,0.00435696087149
