,arima,lstm,mlp,rf,svr,xgboost
0,0.13633144776604,0.1548217836550312,0.1426033224578932,0.1269190543435293,0.1623030710502556,0.1330714795927241
