,arima,lstm,mlp,rf,svr,xgboost
0,0.0676243168476405,0.0767960549408371,0.0707353469756154,0.0629554991571629,0.0805069885334381,0.0660072789280854
