,arima,lstm,mlp,rf,svr,xgboost
0,21.0792252521526,22.818437778545743,20.394825902214585,17.392201248929197,24.381708468221905,19.351410031723297
