,training,testing
nrmse,0.2749537142045485,0.4709123882356901
