,training,testing
mse,0.03934872222414188,0.04240462267561585
