,training,testing
arv,1.2071418829154397,1.4216284541164805
