,training,testing
mae,0.18123682236138838,0.17337728455657425
