,training,testing
mape,30.03886536778041,46701.01625238056
