,training,testing
smape,36.135232336138195,65.2263245802186
