,arima,lstm,mlp,rf,svr,xgboost
0,1.4216284541164803,1.9152034440110512,0.1790354848134247,1.562327471073684,1.165742053796946,1.2062908502371148
