,arima,lstm,mlp,rf,svr,xgboost
0,1.3994936487476115,1.0306846528057712,0.2084075231838446,1.1205146008132645,0.937692152847997,1.163848130246654
