,training,validation,testing
mape,4.318856283921375,12.626307243301518,64769.43249231649
