,training,validation,testing
rmse,0.06400388736164435,0.03256991850495458,0.07499416602435705
