,training,validation,testing
mae,0.05735246421008182,0.030660560163328292,0.14189892320754022
