,training,validation,testing
mae,0.048267612801134015,0.026760134770303715,0.04938906117324193
