,training,validation,testing
smape,4.27658638726388,11.383023225092224,90.6641833935362
