,training,validation,testing
mae,0.034624469500337124,0.047108770173892194,0.27691457759721755
