,training,validation,testing
mse,0.004096497597402058,0.0010607995914193827,0.005624124937688829
