,training,validation,testing
nrmse,0.08871572906791343,0.06698491164611048,0.17149876378369547
