,training,validation,testing
nrmse,0.10452248673497352,0.08248601171182643,0.35217067408506353
