,training,validation,testing
arv,3.051972479816689,1.9532705991393393,1.0306846528057712
