,training,validation,testing
mae,0.025921929688752603,0.055829046679573106,0.32469544061436173
