,training,validation,testing
smape,9.497166130366953,6.4344297588396495,60.094133999094964
