,training,validation,testing
rmse,0.075407659250853,0.04010698250146774,0.15399962902680633
