,training,validation,testing
rmse,0.046869034770392885,0.05825770574335795,0.2987404119237927
