,training,validation,testing
mae,0.04819048548634234,0.023923891458590633,0.06095641385901941
