,training,testing
mse,0.04667706149206133,0.044014338612365866
