,training,validation,testing
arv,5.485871522043654,0.34529019168542147,0.937692152847997
