,training,validation,testing
mse,0.001233458790152717,0.005096388112347415,0.11813949512019296
