,training,testing
mae,0.20555570056198644,0.1778124987450819
