,training,testing
mape,33.14936549022896,47283.0492804687
