,training,validation,testing
rmse,0.06195997677545487,0.0350161763553079,0.06365569605019411
