,training,validation,testing
mape,9.045790605406145,6.711462744611646,31857.863211146723
