,training,validation,testing
mse,0.005686315073692758,0.0016085700453730399,0.02371588574039397
