,training,validation,testing
mape,8.033595966912072,5.045625050178771,15379.546302925877
