,training,validation,testing
mse,0.0021967064203082974,0.003393960278479682,0.08924583371639733
