,training,testing
arv,1.1060244010994877,1.3994936487476115
