,training,validation,testing
smape,7.915600781183403,4.946692998677177,64.57781308359903
