,training,validation,testing
rmse,0.035120631972570156,0.07138899153474165,0.3437142637718036
