,training,testing
nrmse,0.2994649696909962,0.47976725593375824
