,training,validation,testing
arv,0.9390299130454833,1.8548826118398518,1.1205146008132643
