,training,validation,testing
mse,0.003839038722014906,0.001226132606546024,0.004052047639634698
