,training,validation,testing
nrmse,0.04868067549033921,0.14682214478774813,0.7860154256871438
