,training,validation,testing
arv,2.135214125863216,1.4377638152416494,1.1638481302466541
