,training,validation,testing
arv,7.279782004490518,0.42754835189023055,0.20840752318384467
