,training,validation,testing
nrmse,0.06496512574104317,0.11981569039941868,0.6831679589652674
