,training,validation,testing
smape,7.933906097757182,5.552510980419558,31.270334699725687
