,training,validation,testing
smape,5.684924005876507,9.713769061546493,83.77209447144821
