,training,validation,testing
mape,5.716415675320399,10.540849863321542,59065.419837082685
