,training,testing
rmse,0.21604874795300558,0.20979594517617794
