,training,testing
smape,40.17353134559659,66.16971258201433
