,training,validation,testing
mape,8.124957482627295,5.627303969059329,22197.69859802354
