,training,validation,testing
nrmse,0.08588266649502836,0.07201600700929335,0.14556963240118317
