,training,testing
mae,0.20778794489461255,0.10739307293399407
