,training,testing
mape,34.83950562908603,33850.37645152956
