,training,testing
mse,0.04904570598778048,0.018213261165651126
