,training,testing
smape,42.825664483898066,50.78265702717793
