,training,testing
nrmse,0.30696917632189535,0.30862234833458146
