,training,testing
arv,1.1361885860898093,1.9152034440110512
