,arima,lstm,mlp,rf,svr,xgboost
0,0.1778124987450819,0.1418989232075402,0.0609564138590194,0.3246954406143617,0.0493890611732419,0.2769145775972175
