,arima,lstm,mlp,rf,svr,xgboost
0,0.1733772845565742,0.107393072933994,0.0525017672179807,0.1469060259297062,0.3568370053407979,0.2468059137911948
