,arima,lstm,mlp,rf,svr,xgboost
0,46701.01625238056,33850.37645152956,4951.4487928536855,43149.81260536207,72494.33885096251,55454.61514314827
