,arima,lstm,mlp,rf,svr,xgboost
0,47283.0492804687,31857.863211146723,15379.546302925875,64769.43249231649,22197.69859802354,59065.419837082685
