,training,testing
nrmse,0.09554141738683283,0.13474288652172603
