,training,testing
mape,8.707429682018427,4951.4487928536855
