,training,testing
mae,0.05090754543261533,0.052501767217980715
