,training,testing
arv,0.8834252515711554,0.17903548481342477
