,training,testing
smape,8.769996190029582,59.71349655656859
