,training,testing
rmse,0.06892827440010721,0.058921301701954976
