,training,testing
mse,0.004751107011776475,0.0034717197942528027
