,arima,lstm,mlp,rf,svr,xgboost
0,0.0424046226756158,0.0182132611656511,0.0034717197942528,0.0329222003386905,0.1516185235432216,0.0734793738851943
