,arima,lstm,mlp,rf,svr,xgboost
0,0.0440143386123658,0.0237158857403939,0.0056241249376888,0.1181394951201929,0.0040520476396346,0.0892458337163973
