,arima,lstm,mlp,rf,svr,xgboost
0,0.4797672559337582,0.3521706740850635,0.1714987637836954,0.7860154256871438,0.1455696324011831,0.6831679589652674
