,arima,lstm,mlp,rf,svr,xgboost
0,0.4709123882356901,0.3086223483345814,0.134742886521726,0.4149329661828049,0.8904502200072053,0.619892293852545
