,training,testing
arv,0.09796921667871948,1.562327471073684
