,training,testing
mse,0.0004694986191363772,0.03292220033869055
