,training,testing
mape,2.710045248341535,43149.812605362065
