,training,testing
mae,0.015683242738747785,0.14690602592970628
