,training,testing
nrmse,0.0300338794553979,0.4149329661828049
