,training,testing
smape,2.6906534601834906,59.5843089351627
