,arima,lstm,mlp,rf,svr,xgboost
0,0.2097959451761779,0.1539996290268063,0.074994166024357,0.3437142637718036,0.0636556960501941,0.2987404119237927
