,arima,lstm,mlp,rf,svr,xgboost
0,0.2059238273624882,0.1349565158325122,0.0589213017019549,0.1814447583665357,0.3893822332146417,0.2710707912800535
