,arima,lstm,mlp,rf,svr,xgboost
0,65.2263245802186,50.78265702717793,59.71349655656859,59.5843089351627,93.1166292643161,78.90539168415725
