,arima,lstm,mlp,rf,svr,xgboost
0,66.16971258201433,60.09413399909496,64.57781308359903,90.6641833935362,31.270334699725687,83.77209447144821
