,training,testing
mape,7.6419793280701365,72494.33885096251
