,training,testing
rmse,0.05369064381948941,0.38938223321464177
