,training,testing
mae,0.043634952619532916,0.35683700534079793
