,training,testing
smape,7.517534149670542,93.1166292643161
