,training,testing
arv,0.6021103111585852,1.165742053796946
