,training,testing
mse,0.0028826852337512764,0.15161852354322167
