,training,testing
nrmse,0.07442055173395774,0.8904502200072053
