,training,testing
rmse,0.0879241421323137,0.2710707912800535
