,training,testing
arv,2.3971614624580577,1.2062908502371148
