,training,testing
smape,12.016707907920594,78.90539168415725
