,training,testing
mape,11.262144632260243,55454.61514314827
