,training,testing
mse,0.0077306547697033,0.07347937388519432
