,training,testing
mae,0.06873470229172138,0.24680591379119488
