,training,testing
nrmse,0.12187157207912826,0.619892293852545
