,arima,lstm,mlp,rf,svr,xgboost
0,8.061511545893916,2.85170102441981,0.260723954721456,0.3082849536978898,0.2957498615961058,0.5312227010031304
