,arima,lstm,mlp,rf,svr,xgboost
0,0.1481591820737031,0.1338268143987576,0.0428361402338249,0.0529021474720059,0.0493874253021109,0.0503786917010585
