,arima,lstm,mlp,rf,svr,xgboost
0,43.74783352723869,30.57811175817954,10.650378422264794,13.06020520750686,12.36059069940471,11.581172062976837
