,training,validation,testing
rmse,0.08268692878597786,0.07371560755690153,0.07790146377238831
