,training,testing
rmse,0.27565313102001926,0.18106184314563126
