,training,validation,testing
mse,0.006837128192057373,0.005433990797483118,0.006068638057880729
