,training,testing
smape,67.01851453887767,33.33588217171306
