,training,validation,testing
smape,16.825591739764782,10.616473105455636,9.8140697217037
