,training,validation,testing
rmse,0.09498410366548686,0.07359302160680607,0.09535319931977129
