,training,validation,testing
arv,0.12373174320973213,0.3222509656238416,0.3082849536978898
