,training,validation,testing
mae,0.04214438052092237,0.03844949824060976,0.042836140233824975
