,training,validation,testing
nrmse,0.09903541416780437,0.11224314736059107,0.113989179190783
