,training,validation,testing
mape,152.5919301018244,12.331049941308809,10.650378422264794
