,training,validation,testing
nrmse,0.06767390768363114,0.11762761531372569,0.1008335484515435
