,training,validation,testing
mape,4091.1433337911085,13.837183549121294,13.060205207506861
