,training,validation,testing
rmse,0.06490552411866705,0.07712338649530276,0.08434836983541752
