,training,validation,testing
smape,23.955890798632957,10.54795450807063,10.634980751040926
