,training,validation,testing
rmse,0.1802365595120803,0.14213889417799422,0.1677283339598259
