,training,validation,testing
mae,0.03513041941608776,0.044672780581608354,0.052902147472005986
