,training,testing
nrmse,0.2874104291530951,0.21644885572980804
