,training,testing
mse,0.07598464864113989,0.03278339104329318
