,training,validation,testing
rmse,0.0764263282760528,0.07275910250206445,0.07649356717695155
