,training,testing
mae,0.23867841026834882,0.14815918207370318
