,training,testing
arv,2.1378272635694375,8.061511545893916
