,training,testing
mape,60866.69610314285,43.74783352723869
