,training,validation,testing
arv,0.169187175860014,0.3058222519111411,0.26072395472145604
