,training,validation,testing
smape,23.1160781235492,12.27753698796999,11.50617841096361
