,training,validation,testing
smape,49.66146310872539,30.244668739787823,30.567155160904708
