,training,validation,testing
mape,10058.829090429392,13.992322662633065,12.36059069940471
