,training,validation,testing
mae,0.059362789161683346,0.04030128919204251,0.05037869170105852
