,training,validation,testing
arv,0.4050389423287823,0.35551408357219605,0.5312227010031304
