,training,validation,testing
nrmse,0.18792410130354104,0.2167884467379525,0.20050942445046788
