,training,validation,testing
mse,0.005840983653758987,0.005293886996905921,0.005851265819454799
