,training,validation,testing
nrmse,0.0796861030641455,0.11097126447119944,0.09144359075603423
