,training,validation,testing
smape,13.263195710749631,12.133309578624681,12.273124171445428
