,training,validation,testing
mae,0.05404701013419708,0.04497451222251276,0.04938742530211099
