,training,validation,testing
mse,0.00421272706111887,0.005948016744503849,0.007114647493892371
