,training,validation,testing
mae,0.14699695263894647,0.11528564819892038,0.13382681439875768
