,training,validation,testing
mape,34871.037406620744,31.936764248865344,30.57811175817954
