,training,validation,testing
arv,0.24094313021813923,0.3881408446847888,0.2957498615961058
