,training,validation,testing
mape,19631.313124403037,12.527308541179103,11.581172062976835
