,training,validation,testing
arv,5.447680658699733,5.094270562424529,2.85170102441981
