,training,validation,testing
mse,0.009021979949135953,0.005415932829219826,0.009092232620516031
