,training,validation,testing
mse,0.032485217384751665,0.02020346523814304,0.028132794012938882
