,training,validation,testing
nrmse,0.08621373390459829,0.1124301139038921,0.09312664888564287
