,arima,lstm,mlp,rf,svr,xgboost
0,0.0327833910432931,0.0281327940129388,0.0058512658194547,0.0071146474938923,0.0060686380578807,0.009092232620516
