,arima,lstm,mlp,rf,svr,xgboost
0,0.216448855729808,0.2005094244504678,0.0914435907560342,0.1008335484515435,0.0931266488856428,0.113989179190783
