,arima,lstm,mlp,rf,svr,xgboost
0,0.1810618431456312,0.1677283339598259,0.0764935671769515,0.0843483698354175,0.0779014637723883,0.0953531993197712
