,arima,lstm,mlp,rf,svr,xgboost
0,33.33588217171306,30.567155160904708,9.8140697217037,12.273124171445428,11.50617841096361,10.634980751040926
