,arima,lstm,mlp,rf,svr,xgboost
0,1.323459429676603,0.271162673748234,0.0702137727764693,1.034089151614722,0.0567168162328832,1.0951370824694735
