,arima,lstm,mlp,rf,svr,xgboost
0,0.0107534079489581,0.002463187537443,0.0010562314654036,0.0330460083255185,0.0012646260337036,0.0197811797764265
