,arima,lstm,mlp,rf,svr,xgboost
0,1.2652394294903897,0.2900890545880232,0.1245756426138244,3.8989719051473233,0.1493380406101739,2.3318218981255576
