,training,validation,testing
mse,0.0011928099725005083,1.5732773390903264e-06,2.368952906474846e-06
