,training,validation,testing
mape,114107.0944024085,0.10547332058821729,0.12457564261382445
