,training,validation,testing
rmse,0.031061486222748166,0.00573940252817138,0.020700766773485573
