,training,testing
mse,0.008746432348847998,0.00015303789102481626
