,training,validation,testing
nrmse,0.033843058691107285,0.0468645167511328,0.057459018376394194
