,training,validation,testing
rmse,0.03384305869110729,0.0011878479723869608,0.0014564721716214277
