,training,validation,testing
arv,0.16758823197657963,0.03132201717015062,0.056716816232883285
