,training,validation,testing
mse,0.0011453526215697326,1.410982805503814e-06,2.121311186707637e-06
