,training,validation,testing
rmse,0.04790353451453332,0.0016412093464942038,0.002930727011770217
