,training,validation,testing
mae,0.009671212524461553,0.004845597962936095,0.019781179776426537
