,training,validation,testing
arv,0.21515060235442343,2.0437246581201047,1.0951370824694735
