,training,testing
smape,9.448608153699793,1.2758853633293175
