,training,validation,testing
arv,0.18804419666545097,0.0379600318727016,0.07021377277646935
