,training,validation,testing
mae,0.0010760058935280305,0.01217229820338868,0.03304600832551859
