,training,validation,testing
mape,113654.94532907933,0.1624396003110388,0.29008905458802325
