,training,validation,testing
mse,0.00020791884948082617,0.00019100557741125027,0.0011292653379131824
