,training,validation,testing
nrmse,0.03106148622274816,0.2264383424273412,0.8166621797648212
