,training,validation,testing
mae,0.002204150508293004,0.0008887865746526413,0.001264626033703683
