,training,validation,testing
nrmse,0.04790353451453331,0.06475111689279138,0.11561957757011654
