,training,validation,testing
mape,48883.56831179974,1.4681795676635487,3.8989719051473233
