,training,validation,testing
smape,0.36542532601306527,0.1075457131432049,0.14929083149197728
