,training,validation,testing
arv,0.44230767688557415,0.08401200070720297,0.271162673748234
