,training,testing
rmse,0.09352236282755048,0.012370848435932608
