,training,testing
nrmse,0.09352236282755047,0.48804008855213304
