,training,testing
mae,0.076819573954889,0.010753407948958177
