,training,validation,testing
mape,77826.19836771385,0.5865879198088455,2.3318218981255576
