,training,validation,testing
nrmse,0.014419391439337032,0.5452633492668828,1.325726721765894
