,training,validation,testing
mse,0.0009648159263659742,3.2940741380380027e-05,0.00042852174501024437
