,training,validation,testing
smape,0.31048173163181975,1.4821577698940145,3.979037137101592
