,training,validation,testing
smape,1.7620713609437209,0.16238393755468342,0.290681829400274
