,training,validation,testing
mae,0.00449313788166677,0.000871587596518771,0.0010562314654036474
