,training,validation,testing
mae,0.013193443417384569,0.0013387392222565862,0.002463187537443073
