,training,validation,testing
nrmse,0.034537081123055376,0.049486407387003925,0.060720344208859627
