,training,testing
mape,97072.19978702025,1.2652394294903895
