,training,validation,testing
mse,0.002294748618985085,2.6935681190199315e-06,8.589160817519585e-06
