,training,testing
arv,7.1703360719443445,1.3234594296766027
