,training,validation,testing
arv,0.029764166966702522,1.2893241969557194,1.0340891516147221
