,training,validation,testing
rmse,0.014419391439337036,0.013820476743269397,0.03360454341176476
