,training,validation,testing
rmse,0.03453708112305538,0.001254303527496565,0.0015391403140957766
