,training,validation,testing
smape,1.2144725380613692,0.5865491820133515,2.3618942869746045
