,training,validation,testing
mape,115232.89166269772,0.1075212789914142,0.1493380406101739
