,training,validation,testing
smape,0.6628868911703941,0.10552011149938842,0.12470528184777895
