,arima,lstm,mlp,rf,svr,xgboost
0,0.0001530378910248,8.589160817519585e-06,2.368952906474846e-06,0.0011292653379131,2.121311186707637e-06,0.0004285217450102
