,arima,lstm,mlp,rf,svr,xgboost
0,0.488040088552133,0.1156195775701165,0.0607203442088596,1.325726721765894,0.0574590183763941,0.8166621797648212
