,arima,lstm,mlp,rf,svr,xgboost
0,0.0123708484359326,0.0029307270117702,0.0015391403140957,0.0336045434117647,0.0014564721716214,0.0207007667734855
