,arima,lstm,mlp,rf,svr,xgboost
0,1.2758853633293177,0.290681829400274,0.1247052818477789,3.979037137101592,0.1492908314919772,2.3618942869746045
