,arima,lstm,mlp,rf,svr,xgboost
0,7.147808659586063,1.6295252001430056,0.3461337389847836,0.310941751483422,0.3368029076288913,0.8503074255284535
