,arima,lstm,mlp,rf,svr,xgboost
0,0.0634934106847581,0.0415484277282055,0.0244922767787684,0.027706137062693,0.0210781614699673,0.0359439484631508
