,arima,lstm,mlp,rf,svr,xgboost
0,38.03810889704853,22.363830551854768,12.019085405620466,15.102768990054482,10.397876174239942,22.477856574861395
