,training,validation,testing
mape,5868.463569088905,6.584781146222114,10.397876174239942
