,training,validation,testing
mse,0.0009445105577303663,0.004801577345145003,0.00245065823628988
