,training,validation,testing
arv,0.057774354908386796,0.13315022240774368,0.310941751483422
