,training,validation,testing
smape,12.672016029532926,12.549748056540258,18.71988471432902
