,training,validation,testing
rmse,0.03570856674040504,0.05192824401615998,0.038711887674723854
