,training,testing
nrmse,0.18320887601653058,0.19465876911735455
