,training,validation,testing
nrmse,0.03570856674040504,0.08072120462588298,0.0986025350316865
