,training,validation,testing
smape,5.950686830261473,6.358781665630363,9.740264162557635
