,training,validation,testing
mse,0.0011156470834148835,0.0028712624830102393,0.0016304868144493157
