,training,validation,testing
arv,0.06580571658048957,0.12636563419653785,0.3461337389847836
