,training,testing
mae,0.13555112170783196,0.06349341068475814
