,training,validation,testing
mape,40445.79908086855,10.88032573752824,22.477856574861395
