,training,validation,testing
arv,0.06395879990088978,0.1208202170576887,0.3368029076288913
