,training,validation,testing
rmse,0.05926369498267884,0.07781081695999975,0.05375965060063804
