,training,validation,testing
nrmse,0.05926369498267884,0.12095504088258086,0.13693049215736677
