,training,validation,testing
mae,0.01863964137453116,0.027858188656832917,0.021078161469967355
