,training,validation,testing
smape,5.697467815687179,10.790814687710673,16.905165140234
