,training,validation,testing
rmse,0.03340130361849494,0.05358416261368875,0.04037928694825251
