,training,validation,testing
smape,6.462396410605639,7.386650664753219,14.047911226104603
