,training,validation,testing
mape,28488.465822681137,7.576058444958733,15.102768990054482
