,training,validation,testing
mae,0.01991036448763944,0.03180578152103862,0.02770613706269307
