,training,validation,testing
mae,0.04274280228045712,0.055573344687319406,0.04154842772820553
