,training,validation,testing
mape,45145.10712194917,12.500078698889553,22.363830551854768
