,training,validation,testing
rmse,0.03073289048772286,0.06929341487576582,0.04950412342714373
