,training,validation,testing
smape,7.041948908081522,6.724454463589676,11.279492541527247
