,training,validation,testing
arv,0.21441505016068207,0.3473322693951977,1.6295252001430056
