,training,validation,testing
mse,0.0035121855429999928,0.006054523235982586,0.0028901000327026818
