,training,validation,testing
arv,0.0513597639402765,0.34193637513255576,0.8503074255284535
