,training,validation,testing
nrmse,0.03073289048772286,0.10771494448516734,0.12609129540394318
