,training,testing
mse,0.033565492251240475,0.005840640592136452
