,training,testing
arv,2.6467101058976206,7.147808659586063
