,training,validation,testing
mae,0.017244079818990125,0.04903662983161555,0.03594394846315088
