,training,validation,testing
mse,0.001285854193102398,0.00282478337731032,0.0015817922215349718
