,training,validation,testing
mae,0.022330594712564798,0.029599129226802343,0.024492276778768404
