,training,validation,testing
mape,13300.235371198465,6.916000838284374,12.019085405620466
