,training,testing
mape,63124.22043721415,38.03810889704853
