,training,validation,testing
rmse,0.03585880914227908,0.05314869120975906,0.03977175155226347
