,training,validation,testing
nrmse,0.03340130361849494,0.08329529020276726,0.10284954557948953
