,training,validation,testing
nrmse,0.03585880914227908,0.08261836039373328,0.10130210023997661
