,training,testing
rmse,0.18320887601653058,0.07642408384885259
