,training,testing
smape,37.78955769760657,27.729406681667534
