,training,validation,testing
mse,0.001275101738653961,0.0026965425266018547,0.0014986102473404366
