,arima,lstm,mlp,rf,svr,xgboost
0,0.0058406405921364,0.0028901000327026,0.0015817922215349,0.0016304868144493,0.0014986102473404,0.0024506582362898
