,arima,lstm,mlp,rf,svr,xgboost
0,0.1946587691173545,0.1369304921573667,0.1013021002399766,0.1028495455794895,0.0986025350316865,0.1260912954039431
