,arima,lstm,mlp,rf,svr,xgboost
0,0.0764240838488525,0.053759650600638,0.0397717515522634,0.0403792869482525,0.0387118876747238,0.0495041234271437
