,arima,lstm,mlp,rf,svr,xgboost
0,27.72940668166753,18.71988471432902,11.279492541527247,14.047911226104604,9.740264162557636,16.905165140234
