,training,testing
rmse,0.6663520695774968,0.08132194871084243
