,training,testing
rmse,0.06995174091445963,0.10807121682188182
