,training,testing
rmse,0.01848276489003468,0.036930424237020684
