,training,testing
rmse,0.046094988576736794,0.10820365821626743
