,training,testing
rmse,0.23926358087699712,0.15044522944616873
