,training,testing
rmse,0.012661772857781903,0.03243821988593372
