,arima,lstm,mlp,rf,svr,xgboost
frontend,0.1504452294461687,0.1379759011685957,0.0478096978212703,0.0324382198859337,0.0489791718087098,0.1262657296786686
