,training,testing
rmse,0.0497441677416472,0.048979171808709816
