,training,testing
rmse,0.2025391920459287,0.12626572967866867
