,training,testing
mse,0.06386483153747832,0.015344036876226168
