,training,testing
mape,9628.771739852486,32.20870385801758
