,training,testing
nrmse,0.25271492147769653,0.20034359921083078
