,training,testing
mae,0.20676913656299692,0.09983657132248468
