,training,testing
smape,50.46693609484342,29.349983417123326
