,training,testing
arv,4.117664505442652,20.974687235043163
