,training,testing
rmse,0.25271492147769653,0.12387104938695792
