,arima,lstm,mlp,rf,svr,xgboost
0,10.940897594676594,0.137701839058146,0.1202876474159891,0.1247074625632922,0.1235180503851681,0.1293265280217853
