,arima,lstm,mlp,rf,svr,xgboost
0,20.974687235043163,0.5595908621197628,0.1689888223635789,0.1275761510183316,0.1569352577679185,1.5834119131892863
