,training,validation,testing
mape,3876.2274930072676,13.239819099931324,10.500359448926616
