,training,validation,testing
mse,0.0025403227705154807,0.001377494027165491,0.0016419164197635045
