,training,testing
smape,58.95757442944727,30.08880415710245
