,training,validation,testing
nrmse,0.050401614760992336,0.10118840839201043,0.06553618821734612
