,training,testing
rmse,0.2935237837947983,0.1268799243127941
