,training,validation,testing
mae,0.021023488309977273,0.029492597768318474,0.032426428552336836
