,training,validation,testing
mae,0.04046361136712956,0.032227291997020485,0.03338950172324144
