,training,validation,testing
rmse,0.036134685652981564,0.03902169297181122,0.041951620118376214
