,training,testing
mae,0.25464139302859107,0.10221253936576857
