,training,validation,testing
arv,0.05570204213189102,0.28248929238933,0.12351805038516815
