,training,validation,testing
rmse,0.053340589228309185,0.041017599087154466,0.04233208707829802
