,training,testing
nrmse,0.2935237837947983,0.20521002147172676
