,training,validation,testing
mse,0.0013057155072397919,0.001522692522386301,0.001759938430556548
