,training,validation,testing
nrmse,0.036134685652981564,0.10638784458282363,0.06785070933713994
