,training,validation,testing
mse,0.0028452184592232138,0.0016824434348745346,0.0017920055964046058
