,training,validation,testing
smape,9.261602099639656,11.68544320701057,9.752494778363175
