,training,validation,testing
smape,5.3444217234315285,11.74664054083619,9.99180693805768
