,training,validation,testing
rmse,0.029756839281840565,0.037687445215706626,0.041152810282579264
