,training,validation,testing
rmse,0.04987399540550482,0.037048168018070204,0.040486134121228694
