,training,validation,testing
arv,0.05758092219296945,0.2876846415659467,0.12028764741598912
