,training,validation,testing
nrmse,0.053340589228309185,0.11182943702614577,0.06846605990136598
