,training,testing
mape,12368.3835162346,31.828933899669103
