,training,validation,testing
smape,8.928278192003413,11.517783322760188,9.801741587376931
