,training,validation,testing
arv,0.06383261318950682,0.3538279654063457,0.13770183905814604
