,training,validation,testing
mape,3028.760193893341,11.896555559387785,10.013959446717418
