,training,testing
mse,0.0861562116532155,0.016098515193620357
