,training,validation,testing
smape,9.961625777007946,12.955186767805122,10.344408347394014
