,training,validation,testing
mse,0.002487415417708316,0.0013725667534951601,0.0016391270560821185
