,training,validation,testing
nrmse,0.029756839281840565,0.1027501822442373,0.0665587493644054
