,training,validation,testing
mape,4286.238317343929,12.828008548996884,10.479350538195852
