,training,validation,testing
smape,7.0657200007121475,12.423868967567762,10.15986652813456
