,training,validation,testing
rmse,0.050401614760992336,0.03711460665513634,0.040520567860822296
