,training,validation,testing
mae,0.038042543780608624,0.02900449052160694,0.03174305229566957
