,training,validation,testing
arv,0.019872049518784882,0.2893272527890321,0.12470746256329222
