,training,validation,testing
mae,0.036784668157071085,0.028648648954142035,0.031827809504170634
