,training,validation,testing
mse,0.0008854694840452898,0.0014203435268868882,0.0016935537941539613
