,training,validation,testing
mape,2030.3142538858551,12.129528254437,10.236067543995054
