,training,testing
arv,2.1918881962069467,10.940897594676594
