,training,validation,testing
nrmse,0.04987399540550482,0.10100727162278843,0.06548049659804837
