,training,validation,testing
arv,0.02963895681492234,0.31412708930026956,0.12932652802178532
