,training,validation,testing
mape,2754.749303184186,11.93201062793809,9.894898539545352
