,training,validation,testing
mae,0.02624553320475882,0.03076957625661751,0.032708528304703104
