,training,testing
mae,0.07232238523710853,0.05797700075434261
