,training,testing
arv,0.36269475451067157,0.5595908621197628
