,training,testing
mape,5828.998015789214,22.366798022029727
