,training,testing
smape,20.738664486733814,18.511155710006292
