,training,testing
rmse,0.08692941363069685,0.06938290102287917
