,training,testing
mse,0.0075567229541767846,0.004813986954350647
