,training,testing
nrmse,0.08692941363069685,0.11221685925328075
