,arima,lstm,mlp,rf,svr,xgboost
0,0.0998365713224846,0.0579770007543426,0.0366997801736314,0.0322930799372882,0.0343250048212228,0.1159162700502095
