,arima,lstm,mlp,rf,svr,xgboost
0,0.1022125393657685,0.0333895017232414,0.0317430522956695,0.0324264285523368,0.0318278095041706,0.0327085283047031
