,arima,lstm,mlp,rf,svr,xgboost
0,31.828933899669103,10.500359448926616,9.894898539545352,10.236067543995054,10.013959446717418,10.479350538195852
