,arima,lstm,mlp,rf,svr,xgboost
0,32.20870385801758,22.366798022029727,11.807438445807058,10.145060405157368,10.345235473987168,46.28235997447005
