,training,testing
mae,0.042202819470124435,0.036699780173631416
