,training,testing
mse,0.00302218136335153,0.0021889499298490744
