,training,testing
arv,0.06522254342036718,0.16898882236357898
