,training,testing
mape,2838.521999243477,11.807438445807058
