,training,testing
smape,11.718245633471,11.341686488839521
