,training,testing
nrmse,0.05497437005870581,0.07566997120649423
