,arima,lstm,mlp,rf,svr,xgboost
0,0.0153440368762261,0.0048139869543506,0.002188949929849,0.0016701539880832,0.0019431150387035,0.0184383030005118
