,arima,lstm,mlp,rf,svr,xgboost
0,0.0160985151936203,0.0017920055964046,0.0016419164197635,0.0016935537941539,0.0016391270560821,0.0017599384305565
