,arima,lstm,mlp,rf,svr,xgboost
0,0.2003435992108307,0.1122168592532807,0.0756699712064942,0.0660973293670008,0.0712943167672804,0.2196170879695731
