,arima,lstm,mlp,rf,svr,xgboost
0,0.2052100214717267,0.0684660599013659,0.0655361882173461,0.0665587493644054,0.0654804965980483,0.0678507093371399
