,training,testing
arv,0.0071893808098135266,0.12757615101833164
