,training,testing
mse,0.0003367861893505949,0.0016701539880832161
