,training,testing
mape,1298.7930676457818,10.145060405157368
