,training,testing
mae,0.013628280083446374,0.03229307993728824
