,training,testing
nrmse,0.01835173532259538,0.06609732936700084
