,training,testing
rmse,0.01835173532259538,0.040867517517989956
