,training,testing
smape,3.909367104573354,9.907322623542054
