,arima,lstm,mlp,rf,svr,xgboost
0,0.1268799243127941,0.042332087078298,0.0405205678608222,0.0411528102825792,0.0404861341212286,0.0419516201183762
