,arima,lstm,mlp,rf,svr,xgboost
0,29.34998341712333,18.51115571000629,11.34168648883952,9.907322623542054,10.375452648732397,32.901982482517845
