,arima,lstm,mlp,rf,svr,xgboost
0,30.08880415710245,10.344408347394014,9.752494778363175,9.99180693805768,9.801741587376933,10.15986652813456
