,training,testing
mse,0.0023739205932253177,0.001943115038703589
