,training,testing
rmse,0.04872289598561766,0.044080778562811125
