,training,testing
mape,2933.839394376796,10.345235473987167
