,training,testing
mae,0.03821576205189972,0.034325004821222825
