,training,testing
smape,10.770806253553564,10.375452648732395
