,training,testing
nrmse,0.04872289598561766,0.0712943167672804
