,training,testing
arv,0.05235448551981502,0.15693525776791853
