,training,testing
smape,35.90335470861872,32.901982482517845
