,training,testing
mae,0.13890160529870726,0.1159162700502095
