,training,testing
rmse,0.1615884955311648,0.13578771299536577
