,training,testing
arv,4.9921890948218595,1.5834119131892865
