,training,testing
mse,0.026110841888025267,0.018438303000511826
