,training,testing
nrmse,0.1615884955311648,0.21961708796957316
