,training,testing
mape,11154.939184679137,46.28235997447005
