,arima,lstm,mlp,rf,svr,xgboost
0,3.844257998136479,3.599361599692043,0.0384843449791803,0.1153533619511052,0.0266597597209785,0.4324174305873959
