,arima,lstm,mlp,rf,svr,xgboost
0,0.1762220704926868,0.2100850257700614,0.0261949680392023,0.0579775014832015,0.019784083831338,0.1234203650706126
