,arima,lstm,mlp,rf,svr,xgboost
0,53.53145793130412,201.0346810000947,22.81312611863188,75.42307117468354,15.343267851028186,192.36211263839144
