,training,validation,testing
mae,0.02422575716691791,0.03432894059108437,0.01978408383133803
