,training,testing
mae,0.5849594488775297,0.17622207049268682
