,training,validation,testing
arv,1.2112053317103657,1.7856115321061568,3.599361599692043
