,training,validation,testing
mse,0.006740721181431232,0.00946834412373225,0.0026043981495272265
