,training,validation,testing
arv,0.07389820537165959,0.201080171950365,0.03848434497918033
