,training,testing
arv,1.287259132866478,3.844257998136479
