,training,validation,testing
nrmse,0.056658251678270016,0.22128219174726307,0.17270798384494004
