,training,validation,testing
mae,0.021585425828054238,0.17722291320356978,0.12342036507061264
