,training,testing
mape,16005.82225211017,53.53145793130412
