,training,validation,testing
mape,20242.50664608137,42.32341818574038,15.343267851028186
