,training,testing
smape,138.24092424281218,75.1448518002067
