,training,validation,testing
mape,68369.59863179635,468.6545406381901,201.0346810000947
