,training,validation,testing
mse,0.0068965335425899554,0.009560522185838392,0.002043506557358762
