,training,validation,testing
mae,0.02934313376680904,0.04397881271593457,0.026194968039202324
