,training,validation,testing
rmse,0.21557049589698393,0.2876289164113955,0.22937956000874637
