,training,validation,testing
mse,0.0032101574832381873,0.044373676421199014,0.02755867570408596
