,training,validation,testing
rmse,0.08210189511473674,0.09730541672349104,0.05103330431715378
