,training,validation,testing
smape,6.99478454864718,30.457658643469383,15.356906601973607
