,training,validation,testing
smape,39.23105912589843,128.12245625207862,90.01445976320632
