,training,validation,testing
arv,0.07140376752493335,0.18380334667510492,0.026659759720978518
