,training,validation,testing
mae,0.022835145450351275,0.08657627116807821,0.05797750148320158
