,training,validation,testing
nrmse,0.08304537038625305,0.10271279921412631,0.04702959729938468
