,training,validation,testing
smape,10.137645797710128,40.918470802013076,19.395543396940376
