,training,validation,testing
rmse,0.08304537038625305,0.09777792279363676,0.045205160738114425
