,training,testing
nrmse,0.6628612477557321,0.3415449391496996
