,training,validation,testing
smape,7.3088049699133295,101.05181555912336,65.7203585384693
