,training,validation,testing
rmse,0.056658251678270016,0.21065060270789404,0.16600805915402408
