,training,validation,testing
mse,0.04647063870127157,0.08273039355599354,0.05261498254980608
