,training,testing
mse,0.43938503377628607,0.10777777774481838
