,training,validation,testing
nrmse,0.07102330626395298,0.1222867393589983,0.09181719563290325
