,training,validation,testing
smape,7.716935253970923,75.92839073016229,46.147649283689
