,training,validation,testing
mape,19440.4010687529,162.96289649026085,75.42307117468354
