,training,validation,testing
mape,24472.00031112754,72.78732723409398,22.813126118631878
