,training,validation,testing
rmse,0.07102330626395298,0.11641142536484637,0.08825529720541736
