,training,validation,testing
arv,0.03548896773377497,0.9571040079551438,0.43241743058739596
