,training,validation,testing
arv,0.05518659915678819,0.3140984171343877,0.11535336195110525
