,training,validation,testing
mae,0.1424844452528761,0.26945440018614747,0.21008502577006144
