,training,testing
rmse,0.6628612477557321,0.32829526000967235
