,training,validation,testing
nrmse,0.08210189511473674,0.10221644564346638,0.05309295911581804
