,training,validation,testing
mape,21419.42266932907,372.04154539359837,192.36211263839144
