,training,validation,testing
nrmse,0.21557049589698393,0.30214562035534476,0.23863709717607243
