,training,validation,testing
mse,0.005044310032663262,0.013551619955475196,0.007788997484816549
