,arima,lstm,mlp,rf,svr,xgboost
0,0.1077777777448183,0.052614982549806,0.0026043981495272,0.0077889974848165,0.0020435065573587,0.0275586757040859
