,arima,lstm,mlp,rf,svr,xgboost
0,0.3415449391496996,0.2386370971760724,0.053092959115818,0.0918171956329032,0.0470295972993846,0.17270798384494
