,arima,lstm,mlp,rf,svr,xgboost
0,0.3282952600096723,0.2293795600087463,0.0510333043171537,0.0882552972054173,0.0452051607381144,0.166008059154024
