,arima,lstm,mlp,rf,svr,xgboost
0,75.1448518002067,90.01445976320632,19.395543396940376,46.147649283689,15.356906601973607,65.7203585384693
