,training,testing
smape,37.76089709773524,12.230056805990117
