,training,testing
mape,52.86441615688049,15.416633018951542
