,training,testing
nrmse,0.2341516646379932,0.11915834572888176
