,training,testing
rmse,0.15358203289720126,0.09266763226192841
