,training,testing
mae,0.13081520675376562,0.047011901753496683
