,training,testing
arv,1.5448095811410398,11.795123717579527
