,training,testing
mse,0.02358744082883701,0.008587290069031995
