,arima,lstm,mlp,rf,svr,xgboost
0,2.085429054245239,0.4074410876966594,0.1856077278850304,0.2429355093590335,0.1213289127560791,0.4158801969641668
