,arima,lstm,mlp,rf,svr,xgboost
0,11.795123717579528,0.5671233109788256,0.2827494194647968,0.3080539182280555,1.4264744840617416,2.111272035524169
