,training,validation,testing
smape,4.586541640182698,1.0737788913127415,3.4030154514526525
