,training,validation,testing
arv,0.03768928216671748,0.022506280197963087,0.24293550935903355
