,training,validation,testing
smape,1.5249261263360967,0.5662848259791078,1.4371805919424723
