,training,testing
mae,0.12870930081698595,0.06319882409380682
