,training,validation,testing
mse,0.00023641118019074073,3.782011221137066e-06,0.0009463016963154759
