,training,validation,testing
smape,1.1316139921539492,0.298789862871829,1.3772605677579395
