,training,validation,testing
mse,0.00033403950238831775,3.853180155777174e-06,0.0013989871256960794
