,training,validation,testing
nrmse,0.0278647885506068,0.02255153331934663,0.04809536861930521
