,training,validation,testing
arv,0.03518171789264889,0.006304348632447314,0.12132891275607918
