,training,validation,testing
nrmse,0.02366493551983435,0.035620518854276834,0.05766941870076815
