,training,validation,testing
mape,1.5344234528546152,0.56516474969721,1.294263867857706
