,training,validation,testing
smape,0.6793800654243987,0.6589605167773145,1.3068942348068486
