,training,validation,testing
mae,0.004019194554680066,0.0023217112375035014,0.007689673277673711
