,training,validation,testing
mse,0.0012586050386209928,3.0143425108416543e-05,0.002411766946930019
