,training,validation,testing
mape,0.6616712366580878,0.6559037315355313,1.224463968703327
