,training,validation,testing
mse,0.00024093338117552542,9.613192654923472e-06,0.0020113995571091068
