,training,validation,testing
smape,0.5755171720257518,0.2991841975974244,0.6756030998363252
