,training,validation,testing
nrmse,0.023441793899072635,0.0223422972088361,0.03955589432836936
