,training,validation,testing
mae,0.004044180044087698,0.0012222113434462677,0.007355904133114633
