,training,testing
arv,1.3002396884990404,2.085429054245239
