,training,validation,testing
mae,0.0018773691289968406,0.0012283341225072394,0.003717847629935091
