,training,validation,testing
arv,0.21942298082395179,0.061541570168019206,0.40744108769665943
