,training,validation,testing
rmse,0.0354768239646814,0.005490302824837309,0.049109743910246764
