,training,testing
smape,60.014264749342274,16.21463052686795
