,training,validation,testing
rmse,0.015522028900099542,0.0031005149015806183,0.044848629378266475
