,training,validation,testing
arv,0.05188290201911566,0.006425694740884615,0.18560772788503047
