,training,testing
nrmse,0.24316280812945498,0.11855246349178471
