,training,validation,testing
mape,4.5425249613533145,1.0663130907650764,3.4332021790739997
