,training,validation,testing
arv,0.04050866760072254,0.016632271433280894,0.41588019696416684
