,training,validation,testing
mape,0.5533315075211795,0.29872065861227265,0.7004096487338578
