,training,validation,testing
rmse,0.015623986515923586,0.0035813685606746353,0.03627000756595712
