,training,validation,testing
mape,1.1030450191811627,0.29890757057194023,1.4105208988368108
