,training,validation,testing
nrmse,0.023820380431048026,0.04114484541731789,0.04663844317201871
