,training,testing
mse,0.02543786303983615,0.008500184814667333
