,training,validation,testing
nrmse,0.054088080686882076,0.06307579272981659,0.06314864964903392
