,training,validation,testing
rmse,0.018276747587804502,0.0019629518984878806,0.037403036316535576
