,training,validation,testing
mse,0.00024410895464976206,1.282620076738871e-05,0.001315513448834587
