,training,testing
rmse,0.15949251719073265,0.09219644686574062
