,training,testing
mape,47.7691992149827,15.051645847397996
