,training,validation,testing
mae,0.013513632918108507,0.004449806006753924,0.015749943723036598
