,training,validation,testing
mae,0.002406166569359921,0.002712364620204353,0.007132039808979407
