,training,validation,testing
rmse,0.015375668446956729,0.0019447393710050368,0.030762017104141202
