,training,testing
arv,0.17691435277061493,0.5671233109788256
