,training,testing
mape,6.800054044403531,6.0485198486383585
