,training,testing
mse,0.0008304693141332688,0.002200356185369705
