,training,testing
smape,6.619206678233446,6.224098223506372
