,training,testing
mae,0.019366251302126422,0.0261554284633762
