,training,testing
rmse,0.02881786449640689,0.04690795439336174
