,training,testing
nrmse,0.04393580952052081,0.06031743890078
