,arima,lstm,mlp,rf,svr,xgboost
0,0.0631988240938068,0.0157499437230365,0.0073559041331146,0.0071320398089794,0.003717847629935,0.0076896732776737
