,arima,lstm,mlp,rf,svr,xgboost
0,0.0470119017534966,0.0261554284633762,0.0215471284099873,0.0055243053585764,0.0407988337626741,0.0710367548823286
