,arima,lstm,mlp,rf,svr,xgboost
0,15.416633018951542,6.048519848638359,4.702679135718788,0.8137570400267986,11.335123229626246,20.848260022102515
