,arima,lstm,mlp,rf,svr,xgboost
0,15.051645847397996,3.433202179074,1.4105208988368108,1.224463968703327,0.7004096487338578,1.294263867857706
