,training,testing
rmse,0.023379586061561215,0.04501540465965659
