,training,testing
nrmse,0.035644592610165546,0.057883869703279404
