,training,testing
arv,0.07134244949998496,0.28274941946479687
