,training,testing
mape,2.8478176377932747,4.702679135718788
