,training,testing
mae,0.009964312178616291,0.021547128409987393
