,training,testing
smape,2.932744114010081,4.800667317659089
