,training,testing
mse,0.0005466050444099474,0.002026386656672632
