,arima,lstm,mlp,rf,svr,xgboost
0,0.0085001848146673,0.00241176694693,0.001398987125696,0.0013155134488345,0.0009463016963154,0.0020113995571091
