,arima,lstm,mlp,rf,svr,xgboost
0,0.0085872900690319,0.0022003561853697,0.0020263866566726,0.0016069451655418,0.0042129106742389,0.0089072863405204
