,arima,lstm,mlp,rf,svr,xgboost
0,0.1185524634917847,0.0631486496490339,0.0480953686193052,0.0466384431720187,0.0395558943283693,0.0576694187007681
