,arima,lstm,mlp,rf,svr,xgboost
0,0.1191583457288817,0.06031743890078,0.0578838697032794,0.0515462323948197,0.0834617572206809,0.1213581942053556
