,training,testing
arv,0.004453862105344408,0.30805391822805556
