,training,testing
mse,3.658963066074677e-05,0.0016069451655418183
