,training,testing
mae,0.0008847651391075663,0.005524305358576433
