,training,testing
mape,0.2754265495056832,0.8137570400267986
