,training,testing
nrmse,0.009222227906534425,0.05154623239481973
