,training,testing
rmse,0.006048936324738984,0.040086720563570905
