,training,testing
smape,0.2667345802266205,0.9232278075138212
