,arima,lstm,mlp,rf,svr,xgboost
0,0.0921964468657406,0.0491097439102467,0.0374030363165355,0.0362700075659571,0.0307620171041412,0.0448486293782664
