,arima,lstm,mlp,rf,svr,xgboost
0,16.21463052686795,3.4030154514526525,1.3772605677579397,1.3068942348068486,0.6756030998363252,1.4371805919424725
