,arima,lstm,mlp,rf,svr,xgboost
0,12.230056805990117,6.224098223506372,4.800667317659089,0.9232278075138212,10.447877083003576,17.46695306543843
