,training,testing
rmse,0.0761089752257032,0.06490693856775981
