,training,testing
mse,0.005792576109906704,0.004212910674238946
