,training,testing
mae,0.07090955513962725,0.040798833762674146
