,training,testing
mape,26.64480793650795,11.335123229626246
