,training,testing
nrmse,0.11603599006218743,0.08346175722068098
