,training,testing
arv,0.6611127473850076,1.4264744840617416
