,training,testing
smape,22.815180479107795,10.447877083003576
