,training,testing
mape,51.86552650050517,20.848260022102515
