,training,testing
smape,38.28966696943998,17.46695306543843
