,training,testing
mae,0.13281074519522815,0.07103675488232869
