,training,testing
mse,0.021334125020580012,0.008907286340520456
