,training,testing
nrmse,0.2226866877788507,0.12135819420535567
