,training,testing
arv,1.1905348970811211,2.111272035524169
