,arima,lstm,mlp,rf,svr,xgboost
0,12.876515927603748,4.1961499633036,0.7187686605565494,0.7165575436970316,0.8245366440930314,0.8777091962132755
