,arima,lstm,mlp,rf,svr,xgboost
0,0.06936328848383,0.0698696299214357,0.0512069331767388,0.0483021201484643,0.0519045537686913,0.04830348876305
