,arima,lstm,mlp,rf,svr,xgboost
0,17.325800707738196,17.674817415513825,11.129960891628071,10.56228509709059,11.603718328443096,10.750977677607557
