,training,validation,testing
mae,0.03459862748982894,0.05153195783129389,0.05120693317673887
