,training,validation,testing
mse,0.014648939946569576,0.01970427950582959,0.008313462587002796
