,training,validation,testing
rmse,0.04269568014453955,0.09650742135052902,0.061378231347450435
