,training,validation,testing
mae,0.028423337389315524,0.06442730503533266,0.048303488763050066
