,training,validation,testing
nrmse,0.04644891447404307,0.1501033950222589,0.10850614205507497
