,training,validation,testing
nrmse,0.06156843720468441,0.10968450727122254,0.11806353206280613
