,training,validation,testing
smape,6.512228548354387,19.2642734327221,10.454026063987676
