,training,validation,testing
mae,0.09701312305811641,0.07307642423381666,0.06986962992143575
