,training,testing
mse,0.023607303265033765,0.008677601913891112
