,training,validation,testing
rmse,0.05339239868870741,0.08041531150140217,0.06701924394252681
