,training,validation,testing
smape,21.123901203063756,19.427617184074602,14.939584670717586
