,training,validation,testing
mape,9.844426859517684,120965.31109736417,11.603718328443097
