,training,testing
rmse,0.15364668322171413,0.09315364680940362
