,training,validation,testing
mape,6.362135732386687,175516.54064218825,10.56228509709059
