,training,testing
mae,0.12300517704571824,0.06936328848383
