,training,validation,testing
arv,0.09373677009446539,1.04972540757085,0.7165575436970316
