,training,validation,testing
nrmse,0.04923371802822468,0.13163374935959138,0.10812611957936141
