,training,testing
arv,13.601561488997845,12.876515927603748
