,training,validation,testing
smape,7.566581956873769,17.99087334131669,10.937702789474804
