,training,validation,testing
mse,0.0016225337610700835,0.012110663863566266,0.0037938150031373566
