,training,validation,testing
arv,0.08987342384692508,1.993622976350961,0.8777091962132755
