,training,testing
nrmse,0.1771747739373415,0.16410284449464776
