,training,validation,testing
arv,2.4493406535336497,6.451165437177,4.1961499633036
