,training,validation,testing
smape,9.317479747571337,18.450047244901874,10.98967233767692
