,training,validation,testing
smape,6.2447633445111315,19.20316284456411,10.445665120724147
