,training,validation,testing
nrmse,0.1395666958729142,0.19146386417779152,0.16062281056217304
