,training,validation,testing
nrmse,0.05716336839323502,0.10593450722641955,0.11722536383894751
