,training,validation,testing
mape,25.43654567867792,397155.11235110264,17.674817415513825
