,training,validation,testing
mse,0.002850748237733885,0.006466622323867545,0.0044915790586279175
