,training,validation,testing
arv,0.12615497798005865,0.3670085533492546,0.7187686605565494
