,training,validation,testing
mse,0.0018229211030048283,0.009313682375728544,0.0037672872833411472
