,training,validation,testing
rmse,0.049572305132488295,0.07766599503697727,0.06654345434282406
