,training,validation,testing
mae,0.0408907632191204,0.053829861856762605,0.051904553768691394
