,training,validation,testing
mape,6.8372043246740315,240604.1854828979,10.750977677607557
