,training,validation,testing
mape,7.633944946249938,56584.24010086948,11.129960891628073
