,training,validation,testing
mse,0.0024574134361485256,0.006032006785083779,0.004428031315875511
