,training,testing
mape,31.0797880234285,17.325800707738196
