,training,validation,testing
arv,0.16434596012011332,0.4428859792862578,0.8245366440930314
