,training,testing
smape,25.931273773931153,14.827430699177361
