,training,validation,testing
rmse,0.04028068719709339,0.11004846143207213,0.061593952650705545
