,training,validation,testing
rmse,0.12103280524952553,0.14037193275662194,0.09117819140015224
