,training,validation,testing
mae,0.028117547794777716,0.059567486704307226,0.04830212014846433
