,arima,lstm,mlp,rf,svr,xgboost
0,0.0086776019138911,0.0083134625870027,0.0044280313158755,0.0037672872833411,0.0044915790586279,0.0037938150031373
