,arima,lstm,mlp,rf,svr,xgboost
0,0.1641028444946477,0.160622810562173,0.1172253638389475,0.1081261195793614,0.1180635320628061,0.1085061420550749
