,arima,lstm,mlp,rf,svr,xgboost
0,0.0931536468094036,0.0911781914001522,0.066543454342824,0.0613782313474504,0.0670192439425268,0.0615939526507055
