,arima,lstm,mlp,rf,svr,xgboost
0,14.82743069917736,14.939584670717586,10.937702789474804,10.445665120724149,10.98967233767692,10.454026063987676
