,training,testing
mse,0.24685020119668194,0.012825337394968222
