,training,testing
arv,0.9051908226616401,1.4132288293957762
