,training,testing
smape,73.70190251603029,14.048895485404698
