,training,testing
mae,0.489650672886205,0.09549796862554458
