,training,testing
nrmse,0.5019358831053102,0.24722522400866506
