,training,testing
mape,185.27936008544833,15.568608245281082
