,arima,lstm,mlp,rf,svr,xgboost
0,1.4214606724378842,12.177777020369223,11.37383650774306,6.996290383065219,11.567710758746626,1.962273153124867
