,arima,lstm,mlp,rf,svr,xgboost
0,1.4132288293957762,1.0178620163441223,3.671731219739269,11.408456785981038,4.648366922940251,1.3276094000502954
