,training,validation,testing
mse,0.00037244728994160537,0.0021194519069459234,0.004320917816612739
