,training,validation,testing
mse,0.0008386871479315776,0.0020879248113118113,0.003937711423775018
