,training,validation,testing
mae,0.02008540051036745,0.03617959859260761,0.04851605839075799
