,training,validation,testing
nrmse,0.02925711477594962,0.12222512185670266,0.13698730522058444
