,training,validation,testing
mse,0.0008339268961013142,0.002083357174482399,0.003932775707689286
