,training,validation,testing
mae,0.021487472248243464,0.03581578893570687,0.04848453810989742
