,training,validation,testing
nrmse,0.029735318708484986,0.15243185416252683,0.198356004297326
