,training,validation,testing
arv,0.012509196915905916,8.935907704569622,6.996290383065219
