,training,validation,testing
smape,5.345980449069225,5.8331159040429785,7.511345431436032
