,training,validation,testing
nrmse,0.0303163035948806,0.12116442007347124,0.13837396484445796
