,training,validation,testing
mse,0.0008663276833748116,0.0032474716022029065,0.008256080963095509
