,training,validation,testing
smape,3.3920279922931478,5.824428764269996,7.74644266726616
