,training,testing
rmse,0.4639029559383109,0.11256655510195622
