,training,testing
mape,214.82784975869563,15.459359565328676
