,training,validation,testing
rmse,0.019298893490083967,0.04603750543791359,0.06573368859734512
