,training,testing
arv,0.9387215347316284,1.4214606724378842
