,training,validation,testing
mse,0.0009005119743368676,0.0020518429353161287,0.004017834195933876
