,training,validation,testing
smape,7.285514018110197,5.7620579540001495,7.509079990861984
