,training,validation,testing
mape,9.601492084569625,5.76037035348106,7.41501848537401
