,training,testing
mae,0.45892027619785003,0.09482752415430606
