,training,validation,testing
arv,0.03069770208809415,17.34068789112174,12.177777020369223
