,training,validation,testing
rmse,0.028877792438157635,0.04564380762471947,0.06271184662955864
