,training,validation,testing
rmse,0.028960095785953086,0.04569381589790692,0.06275118663240575
