,training,testing
mse,0.2152059525283024,0.012671229327521745
