,training,validation,testing
mape,5.365400538078849,5.854924246953145,7.576028175473713
