,training,validation,testing
mape,11.726009269867236,7.0408892014557605,10.75411827963138
