,training,validation,testing
mae,0.020143890173488752,0.036262502607822704,0.04853297408485251
