,training,validation,testing
rmse,0.030008531692451525,0.04529727293464948,0.06338638809660854
