,training,validation,testing
rmse,0.029433444979730314,0.05698659142467556,0.09086297905690474
