,training,validation,testing
mape,3.4236471730408407,5.782214617590407,7.574415915263569
