,training,validation,testing
arv,0.03127373070602676,2.8996951121978474,1.962273153124867
