,training,validation,testing
arv,0.028463633757891155,10.262806126239157,11.567710758746626
