,training,validation,testing
smape,7.824277671643394,7.341254354510488,11.574981531584905
