,training,validation,testing
nrmse,0.02917396731294764,0.12209135611260645,0.13690142507605482
