,training,testing
smape,76.88990252491352,13.959893624761488
