,training,validation,testing
arv,0.028067264461116723,10.10074873566891,11.373836507743059
