,training,validation,testing
smape,5.269423018743737,5.819502802644786,7.508357203211512
