,training,validation,testing
mae,0.020884456736018804,0.045278179364997236,0.07299797643716868
