,training,validation,testing
mape,5.481582339353703,5.859847324784069,7.566616422447726
