,training,validation,testing
nrmse,0.019496825772312668,0.12314444748277963,0.14349817663064238
