,training,testing
nrmse,0.4686608126956783,0.24573541743062707
