,training,validation,testing
mae,0.012730867694357186,0.03619352150416677,0.04996397988636718
