,training,testing
mae,0.3137183299829892,0.4706793349911097
