,training,testing
nrmse,0.34894831942337545,1.0366441308019998
