,training,testing
mse,0.11930515770045864,0.22549796506502828
