,training,testing
smape,90.34614790755597,114.46286789799515
