,training,testing
mape,76.61634558076742,72.74309402216129
