,training,testing
arv,1.3858321609838693,1.0178620163441223
