,training,testing
rmse,0.34540578701066754,0.4748662601880958
