,arima,lstm,mlp,rf,svr,xgboost
0,0.0954979686255445,0.4706793349911097,0.056299309265142,0.0488858263260077,0.053254614464915,0.1099757476259139
