,arima,lstm,mlp,rf,svr,xgboost
0,0.094827524154306,0.0484845381098974,0.0485160583907579,0.0499639798863671,0.0485329740848525,0.0729979764371686
