,arima,lstm,mlp,rf,svr,xgboost
0,15.459359565328676,7.41501848537401,7.576028175473713,7.574415915263569,7.566616422447726,10.75411827963138
