,arima,lstm,mlp,rf,svr,xgboost
0,15.568608245281082,72.74309402216129,8.89150665209705,7.485333274060846,8.054260569906408,16.347554202130485
