,training,testing
mae,0.02882945994781124,0.056299309265142074
