,training,testing
mse,0.001563489125784623,0.005012198399505686
