,training,testing
arv,0.05032634752192521,3.6717312197392693
