,training,testing
rmse,0.03954098033413718,0.07079688128375208
