,training,testing
nrmse,0.039946518427972304,0.1545512444552643
