,training,testing
smape,6.617537559017407,8.674867188011206
