,training,testing
mape,6.955534058247244,8.89150665209705
