,arima,lstm,mlp,rf,svr,xgboost
0,0.0128253373949682,0.2254979650650282,0.0050121983995056,0.0040681132291484,0.0048840380249906,0.0157236314953786
