,arima,lstm,mlp,rf,svr,xgboost
0,0.0126712293275217,0.0040178341959338,0.0039327757076892,0.0043209178166127,0.003937711423775,0.0082560809630955
