,arima,lstm,mlp,rf,svr,xgboost
0,0.247225224008665,1.0366441308019998,0.1545512444552643,0.139237076422683,0.1525625355258312,0.2737378224203003
