,arima,lstm,mlp,rf,svr,xgboost
0,0.245735417430627,0.1383739648444579,0.1369014250760548,0.1434981766306423,0.1369873052205844,0.198356004297326
