,training,testing
arv,0.0054238343683029894,11.408456785981038
