,training,testing
mape,2.0838385101992447,7.485333274060846
