,training,testing
mae,0.009082965149872951,0.048885826326007714
