,training,testing
mse,0.00016138897677328465,0.004068113229148483
