,training,testing
nrmse,0.012834189147690734,0.13923707642268301
