,training,testing
rmse,0.012703896125727912,0.0637817625120887
