,training,testing
smape,2.073611244372095,7.570544687283988
