,arima,lstm,mlp,rf,svr,xgboost
0,0.1125665551019562,0.0633863880966085,0.0627118466295586,0.0657336885973451,0.0627511866324057,0.0908629790569047
