,arima,lstm,mlp,rf,svr,xgboost
0,14.048895485404698,114.46286789799515,8.674867188011206,7.570544687283988,8.284087920339328,18.15989394638433
