,arima,lstm,mlp,rf,svr,xgboost
0,13.959893624761488,7.509079990861984,7.508357203211512,7.74644266726616,7.511345431436032,11.574981531584903
