,training,testing
smape,11.507810188514693,8.284087920339328
