,training,testing
arv,0.07408856968615718,4.648366922940251
