,training,testing
nrmse,0.04266424429019785,0.15256253552583124
