,training,testing
mape,16.909334973196742,8.054260569906408
