,training,testing
mae,0.03380250066457333,0.05325461446491501
