,training,testing
mse,0.0017834671394104575,0.004884038024990658
