,training,testing
smape,26.95059948006347,18.159893946384326
