,training,testing
arv,5.511332063192726,1.3276094000502954
