,training,testing
nrmse,0.1275868254547858,0.27373782242030037
