,training,testing
mape,64.9296209196937,16.347554202130485
