,training,testing
mae,0.09678352206066251,0.10997574762591397
