,training,testing
mse,0.015949558300265326,0.015723631495378688
