,training,testing
arv,0.9521986261389267,1.2719781717058873
