,training,testing
mse,0.31023948928171935,0.022708196842496267
