,training,testing
nrmse,0.8784415625938901,0.3764168881067085
