,training,testing
mape,81.18463290139854,32626.024945627694
