,training,testing
smape,137.63461306744514,61.94963884754012
