,training,testing
mae,0.5545667010412023,0.12952128686900866
