,training,testing
rmse,0.5569914624854849,0.15069239145522997
