,arima,lstm,mlp,rf,svr,xgboost
0,1.2719781717058871,0.0275304855153664,0.1356432548994315,1.3476622449425677,1.1525464372162308,1.170474179616491
