,arima,lstm,mlp,rf,svr,xgboost
0,1.246002456302353,0.8647274806811596,0.0277670074960564,1.0686463060288744,0.0381970312804056,1.073598531030766
