,training,validation,testing
nrmse,0.08698730350284524,0.10118539323736202,0.2969104956152022
