,training,validation,testing
mape,3.4399273606311382,2.2792877115717247,2354.299102022652
