,training,validation,testing
smape,3.425800666333735,2.2759102112307565,32.66499837541908
