,training,validation,testing
arv,0.3323070745497284,0.21223166688406245,0.8647274806811596
