,training,validation,testing
mae,0.010063505456937632,0.10493811847927006,0.42080750078417917
