,training,testing
mse,0.3133410467735584,0.023793028397875768
