,training,validation,testing
arv,0.29666164520855426,1.6113822511908977,1.073598531030766
