,training,validation,testing
smape,1.2857667089345945,19.238374185027723,107.81867304411188
