,training,validation,testing
arv,0.037090000038354394,1.456594176561995,1.0686463060288744
