,training,testing
arv,0.9760437735030184,1.246002456302353
