,training,validation,testing
rmse,0.013172920134273389,0.1259544336017178,0.4350112282409014
