,training,testing
smape,118.00945266121157,63.11434538904871
