,training,validation,testing
mse,0.0012754615443456448,0.00023512406016869817,0.0003855066687061388
