,training,testing
mape,73.13005623928889,33050.51467859128
