,training,validation,testing
mae,0.027045287007886297,0.09193724726024613,0.4064035428909509
