,training,validation,testing
mse,0.00017352582486394524,0.015864519343929538,0.1892347686956576
