,training,validation,testing
mape,3.4709688276311943,2.3069897303007436,1068.3888496658308
