,training,validation,testing
nrmse,0.03177111624568262,0.41927458017507524,1.0866213698291838
