,training,testing
rmse,0.5597687440127025,0.15424988945822868
