,training,validation,testing
mse,0.0013008011352794444,0.0009239862335622319,0.014128483541430566
