,training,validation,testing
mse,0.0012573000579054884,0.00022878915474054264,0.0005564302994611304
