,training,testing
mae,0.556960069022672,0.13399110544055173
