,training,validation,testing
nrmse,0.08452154255719571,0.3804070279409922,1.0518558206262199
