,training,validation,testing
mae,0.027591079846276286,0.02559818410634282,0.10956597259419937
