,training,validation,testing
smape,3.5266621227084163,5.144506856069812,57.055267341986124
