,training,validation,testing
nrmse,0.08613588085634098,0.051042696546819644,0.04904488521761257
