,training,validation,testing
nrmse,0.0855204313291083,0.05035038438163965,0.05892277069748715
