,training,validation,testing
mae,0.027149525344679636,0.011772772385546007,0.016589332274920373
