,training,validation,testing
smape,3.4615313300729387,2.300214375248879,26.926400233181376
