,training,validation,testing
mape,3.4434500774523427,19.996084050205663,72358.84034584506
