,training,testing
nrmse,1.3500786200362331,0.38530321816493557
