,training,validation,testing
rmse,0.035044268546366476,0.11427821768353622,0.4210934049041229
