,training,validation,testing
arv,0.30468546667013263,0.04376101055136392,0.027767007496056456
