,training,validation,testing
mape,3.5528619572203226,5.352583236413855,25676.909969499495
