,training,validation,testing
smape,3.446738341179037,17.158283055544352,106.25461061263289
