,training,validation,testing
rmse,0.0357136044714846,0.01533375557939731,0.01963432373946551
