,training,validation,testing
arv,0.2944387594436393,0.042354099528722274,0.038197031280405684
