,training,validation,testing
mae,0.02687300578508956,0.011628912149011314,0.020131590403162813
