,training,validation,testing
mape,1.2873261168609456,22.605289645710876,74075.86959862015
