,training,validation,testing
rmse,0.03606662079096744,0.03039714186502132,0.11886329770551786
