,training,validation,testing
rmse,0.03545842717754819,0.0151257778226623,0.023588774861385456
