,training,validation,testing
mse,0.0012281007579498507,0.01305951103692569,0.17731965565374758
