,training,testing
smape,3.432260710058469,28.63887372145214
