,training,testing
rmse,0.03359315824811795,0.02010712217837741
