,training,testing
mse,0.0011285002810830947,0.00040429636229619685
