,training,testing
mae,0.025120141150497155,0.01667585262893134
