,training,testing
arv,0.07156448403543801,0.027530485515366424
