,training,testing
nrmse,0.05298039271959141,0.05022589585363918
