,training,testing
mape,3.472851345912524,2327.638529274149
