,arima,lstm,mlp,rf,svr,xgboost
0,0.1339911054405517,0.1095659725941993,0.0165893322749203,0.4208075007841791,0.0201315904031628,0.4064035428909509
