,arima,lstm,mlp,rf,svr,xgboost
0,0.1295212868690086,0.0166758526289313,0.0270231978475328,0.1871184801351875,0.4304798152737726,0.2672221729972724
