,arima,lstm,mlp,rf,svr,xgboost
0,33050.51467859128,25676.90996949949,1068.3888496658308,74075.86959862015,2354.299102022652,72358.84034584506
