,arima,lstm,mlp,rf,svr,xgboost
0,32626.02494562769,2327.638529274149,9339.740254018232,46175.83362275968,84247.59626004366,55725.2011314796
