,training,testing
smape,3.4711314971725034,25.809316822616253
