,training,testing
mape,3.4901587883307985,9339.740254018232
