,training,testing
nrmse,0.055404166943325284,0.08602630627567256
