,training,testing
mae,0.025621339831822194,0.02702319784753288
