,training,testing
mse,0.0012341165704422528,0.001186060935430445
