,training,testing
arv,0.0750504532704654,0.13564325489943152
