,arima,lstm,mlp,rf,svr,xgboost
0,0.0227081968424962,0.0004042963622961,0.0011860609354304,0.047151406279756,0.2218319063849513,0.0835808570683556
