,arima,lstm,mlp,rf,svr,xgboost
0,0.0237930283978757,0.0141284835414305,0.0003855066687061,0.1892347686956576,0.0005564302994611,0.1773196556537475
