,arima,lstm,mlp,rf,svr,xgboost
0,0.3853032181649355,0.2969104956152022,0.0490448852176125,1.0866213698291838,0.0589227706974871,1.05185582062622
