,arima,lstm,mlp,rf,svr,xgboost
0,0.3764168881067085,0.0502258958536391,0.0860263062756725,0.542406768014494,1.1764941733375496,0.7221562679100446
