,training,testing
arv,0.008810890934155479,1.3476622449425675
