,training,testing
mae,0.008823871027142443,0.18711848013518753
