,training,testing
mape,1.2029543680816477,46175.833622759674
