,training,testing
mse,0.0001455514701182658,0.047151406279756
