,training,testing
nrmse,0.0190271015279529,0.542406768014494
