,training,testing
rmse,0.012064471398211601,0.21714374566115416
