,training,testing
smape,1.201365446383651,73.34318811604057
