,arima,lstm,mlp,rf,svr,xgboost
0,0.1542498894582286,0.1188632977055178,0.0196343237394655,0.4350112282409014,0.0235887748613854,0.4210934049041229
