,arima,lstm,mlp,rf,svr,xgboost
0,63.11434538904871,57.05526734198613,26.926400233181376,107.81867304411188,32.66499837541908,106.25461061263287
