,arima,lstm,mlp,rf,svr,xgboost
0,61.94963884754012,28.63887372145214,25.809316822616253,73.34318811604057,105.17077190017432,87.76254954342271
