,training,testing
smape,4.971027516637369,105.17077190017432
