,training,testing
arv,0.13300836619578757,1.1525464372162308
