,training,testing
mae,0.033364568648414576,0.4304798152737726
