,training,testing
rmse,0.04054106138297876,0.4709903463819098
