,training,testing
mse,0.001643577658058452,0.22183190638495134
