,training,testing
mape,5.115551634868975,84247.59626004366
