,training,testing
nrmse,0.06393805957377083,1.1764941733375496
