,training,testing
arv,1.3298257251648902,1.170474179616491
