,training,testing
mape,20.38704099834485,55725.201131479604
