,training,testing
rmse,0.17462595924496918,0.28910354039401803
