,training,testing
mae,0.15456731258653805,0.26722217299727247
