,training,testing
mse,0.03049422564222564,0.08358085706835562
