,training,testing
smape,23.056495455329284,87.76254954342271
