,training,testing
nrmse,0.27540583804299373,0.7221562679100446
