,arima,lstm,mlp,rf,svr,xgboost
0,0.3254903203268242,0.3495128864593733,0.1670453503495338,1.040821029327175,0.1572892836814858,1.0302183301909007
