,arima,lstm,mlp,rf,svr,xgboost
0,0.0237087528489598,0.0332634930938342,0.0178931999123688,0.3150793992252057,0.0161816242771059,0.3662070942420621
