,arima,lstm,mlp,rf,svr,xgboost
0,2.7888408285589783,3.87164753254273,2.07181076863908,35.52831161269991,1.883822287641976,41.38132938301131
