,training,testing
smape,116.01364334908901,2.7572089764980867
