,training,validation,testing
mae,0.006176263648805116,0.11644618400156832,0.3150793992252057
