,training,validation,testing
mape,3.425785363288495,15.979879136399203,35.52831161269991
