,training,validation,testing
rmse,0.016539203037096942,0.012464570729162232,0.023859623875800418
