,training,testing
mse,0.5662687601249247,0.0009292266651127217
