,training,validation,testing
mse,9.679891814340267e-05,0.019973476516071762,0.10332753663805433
