,training,validation,testing
mae,0.012170002430418353,0.16628518027295408,0.36620709424206216
