,training,validation,testing
nrmse,0.02872050424240822,0.6358927487756888,1.4653046380952173
