,training,validation,testing
rmse,0.009838644121188787,0.1413275504495559,0.3214460089004907
