,training,testing
arv,0.9577507886973874,0.3254903203268242
