,training,validation,testing
mse,0.0002800589415432957,0.034361296338336955,0.1381601446951524
