,training,validation,testing
rmse,0.01673496165347551,0.18536800246627505,0.37169899743630247
