,training,validation,testing
nrmse,0.016885059319120883,0.48481487277963886,1.2671982733012426
