,training,testing
rmse,0.752508312329455,0.030483219402036948
