,training,validation,testing
smape,10.215450097442522,27.11013806557952,52.366107221310784
