,training,validation,testing
mape,13.255852337923846,1.877409213400023,3.87164753254273
