,training,validation,testing
rmse,0.025522011780270755,0.02016911053617448,0.04207354140674466
