,training,validation,testing
mse,0.0002888638854194176,0.00016876831290739704,0.0005947343608788478
