,training,validation,testing
arv,0.019964140261647705,0.06196721387061584,0.34951288645937334
