,training,testing
nrmse,1.2914531042392383,0.12017036118461259
