,training,validation,testing
mape,7.1502711721659935,1.3216100465495324,2.07181076863908
