,training,validation,testing
smape,5.610602779158123,1.1844364306849309,1.8735326245854018
