,training,validation,testing
nrmse,0.028384543737173303,0.04275889062740482,0.09405895030537192
