,training,validation,testing
mae,0.010479959549300605,0.008087159252803384,0.016181624277105924
