,training,validation,testing
mape,5.8649587968847925,1.1830160296196504,1.883822287641976
