,training,validation,testing
arv,0.008197164291417439,0.02421686119305242,0.15728928368148581
