,training,validation,testing
mse,0.00027354523710231677,0.0001553655234622879,0.0005692816514946653
