,training,testing
mape,733.3524385574465,2.7888408285589783
