,training,validation,testing
smape,6.709344193588064,1.3267837506019862,2.0685249413205113
