,training,validation,testing
arv,0.00871375441003027,0.026690675534632325,0.16704535034953388
