,training,validation,testing
arv,0.00291257491693731,1.4784259171201588,1.040821029327175
