,training,validation,testing
smape,11.355689444165614,1.8851549039295064,3.765491888393344
