,training,validation,testing
mae,0.011894602165196909,0.009047326561171246,0.017893199912368818
