,training,validation,testing
nrmse,0.04380082027004996,0.06918880803898227,0.16586150565272667
