,training,validation,testing
arv,0.008837022344495625,1.242470857337124,1.0302183301909007
