,training,validation,testing
mape,14.812801147359691,23.387872284995204,41.38132938301131
