,training,testing
mae,0.7506598474109625,0.02370875284895982
