,training,validation,testing
rmse,0.016995996158490317,0.012991085901778844,0.02438717615630903
