,training,validation,testing
nrmse,0.02916849108360518,0.0445650663207972,0.09613865675817033
