,training,validation,testing
smape,3.339185695406903,17.98985069572305,43.407873422043394
