,training,validation,testing
mae,0.01879780896424801,0.013092829766011605,0.03326349309383426
