,training,validation,testing
mse,0.0006513730853122792,0.00040679301982042446,0.001770182886505057
