,arima,lstm,mlp,rf,svr,xgboost
0,0.0009292266651127,0.001770182886505,0.0005947343608788,0.1033275366380543,0.0005692816514946,0.1381601446951524
