,arima,lstm,mlp,rf,svr,xgboost
0,0.1201703611846125,0.1658615056527266,0.0961386567581703,1.2671982733012426,0.0940589503053719,1.4653046380952173
