,arima,lstm,mlp,rf,svr,xgboost
0,0.0304832194020369,0.0420735414067446,0.024387176156309,0.3214460089004907,0.0238596238758004,0.3716989974363024
