,arima,lstm,mlp,rf,svr,xgboost
0,2.7572089764980867,3.765491888393344,2.068524941320512,43.407873422043394,1.8735326245854016,52.366107221310784
