,training,testing
rmse,0.033472213409532624,0.028347275134874436
