,arima,lstm,mlp,rf,svr,xgboost
frontend,0.1214881832730069,0.0793776143977735,0.0283472751348744,0.0207601766012282,0.0319758900528951,0.1680819946317506
