,training,testing
arv,0.9538149561396196,1.829943699494279
