,training,testing
smape,23.34021260133621,45.86970605516668
