,training,testing
mae,0.1938536027228907,0.24840882938069112
