,training,testing
mape,20.86480391591294,91813.58364595109
