,training,testing
nrmse,0.9482564155147898,0.40376752321187354
