,training,testing
mse,0.03803710731596635,0.11273434638368235
