,arima,lstm,mlp,rf,svr,xgboost
0,1.9961516027807973,0.3996164249470911,0.0091419765263558,1.4619961383014235,0.0014885239407865,1.505985767491359
