,arima,lstm,mlp,rf,svr,xgboost
0,1.829943699494279,1.1101368675762198,0.018231156075265,1.858334934136259,1.4777566244954747,21.990067445911748
