,training,validation,testing
nrmse,0.05859216231011839,0.040420152022322985,0.01126979391701678
