,training,validation,testing
arv,0.1625224673166898,0.045379168120317635,0.0014885239407865206
