,training,validation,testing
mse,0.0001339969033031985,0.0001249357324839782,0.01178353104513097
