,training,validation,testing
nrmse,0.03775454969051561,0.2881073727283418,0.5087824712699918
