,training,validation,testing
mse,6.607429303992843e-05,2.8606696048108887e-05,8.782647100844048e-05
