,training,testing
mse,0.2472757712302975,0.05550674015537992
