,training,validation,testing
arv,0.4034763357452136,2.9365477728680336,1.505985767491359
