,training,validation,testing
rmse,0.008128609539148035,0.005348522791211503,0.009371577829183327
