,training,testing
mae,0.4657343952667786,0.1594244416839813
