,training,validation,testing
mae,0.007270305095728241,0.01992632370352054,0.3343534368317872
