,training,validation,testing
nrmse,0.07463527167837973,0.06788640594831137,0.026537524537808915
