,training,validation,testing
mape,0.2754965520167758,3.4534510304094055,106329.35628507887
