,training,validation,testing
mae,0.006600109864427849,0.0069301159217976605,0.015305492855181301
