,training,validation,testing
rmse,0.011575703145087926,0.011177465387286074,0.10855197393475151
