,training,validation,testing
smape,0.2748400530251404,3.3542028796332946,56.07711614086184
