,training,validation,testing
rmse,0.005237765268607708,0.03812328188430806,0.4230862216949142
