,training,validation,testing
smape,0.8144294237712969,0.9413176427451135,23.32560865187307
