,training,validation,testing
smape,0.6930273249350338,0.8000697784913117,6.824713127606179
