,training,testing
arv,0.9761647624275992,1.9961516027807975
