,training,validation,testing
mae,0.002609642591385935,0.02941298574158927,0.3499095288597957
