,training,validation,testing
arv,0.24190328079610482,0.11718036910217995,0.009141976526355802
