,training,validation,testing
mape,0.7585417974366481,2.3442022768185766,104493.14483099336
