,training,validation,testing
mape,0.45465147579964066,0.43115808054919413,2072.3859794784134
