,training,validation,testing
arv,0.06960982912887166,1.7267834645348885,1.4619961383014237
