,training,validation,testing
mse,0.00011410182812110394,0.0007674969015866274,0.16835749332242173
