,training,validation,testing
nrmse,0.07699624831953006,0.20936419290316463,0.4934231070240391
