,training,validation,testing
arv,0.3160256229788132,0.21696202473763576,0.39961642494709115
