,training,validation,testing
rmse,0.01035430264735278,0.008982944676394423,0.022067704026461146
