,training,validation,testing
nrmse,0.08343929847586541,0.08447095914422,0.13053921098755197
