,training,testing
smape,69.96971886933844,36.03418765081942
