,training,validation,testing
smape,0.4537736557694211,0.43073268303241585,5.255179562524062
