,training,validation,testing
mse,0.0001072115833129768,8.069329505916292e-05,0.00048698356099948956
