,training,validation,testing
smape,0.7618950235615468,2.294136619456644,54.57553528088342
