,training,testing
mape,49.33297235517241,71012.7758193523
