,training,validation,testing
mse,2.743418500903318e-05,0.0014533846216304108,0.17900195098807808
