,training,validation,testing
mae,0.007739007193349614,0.008165559394686453,0.07220042759037222
