,training,validation,testing
mape,0.6944415182883339,0.7967229274330243,11764.73443723031
