,training,testing
nrmse,3.5843800022447434,0.2833192734717111
