,training,validation,testing
rmse,0.010681845726329506,0.0277037344339464,0.41031389608740004
