,training,validation,testing
mae,0.004308521416975761,0.003733833830602737,0.007170659227191435
