,training,validation,testing
mape,0.816855438719148,0.9388834945174066,36630.76236377216
