,training,testing
rmse,0.49726830909509756,0.23559868453660757
