,training,testing
smape,2.995831384884893,52.14330169259191
