,training,testing
mae,0.027562163395962694,0.2919605491683734
