,training,testing
nrmse,0.18169809989760266,0.39123300346620854
