,training,testing
mse,0.0013965505943977934,0.10584356298435711
