,training,testing
arv,5.331117894457285,1.1101368675762198
