,training,testing
mape,3.071447630606127,62350.25928499359
