,arima,lstm,mlp,rf,svr,xgboost
0,0.1594244416839813,0.0722004275903722,0.0153054928551813,0.3499095288597957,0.0071706592271914,0.3343534368317872
