,arima,lstm,mlp,rf,svr,xgboost
0,0.2484088293806911,0.2919605491683734,0.0242719693902713,0.2564288257561343,0.3447258876750954,0.1983173947608027
