,arima,lstm,mlp,rf,svr,xgboost
0,91813.58364595108,62350.25928499359,9618.164626253109,95064.33898420678,105675.35485188873,71126.6878137728
