,arima,lstm,mlp,rf,svr,xgboost
0,71012.7758193523,36630.76236377216,11764.73443723031,106329.35628507887,2072.385979478413,104493.14483099336
