,training,testing
mse,0.00014457100578166166,0.0012285455518921363
