,training,testing
nrmse,0.05846051675367595,0.04215012725402302
