,training,testing
mape,0.8898421631376996,9618.164626253107
