,training,testing
arv,0.0829859808823749,0.018231156075265053
