,training,testing
smape,0.8874766245519713,18.058129322213283
