,training,testing
mae,0.00824611131169584,0.024271969390271333
