,arima,lstm,mlp,rf,svr,xgboost
0,0.1127343463836823,0.1058435629843571,0.0012285455518921,0.1216486933343006,0.1756114219625456,0.0592743286545529
