,arima,lstm,mlp,rf,svr,xgboost
0,0.0555067401553799,0.0117835310451309,0.0004869835609994,0.179001950988078,8.782647100844048e-05,0.1683574933224217
