,arima,lstm,mlp,rf,svr,xgboost
0,0.4037675232118735,0.3912330034662085,0.042150127254023,0.4194275778228408,0.5039409356076805,0.2927767463426743
