,arima,lstm,mlp,rf,svr,xgboost
0,0.2833192734717111,0.1305392109875519,0.0265375245378089,0.5087824712699918,0.0112697939170167,0.4934231070240391
