,training,testing
arv,0.005123084413871913,1.858334934136259
