,training,testing
mae,0.0016700589521735424,0.2564288257561343
