,training,testing
mape,0.1798540004774074,95064.33898420678
