,training,testing
mse,8.039770994908378e-06,0.12164869333430062
