,training,testing
nrmse,0.0137861782021158,0.4194275778228408
