,training,testing
rmse,0.0028354489935296626,0.3487817273515065
