,training,testing
smape,0.17975409674226892,46.540057220893964
