,arima,lstm,mlp,rf,svr,xgboost
0,0.2355986845366075,0.1085519739347515,0.0220677040264611,0.4230862216949142,0.0093715778291833,0.4103138960874
