,arima,lstm,mlp,rf,svr,xgboost
0,0.3357593578497587,0.3253360769794169,0.0350506141442933,0.3487817273515065,0.4190601650867637,0.2434631977415742
