,arima,lstm,mlp,rf,svr,xgboost
0,45.86970605516668,52.14330169259191,18.058129322213283,46.54005722089397,55.5501379218058,41.66616503789467
