,arima,lstm,mlp,rf,svr,xgboost
0,36.03418765081942,23.32560865187307,6.824713127606179,56.07711614086184,5.255179562524062,54.57553528088342
