,training,testing
mae,0.04542983312317958,0.34472588767509543
