,training,testing
smape,4.934749114513046,55.5501379218058
