,training,testing
arv,2.3590092646939347,1.4777566244954747
