,training,testing
nrmse,0.24858829440369073,0.5039409356076805
