,training,testing
mse,0.002614070233376903,0.17561142196254562
