,training,testing
mape,4.824039275676946,105675.35485188871
