,training,testing
mape,32.359368919452066,71126.6878137728
