,training,testing
mse,0.09215306050946398,0.0592743286545529
