,training,testing
nrmse,1.4759679610358578,0.29277674634267437
