,training,testing
mae,0.3021292283845841,0.1983173947608027
