,training,testing
smape,38.63504174752657,41.66616503789467
