,training,testing
arv,1.0081016904159683,21.990067445911748
