,training,testing
smape,112.82436340483332,56.365154932758976
