,training,testing
mape,68.11466437307594,153.78665694545575
