,training,testing
rmse,0.19132686699210769,0.01294230529995182
