,training,testing
arv,1.9508415610854548,1.8532453897552248
