,training,testing
mse,0.03660597003301567,0.00016750326647716097
