,training,testing
mae,0.13832780171987166,0.010311496430993262
