,training,testing
nrmse,0.1940301250514082,0.42915718808104275
