,arima,lstm,mlp,rf,svr,xgboost
0,1.9511656081547828,1.1312061268900837,0.2432895283271464,1.0868929168028447,0.0020521301043092,1.037558647721206
