,arima,lstm,mlp,rf,svr,xgboost
0,1.8532453897552248,1.0030818321584598,0.443588562523421,0.9796312675730792,1.014052649023529,1.0006616800546009
