,training,validation,testing
rmse,0.019903832317290926,0.019938093813620952,0.031059425428287525
