,training,validation,testing
mse,0.0019867279536105306,2.9928219264019816e-06,1.104648459864217e-05
