,training,validation,testing
smape,3.775762584947266,3.803498574720691,23.3588535023501
