,training,validation,testing
mae,0.004260442506839785,0.017834532964584558,0.029792025988905266
