,training,testing
smape,142.1285037156084,55.496609246521245
