,training,validation,testing
arv,0.16635910538194235,0.031366596924075375,0.0020521301043092406
