,training,validation,testing
rmse,0.02222334676349567,0.034521743363938984,0.046157638297858294
