,training,validation,testing
mse,0.0003961625409148346,0.0003975275849207501,0.0009646879079353536
