,training,validation,testing
mape,2.2516279833868666,2.110975633036182,1.3511718647154556
