,training,validation,testing
mae,0.007526716736634961,0.0006057072558704005,0.00015652031766862258
