,training,validation,testing
nrmse,0.023312726506804285,1.0086808250661927,1.5305528498423273
