,training,validation,testing
nrmse,0.08526736008726415,0.4203519062140771,0.811596365833284
