,training,validation,testing
mape,2.7039333815676874,135.43892484810985,485.7300361297452
