,training,validation,testing
arv,0.143288839179235,0.03786529436644832,0.24328952832714648
