,training,validation,testing
smape,1.1865287741493964,49.96309814246366,98.02369704072215
