,training,validation,testing
mse,0.006606910484042025,0.00020696835683256122,0.0005990605017171741
