,training,testing
mape,81.99514319463943,149.75844241791344
