,training,testing
mse,0.04890361142347545,0.00015796389940206533
