,training,validation,testing
nrmse,0.02087951037206009,0.5825653909233981,1.0299073751773058
