,training,validation,testing
mae,0.012748046145456838,0.0010230752578986174,0.0022081941201555506
