,training,validation,testing
rmse,0.051239795512905514,0.0015871363427423717,0.000397707919671744
