,training,validation,testing
smape,16.520219552970126,38.46928621671437,86.75178542999097
