,training,validation,testing
mse,0.002625516644204372,2.519001770453631e-06,1.581715893696264e-07
