,training,validation,testing
arv,0.026995951843808565,1.2501362666833387,1.0868929168028447
