,training,validation,testing
smape,1.9248517766961075,2.0802601437881854,1.2823922934048408
