,training,validation,testing
arv,0.6947329345264983,1.383013813716505,1.1312061268900837
