,training,validation,testing
smape,2.6373885867739766,75.01255400391187,117.10395854298122
