,training,validation,testing
rmse,0.08128290400842003,0.014386394851823065,0.024475712486405257
