,training,validation,testing
nrmse,0.053751550194910694,0.04637407731158246,0.013187697904524186
