,training,validation,testing
mse,0.0004938771413705734,0.001191750764885665,0.002130527573235915
