,training,testing
nrmse,0.2319818844072408,0.41675773945955147
