,training,testing
mae,0.1821063871491568,0.009999469316318507
