,training,testing
rmse,0.2211416094349398,0.012568369003258351
