,training,validation,testing
rmse,0.0445727265669325,0.0017299774352291365,0.0033236252193414003
