,training,validation,testing
mape,14.816981414366515,54.81490605899278,274.95407918754796
