,training,validation,testing
arv,0.03421958611486534,1.0718409123441648,1.037558647721206
