,training,validation,testing
mape,3.877002875737179,3.8679733219816437,40.45718029229309
