,training,validation,testing
mae,0.00609275917231811,0.033344756828499196,0.045314506262610535
