,training,validation,testing
nrmse,0.046757664143742925,0.050547709839463766,0.11020893266774538
