,training,validation,testing
mape,1.2067908199993786,77.16992536467536,340.7021477650209
