,training,testing
arv,1.4746553472817603,1.9511656081547828
