,training,validation,testing
mae,0.03500952428457836,0.012303806659760321,0.023007256563800718
