,training,testing
nrmse,0.1177296305258299,4.029590949689609
