,training,testing
smape,60.49599329433071,156.7851599552221
