,training,testing
mae,0.08200046468242492,0.12132178427917191
