,training,testing
arv,20.863654683992678,1.0030818321584598
