,training,testing
mse,0.013476749464260692,0.014767685111629824
