,training,testing
mape,139.5154069551526,1182.1203224500982
