,training,testing
rmse,0.11608940289389334,0.12152236465618098
