,arima,lstm,mlp,rf,svr,xgboost
0,0.0099994693163185,0.0230072565638007,0.0022081941201555,0.0297920259889052,0.0001565203176686,0.0453145062626105
