,arima,lstm,mlp,rf,svr,xgboost
0,0.0103114964309932,0.1213217842791719,0.0055783674092575,0.0037035401807406,0.0975454229522481,0.3416214597976701
