,arima,lstm,mlp,rf,svr,xgboost
0,149.75844241791344,274.954079187548,40.45718029229309,340.7021477650209,1.3511718647154556,485.7300361297452
