,arima,lstm,mlp,rf,svr,xgboost
0,153.78665694545575,1182.1203224500982,66.37768931417109,72.04701168797332,999.9300910608788,3251.755255375317
