,training,testing
nrmse,0.03964617578086765,0.19698519132592174
