,training,testing
mape,9.861235163646034,66.37768931417109
