,training,testing
smape,9.227059467058119,39.26700626209219
