,training,testing
mae,0.0158907676283286,0.005578367409257538
