,training,testing
arv,0.09081104859703984,0.44358856252342105
