,training,testing
mse,0.0015283266884634512,3.529048734054705e-05
