,arima,lstm,mlp,rf,svr,xgboost
0,0.0001675032664771,0.0147676851116298,3.529048734054705e-05,3.513280820835665e-05,0.0096604735996148,0.1167824433118202
