,arima,lstm,mlp,rf,svr,xgboost
0,0.000157963899402,0.0005990605017171,1.104648459864217e-05,0.0009646879079353,1.581715893696264e-07,0.0021305275732359
