,arima,lstm,mlp,rf,svr,xgboost
0,0.4167577394595514,0.811596365833284,0.1102089326677453,1.0299073751773058,0.0131876979045241,1.530552849842327
