,arima,lstm,mlp,rf,svr,xgboost
0,0.4291571880810427,4.029590949689609,0.1969851913259217,0.1965446303009731,3.25914707869063,11.33165984587245
