,training,testing
arv,0.01230912532858104,0.9796312675730793
