,training,testing
mse,0.00021172197727504767,3.513280820835665e-05
