,training,testing
mape,1.029087738432045,72.04701168797332
