,training,testing
mae,0.002764203686386556,0.003703540180740608
