,training,testing
nrmse,0.014756255770869819,0.19654463030097316
