,training,testing
smape,1.0088937835765848,31.672952323474618
