,arima,lstm,mlp,rf,svr,xgboost
0,0.0125683690032583,0.0244757124864052,0.0033236252193414,0.0310594254282875,0.0003977079196717,0.0461576382978582
