,arima,lstm,mlp,rf,svr,xgboost
0,0.0129423052999518,0.1215223646561809,0.0059405797141816,0.0059272934977404,0.0982877082834616,0.3417344631608293
