,arima,lstm,mlp,rf,svr,xgboost
0,56.365154932758976,156.7851599552221,39.26700626209219,31.672952323474615,148.44887479724417,181.72747585592091
