,arima,lstm,mlp,rf,svr,xgboost
0,55.496609246521245,86.75178542999097,23.3588535023501,98.02369704072215,1.2823922934048408,117.10395854298122
