,training,testing
smape,59.92331770129271,148.44887479724417
