,training,testing
mse,0.007479491337711826,0.009660473599614864
