,training,testing
nrmse,0.08770598602451941,3.25914707869063
