,training,testing
mape,120.5451369925306,999.9300910608788
