,training,testing
mae,0.08445443687162714,0.0975454229522481
