,training,testing
arv,0.34512745659412586,1.0140526490235293
