,training,testing
nrmse,0.25788104963507597,11.33165984587245
