,training,testing
arv,1.135301293664831,1.0006616800546009
