,training,testing
mae,0.24388381399702821,0.3416214597976701
