,training,testing
mse,0.06466249400165522,0.11678244331182021
