,training,testing
smape,100.25082941394983,181.72747585592094
