,training,testing
mape,439.2201623949794,3251.755255375317
