,arima,lstm,mlp,rf,svr,xgboost
0,8.361877346265686,2.619078760421852,0.9389926753630204,1.3689516929874834,1.0668393838992118,1.5550074502151858
