,arima,lstm,mlp,rf,svr,xgboost
0,0.0472857543118132,0.0437688863355462,0.0396878282871663,0.0385266182738561,0.040056398233039,0.0397377560388345
