,arima,lstm,mlp,rf,svr,xgboost
0,51.62780736663005,54.424447710007925,47.95308742718789,45.98241835040787,50.31154810126485,49.66820889816629
