,training,validation,testing
mae,0.035849419168314314,0.04694193626089803,0.03852661827385617
