,training,validation,testing
arv,0.3086618470117052,1.2737855962303732,1.5550074502151858
