,training,validation,testing
rmse,0.05912121710573644,0.07607573470281076,0.05371717246015164
