,training,validation,testing
smape,28.648116190077776,40.45086941197519,33.470725076812855
