,training,validation,testing
mape,28475.002707919306,56.54840700954578,49.66820889816629
