,training,validation,testing
arv,0.3393350265817509,0.7173853186193792,0.9389926753630203
