,training,validation,testing
nrmse,0.05912121710573644,0.178212268444126,0.1479067590762343
