,training,validation,testing
mape,23662.14708353865,59.28983625484506,54.424447710007925
