,training,validation,testing
mae,0.04276788079092927,0.05643489330572537,0.03973775603883451
