,training,validation,testing
mae,0.0469932449892421,0.048929192496422344,0.04005639823303901
