,training,validation,testing
mape,24054.382021793037,46.92591811343467,50.31154810126485
