,training,validation,testing
rmse,0.05526833060075252,0.06680724947177313,0.05090493324125513
