,training,validation,testing
smape,32.95648676216039,46.4733792478533,34.566471247989426
