,training,validation,testing
nrmse,0.06856459264314808,0.15612929926116645,0.14637374762725774
