,training,validation,testing
nrmse,0.0711809353308553,0.16377109797199038,0.14596840410816164
