,training,validation,testing
mse,0.003054588367394078,0.004463208581983732,0.0025913122282966417
