,training,testing
mape,25360.771180221313,51.62780736663005
