,training,validation,testing
rmse,0.0711809353308553,0.06991104883001577,0.053013195517114954
