,training,validation,testing
smape,24.09468386878312,34.265588208899274,32.31498905650771
