,training,testing
smape,75.9413551290625,38.12384771236799
