,training,validation,testing
nrmse,0.05526833060075252,0.156500249697062,0.140163440327977
