,training,validation,testing
mse,0.005066725554575405,0.0048875547485128495,0.002810398898935857
