,training,validation,testing
mse,0.004701103364320837,0.004442075490957864,0.002826029112776438
