,training,validation,testing
arv,0.34838813245235495,0.9549242191357885,1.0668393838992118
