,training,testing
mse,0.032468012996764745,0.004614725292429741
