,training,validation,testing
mape,21654.552605082947,44.107851076355615,47.95308742718789
