,training,validation,testing
nrmse,0.0772235385638788,0.22372900247410535,0.16377184327426933
