,training,testing
mae,0.14143123144800474,0.047285754311813255
