,training,validation,testing
smape,28.688533299544865,35.386316407100054,32.638835119866584
