,training,validation,testing
mape,16660.084150986695,40.69169749663464,45.98241835040787
