,training,validation,testing
rmse,0.06856459264314808,0.06664889714734869,0.053160409260806465
