,training,validation,testing
smape,30.288617192260524,33.58815505134138,31.868672489101446
