,training,validation,testing
rmse,0.0772235385638788,0.09550604111680917,0.05947909618347126
