,training,testing
nrmse,0.1801888259486829,0.1870457320927263
