,training,validation,testing
arv,0.5795692623214631,4.146029601781569,2.6190787604218517
