,training,testing
rmse,0.1801888259486829,0.06793176938980569
