,training,testing
arv,2.328940257548201,8.361877346265686
