,training,validation,testing
arv,0.22485267083554136,1.5398112552655552,1.3689516929874834
