,training,validation,testing
mse,0.005963474908326877,0.009121403889805644,0.0035377628828026256
