,training,validation,testing
mse,0.003495318312063623,0.005787517410572445,0.0028855346171136735
