,training,validation,testing
mae,0.04709834027200722,0.045518681756701165,0.03968782828716636
