,training,validation,testing
mae,0.05482533222959162,0.06806951015099469,0.04376888633554627
