,arima,lstm,mlp,rf,svr,xgboost
0,0.0046147252924297,0.0035377628828026,0.0028260291127764,0.0025913122282966,0.0028103988989358,0.0028855346171136
