,arima,lstm,mlp,rf,svr,xgboost
0,0.1870457320927263,0.1637718432742693,0.1463737476272577,0.140163440327977,0.1459684041081616,0.1479067590762343
