,arima,lstm,mlp,rf,svr,xgboost
0,0.0679317693898056,0.0594790961834712,0.0531604092608064,0.0509049332412551,0.0530131955171149,0.0537171724601516
