,arima,lstm,mlp,rf,svr,xgboost
0,38.12384771236799,34.566471247989426,31.86867248910145,32.31498905650771,32.638835119866584,33.470725076812855
