,training,testing
rmse,0.07846021500746087,0.07014023346011306
