,training,testing
rmse,0.08658440512800343,0.09775440718065213
