,training,testing
rmse,0.5514548728129846,0.15069239145522997
