,training,testing
rmse,0.20207248299195826,0.18700427243692774
