,arima,lstm,mlp,rf,svr,xgboost
frontend,0.1506923914552299,0.1870042724369277,0.0189486231467835,0.20581273067657,0.4374600365569416,0.2893554734334515
