,arima,lstm,mlp,rf,svr,xgboost
0,12.876515927603748,20.262340165336227,0.7478064523611718,0.73197178149062,0.7071593474297213,0.7589813314857592
