,arima,lstm,mlp,rf,svr,xgboost
0,0.06936328848383,0.0648053630356597,0.0507706834478273,0.0480254591222816,0.0505874273453481,0.0466003022601926
