,arima,lstm,mlp,rf,svr,xgboost
0,17.325800707738196,15.698161459093976,11.038674574810711,10.508795211723738,11.030283724122542,10.243291254639573
