,training,testing
mae,0.1228982938936291,0.06936328848383
