,training,validation,testing
arv,3.5650216612942924,12.174347472385564,20.262340165336227
