,training,validation,testing
mse,0.0017734114695628106,0.009257793036566143,0.0037368241999885927
