,training,validation,testing
nrmse,0.056304990174333734,0.10978389750798807,0.11553887305181605
