,training,validation,testing
nrmse,0.055553588391442484,0.1077417792052543,0.11701726900793229
