,training,validation,testing
mape,7.562985222098333,87987.87133191884,11.038674574810713
