,training,validation,testing
arv,0.10041044687707786,3.46096312458173,0.7589813314857592
