,training,validation,testing
mape,20.765505937178236,395602.1715500883,15.698161459093976
