,training,validation,testing
rmse,0.11691660582850268,0.14319566596368338,0.08767580819542205
