,training,testing
mse,0.023779203662120538,0.008677601913891112
