,training,validation,testing
mae,0.027863388953397367,0.05916444552963208,0.04802545912228165
