,training,validation,testing
mae,0.034203479203713895,0.05318432596373454,0.05077068344782736
