,training,validation,testing
smape,7.520588287190706,18.714872323076367,10.85450360768449
