,training,validation,testing
mae,0.029764279892589944,0.07103215723943498,0.04660030226019266
