,training,validation,testing
arv,0.09019962168005069,1.061258665392099,0.73197178149062
