,training,testing
arv,15.072901130832367,12.876515927603748
