,training,validation,testing
nrmse,0.04856053404124894,0.13123820262410094,0.1076880668764279
