,training,validation,testing
mse,0.013669492718457465,0.020504998750782794,0.007687047342720437
