,training,testing
smape,25.862084690970082,14.827430699177361
