,training,validation,testing
nrmse,0.1348201781700337,0.1953153668294541,0.15445288521740935
