,training,validation,testing
mape,7.211933296983741,302328.8103222555,10.243291254639573
