,training,validation,testing
mse,0.002320955629229783,0.006239577825549628,0.004412324261819227
