,training,validation,testing
rmse,0.042211682909953314,0.12088349492196983,0.05940240375228857
