,training,validation,testing
rmse,0.04882791605636289,0.0804881795576896,0.06558611099136935
