,training,validation,testing
nrmse,0.04867560574863598,0.16488211424149493,0.10464542999068123
