,training,validation,testing
mae,0.032390192606815846,0.05395594603033963,0.05058742734534812
