,training,testing
nrmse,0.1778186672967793,0.16410284449464776
