,training,validation,testing
smape,7.123061135586919,19.05443940676569,10.893075425828492
