,training,validation,testing
smape,6.182965509041182,19.098936890043746,10.350365527082833
