,training,testing
mape,31.016472387603518,17.325800707738196
