,training,validation,testing
mse,0.0023841653864072215,0.006478347048510882,0.0043015379549722205
