,training,validation,testing
rmse,0.04817629737982967,0.07899099838304127,0.06642532846602436
