,training,validation,testing
arv,0.11605702791055703,0.4162074833425995,0.7071593474297213
