,training,validation,testing
arv,0.11556193954598973,0.44480077671930857,0.7478064523611718
