,training,validation,testing
smape,17.950796704221922,21.53903663943701,13.994618430931228
