,training,validation,testing
mae,0.08246079219315801,0.08229242157634187,0.06480536303565974
