,training,validation,testing
mse,0.0017818261740904446,0.014612819344549907,0.003528645571549907
