,training,validation,testing
mape,6.328171222753401,181231.58906583968,10.508795211723738
