,training,validation,testing
smape,6.792640306289817,20.083355048610997,10.072631145590618
