,training,validation,testing
mape,7.079152105690353,44047.64797931191,11.030283724122542
