,training,testing
rmse,0.1542050701569846,0.09315364680940362
