,training,validation,testing
rmse,0.04211189225815922,0.09621742584670483,0.06112956894980197
