,arima,lstm,mlp,rf,svr,xgboost
0,0.0086776019138911,0.0076870473427204,0.0044123242618192,0.0037368241999885,0.0043015379549722,0.0035286455715499
