,arima,lstm,mlp,rf,svr,xgboost
0,0.1641028444946477,0.1544528852174093,0.1170172690079322,0.1076880668764279,0.115538873051816,0.1046454299906812
