,arima,lstm,mlp,rf,svr,xgboost
0,0.0931536468094036,0.087675808195422,0.0664253284660243,0.0611295689498019,0.0655861109913693,0.0594024037522885
