,arima,lstm,mlp,rf,svr,xgboost
0,14.82743069917736,13.994618430931228,10.85450360768449,10.350365527082833,10.893075425828492,10.072631145590618
