,training,testing
rmse,0.05614490328817913,0.01296068032711872
