,training,testing
rmse,0.012505100975463092,0.0061341562048290894
