,training,testing
rmse,0.002856182265010128,0.0030046853601276937
