,arima,lstm,mlp,rf,svr,xgboost
frontend,0.0129606803271187,0.0204215927335871,0.006134156204829,0.0030046853601276,0.0367642977097464,0.2290265949227809
