,training,testing
rmse,0.05807603227334654,0.03676429770974648
