,training,testing
rmse,0.24276644343303527,0.22902659492278096
