,arima,lstm,mlp,rf,svr,xgboost
0,1.1333575509016791,1.1233097530310612,0.4159715486888989,1.15847653761449,0.3075370605300104,1.0641990790225564
