,arima,lstm,mlp,rf,svr,xgboost
0,0.1402683079283583,0.135566423120006,0.0242048590037709,0.1287310934659913,0.0200107892498619,0.2086664571446952
