,arima,lstm,mlp,rf,svr,xgboost
0,180794.25707074068,173260.42100261358,19790.205038129552,172335.65044003312,29793.68277097095,232144.124188211
