,training,validation,testing
mae,0.034251502537711837,0.04354605737043923,0.13556642312000602
