,training,validation,testing
arv,0.010560682259929404,0.020022704911792255,0.4159715486888989
