,training,validation,testing
mape,2.49466570007097,5.6393995524262035,232144.124188211
