,training,validation,testing
mape,2.806721925493315,4.3512115404962115,19790.205038129552
