,training,validation,testing
arv,0.004089294137555267,0.021028738134742264,1.15847653761449
