,training,testing
smape,88.53971893683055,85.84183697514088
