,training,validation,testing
smape,2.80021186120365,4.292253069965699,28.777242455122696
