,training,validation,testing
rmse,0.021022438596481688,0.03040502535258908,0.025890578063659644
