,training,testing
mape,58.668978359017665,180794.25707074068
