,training,validation,testing
nrmse,0.01767196468555007,0.04151681848168709,0.6797707299870137
