,training,validation,testing
rmse,0.014099977066764635,0.031298189341879695,0.13855670523787084
