,training,validation,testing
mse,0.0003817318276716772,0.0011485301374495316,0.046375057407264005
