,training,validation,testing
mse,0.0005119302686994513,0.0009400918239621562,0.0010290572388457788
