,training,testing
nrmse,0.6393992543615314,0.7326186051667423
