,training,validation,testing
nrmse,0.02634811324316678,0.04033204300433575,0.12702133122973017
