,training,validation,testing
arv,0.008132279605116728,0.02612286330780289,1.0641990790225564
