,training,validation,testing
mse,0.00019880935328328862,0.0009795766560801518,0.019197960566374225
