,training,validation,testing
mae,0.017026808339473495,0.022994988995015505,0.024204859003770927
