,training,validation,testing
nrmse,0.024487565718198115,0.044954797891569774,1.0565185897488494
