,training,testing
mae,0.46102895835362556,0.14026830792835837
