,training,validation,testing
arv,0.009118556608158825,0.019691334611392615,0.30753706053001045
