,training,validation,testing
mape,2.558134714603584,4.139061393339381,29793.68277097095
