,training,validation,testing
smape,1.6909367035089224,4.567331090120622,82.12518944167155
