,training,testing
arv,1.232154212011823,1.1333575509016791
