,training,validation,testing
rmse,0.01953795863624645,0.03388997104527432,0.2153486879627178
