,training,validation,testing
arv,0.04780428738283614,0.07300338925084247,1.1233097530310612
