,training,validation,testing
mse,0.00044194292454284296,0.0009244655666915849,0.0006703220324704541
