,training,validation,testing
rmse,0.02262587608689333,0.03066091688065046,0.032078922033724554
