,training,validation,testing
mape,1.6955952595555663,4.722897414691317,172335.65044003312
