,training,validation,testing
smape,2.5546988184538133,4.072689429864766,25.994334999255177
