,training,validation,testing
mape,6.1194316089106495,9.656114505388897,173260.42100261358
