,training,validation,testing
mse,0.0021359948917730608,0.0028485811633736815,0.02066984570521584
