,training,validation,testing
nrmse,0.05792506550451866,0.0707977002856767,0.7053481477993895
