,training,testing
rmse,0.5101591692504776,0.14932861279538706
