,training,validation,testing
mae,0.010087781967943835,0.0233095163302044,0.12873109346599138
