,training,validation,testing
nrmse,0.02835775415051497,0.04067148123846102,0.15738186189275274
