,training,validation,testing
mae,0.014212464637607235,0.0249023610367255,0.20866645714469523
