,training,validation,testing
smape,6.061613236472924,8.965624229733269,84.61051366958088
