,training,validation,testing
smape,2.456113556696776,5.278298603645378,103.65162734979843
