,training,validation,testing
rmse,0.046216824769482606,0.05337210098331976,0.14377011408918003
