,training,validation,testing
mae,0.015429527613503018,0.022175455781234792,0.020010789249861983
