,training,testing
mse,0.26026237797033736,0.022299034599394633
