,arima,lstm,mlp,rf,svr,xgboost
0,0.0222990345993946,0.0206698457052158,0.0010290572388457,0.0191979605663742,0.0006703220324704,0.046375057407264
