,arima,lstm,mlp,rf,svr,xgboost
0,0.7326186051667423,0.7053481477993895,0.1573818618927527,0.6797707299870137,0.1270213312297301,1.0565185897488494
