,arima,lstm,mlp,rf,svr,xgboost
0,0.149328612795387,0.14377011408918,0.0320789220337245,0.1385567052378708,0.0258905780636596,0.2153486879627178
