,arima,lstm,mlp,rf,svr,xgboost
0,85.84183697514088,84.61051366958088,28.777242455122696,82.12518944167155,25.994334999255177,103.65162734979845
