,training,testing
mse,0.003152250165238988,0.00016797923454176222
