,training,testing
mae,0.047230408429543715,0.010742496462802615
