,training,testing
arv,4.696580026581895,6.9353421441546015
