,training,testing
mape,5.764295774726095,1.3020320766379225
