,training,testing
nrmse,0.07960491458170785,0.1954396683136196
