,training,testing
smape,5.718540272148357,1.2986459799740935
