,arima,lstm,mlp,rf,svr,xgboost
0,6.9353421441546015,1.1097663804469855,0.3613738600049679,0.0584740898590008,1.0846928625112418,1.0006823035414478
