,arima,lstm,mlp,rf,svr,xgboost
0,1.097146060628246,0.5374511338330117,0.0801239280260183,0.0532272250180359,0.0454146142637195,0.0577845493413947
