,training,validation,testing
arv,0.054196987373582535,0.02774452295832889,0.05322722501803599
