,training,validation,testing
smape,0.4069337761410347,0.10840614138894825,0.21242333598076735
