,training,testing
mae,0.11384865309632221,0.023998793034155592
