,training,testing
mse,0.019389905289643777,0.0009628562880377932
