,training,validation,testing
nrmse,0.019060594206530262,0.030130925959287704,0.04550600104245246
