,training,validation,testing
mape,0.3626160499785332,0.2295037794560596,0.1683022439540051
