,training,validation,testing
arv,0.034078480942588786,0.012281068336857992,0.08012392802601832
