,training,validation,testing
mae,0.008314178771839126,0.0025867822650174352,0.0055275838813623294
