,training,validation,testing
mae,0.0031939826831161714,0.0009252080912991896,0.0017671191326500532
