,training,validation,testing
mse,0.0008651436389088012,1.3192769783463408e-05,6.002720999024523e-05
