,training,testing
arv,1.484824113320918,1.097146060628246
