,training,validation,testing
smape,0.42198847701262604,0.16397655392489788,0.19057454993984727
