,training,validation,testing
mse,6.509299149406605e-05,1.5182360518582442e-06,6.869474148661596e-06
