,training,validation,testing
mae,0.0018609973344301254,0.00051920300357499,0.0009180917782577254
