,training,validation,testing
arv,0.023367143054154868,0.007029834875723747,0.04541461426371953
