,training,validation,testing
mse,0.00018072314918354444,3.565562861008976e-06,9.106835858937468e-06
