,training,validation,testing
rmse,0.013443331030051459,0.001888269806200633,0.003017753445683969
