,training,validation,testing
mae,0.0023089610366688364,0.001944853573921336,0.0013997026668043646
