,training,validation,testing
mape,0.40508391644645025,0.10838108815107543,0.21224586847517843
