,training,validation,testing
rmse,0.011617007723147575,0.0025482951869099726,0.002865256946844266
