,training,validation,testing
rmse,0.009455516002490026,0.0015819333331358217,0.003400588006717683
