,training,validation,testing
nrmse,0.011439226469615519,0.019661564823921455,0.039522705359263145
