,training,validation,testing
mae,0.0030930675068730237,0.0013898876028148037,0.0015801683260187578
