,training,validation,testing
nrmse,0.04170361014501079,0.057958404495552215,0.11683124293756743
