,training,validation,testing
mape,0.23381225584896176,0.06091526800261416,0.11005972602639326
