,training,validation,testing
smape,0.2393209532704151,0.060931353313798765,0.11028644264634278
