,training,validation,testing
rmse,0.02941332417304785,0.0036321852628222874,0.0077477228906463365
