,training,validation,testing
arv,0.3262144612126363,0.07211045686324137,0.5374511338330117
