,training,validation,testing
mse,8.940678287334496e-05,2.5025130704862104e-06,1.1563998791432144e-05
