,training,testing
rmse,0.13924764015825825,0.03102992568534113
