,training,validation,testing
mape,1.0595477153020907,0.30416826408020664,0.6656555117680072
