,training,testing
mape,13.421721412988708,2.891276875706369
