,training,testing
smape,14.54644131012866,2.962248462310645
