,training,validation,testing
nrmse,0.013406480368141741,0.025242746548572476,0.0512789279057796
