,training,testing
nrmse,0.19743192794556574,0.46791358406164213
