,training,validation,testing
arv,0.08188955197454292,0.016324629511882027,0.05778454934139471
