,training,validation,testing
smape,0.34068674852066927,0.2297477192864088,0.16849787895145144
