,training,validation,testing
mape,0.4499106661057835,0.16390448615489422,0.19030983574555738
