,training,validation,testing
nrmse,0.016471146147488448,0.04066288268077898,0.04320644080332993
