,training,validation,testing
rmse,0.00806802277476124,0.001232167217490485,0.002620968170096996
