,training,validation,testing
smape,1.093402009492273,0.3037476963811686,0.6657994792342784
