,training,validation,testing
mse,0.00013495486843967042,6.493808359628531e-06,8.209697371439325e-06
