,training,testing
mse,0.0007285854649277856,0.00041704144977650125
