,training,testing
nrmse,0.038270998573999314,0.30794597270769847
