,training,testing
smape,2.387613849938436,2.3178545554489745
