,training,testing
arv,1.293659266969483,1.1097663804469857
