,training,testing
rmse,0.02699232233298546,0.020421592733587193
