,training,testing
mape,2.450639526648027,2.348077471731178
