,training,testing
mae,0.01946114847505705,0.01928534370197387
