,arima,lstm,mlp,rf,svr,xgboost
0,0.0239987930341555,0.0055275838813623,0.00176711913265,0.0013997026668043,0.0009180917782577,0.0015801683260187
