,arima,lstm,mlp,rf,svr,xgboost
0,0.0107424964628026,0.0192853437019738,0.004903238222241,0.0016592128858147,0.0352249620391697,0.228877001948546
