,arima,lstm,mlp,rf,svr,xgboost
0,1.3020320766379223,2.348077471731178,0.5925061387242601,0.1997719348381052,4.24998886896809,27.72200920090175
