,arima,lstm,mlp,rf,svr,xgboost
0,2.891276875706369,0.6656555117680072,0.2122458684751784,0.1683022439540051,0.1100597260263932,0.1903098357455573
