,training,testing
arv,0.09176058883698009,0.36137386000496796
