,training,testing
mse,0.000156377550406528,3.762787234524322e-05
