,training,testing
smape,0.733377924129656,0.5918645816197498
