,training,testing
mape,0.7356124486697492,0.5925061387242601
