,training,testing
mae,0.0058987563341317524,0.004903238222241023
