,training,testing
nrmse,0.017730327005424887,0.09249957747567146
