,arima,lstm,mlp,rf,svr,xgboost
0,0.0001679792345417,0.0004170414497765,3.762787234524322e-05,9.028134113365687e-06,0.0013516135860908,0.0524531811819236
