,arima,lstm,mlp,rf,svr,xgboost
0,0.0009628562880377,6.002720999024523e-05,1.1563998791432144e-05,8.209697371439325e-06,6.869474148661596e-06,9.106835858937468e-06
