,arima,lstm,mlp,rf,svr,xgboost
0,0.1954396683136196,0.3079459727076984,0.0924995774756714,0.0453089417645325,0.5543846440793555,3.453590445638033
