,arima,lstm,mlp,rf,svr,xgboost
0,0.4679135840616421,0.1168312429375674,0.0512789279057796,0.0432064408033299,0.0395227053592631,0.0455060010424524
