,training,testing
arv,0.003915598277801352,0.05847408985900082
