,training,testing
mse,8.157777130958385e-06,9.028134113365689e-06
