,training,testing
mae,0.0006664391772665682,0.0016592128858147928
