,training,testing
mape,0.08554429845920847,0.1997719348381052
