,training,testing
nrmse,0.004049631078156835,0.04530894176453258
