,training,testing
smape,0.08566160805902409,0.19993587495739665
