,arima,lstm,mlp,rf,svr,xgboost
0,0.0310299256853411,0.0077477228906463,0.0034005880067176,0.0028652569468442,0.0026209681700969,0.0030177534456839
