,arima,lstm,mlp,rf,svr,xgboost
0,1.2986459799740937,2.3178545554489745,0.5918645816197498,0.1999358749573966,4.349911717742572,32.18606179939438
