,arima,lstm,mlp,rf,svr,xgboost
0,2.962248462310645,0.6657994792342784,0.2124233359807673,0.1684978789514514,0.1102864426463427,0.1905745499398472
