,training,testing
nrmse,0.08234296111678627,0.5543846440793555
