,training,testing
mse,0.0033728255246147885,0.0013516135860908703
