,training,testing
mape,5.9532289975403545,4.24998886896809
