,training,testing
mae,0.05101284069765402,0.03522496203916976
