,training,testing
arv,1.2130818315884933,1.0846928625112418
