,training,testing
smape,6.169146390944173,4.349911717742572
