,training,testing
smape,33.21242239724243,32.18606179939438
