,training,testing
nrmse,0.34420581140907575,3.453590445638033
