,training,testing
arv,1.016032817021696,1.0006823035414478
