,training,testing
mse,0.05893554605712511,0.0524531811819236
