,training,testing
mape,28.473765497104786,27.72200920090175
