,training,testing
mae,0.24093531569462368,0.228877001948546
