,arima,lstm,mlp,rf,svr,xgboost
0,12.876515927603748,20.404888900530175,0.6941876218927332,0.7614663483137347,0.7611313948253039,0.8963441208728197
