,arima,lstm,mlp,rf,svr,xgboost
0,0.06936328848383,0.0665588016163555,0.0507064929825785,0.0488573967175989,0.0491867016149829,0.0490094205015309
