,arima,lstm,mlp,rf,svr,xgboost
0,17.325800707738196,16.174731045445217,10.970968047823533,10.610915159111046,10.710387927562582,10.724607183098588
