,training,validation,testing
mae,0.024350998010718463,0.060100008109702625,0.04885739671759897
