,training,validation,testing
nrmse,0.13953317698821954,0.19708909526936758,0.15796808033391382
