,training,validation,testing
rmse,0.03733439592203091,0.09687912153458468,0.06173321925745302
