,training,validation,testing
arv,0.1328327722620092,0.40246080020975417,0.7611313948253039
