,training,validation,testing
mse,0.001779249761593852,0.01588560804309985,0.0037861848757690946
