,training,validation,testing
nrmse,0.05663960895541357,0.10950316158179957,0.11437191145700387
