,training,validation,testing
mape,7.333170016830727,331209.302061356,10.724607183098588
