,training,validation,testing
mse,0.0027340293345630633,0.00664273753741236,0.0040829481146555414
