,training,validation,testing
smape,5.404380312619296,19.261462565542846,10.511641162027164
