,training,validation,testing
mae,0.029999851846233466,0.07275683082440283,0.04900942050153091
