,training,validation,testing
arv,0.11620877297448717,0.3965413920956873,0.6941876218927332
