,training,validation,testing
mape,5.487357863837309,182901.87879923778,10.610915159111046
