,training,testing
arv,18.85337354772195,12.876515927603748
