,training,validation,testing
rmse,0.1210037375366442,0.14449607682901952,0.08967122299372969
