,training,validation,testing
mae,0.03457003990519673,0.05181895735970564,0.04918670161498296
