,training,testing
mape,30.918788100294524,17.325800707738196
