,training,validation,testing
mape,21.70643145996359,399686.1452645648,16.174731045445217
