,training,testing
mae,0.12285871773633544,0.06936328848383
