,training,testing
nrmse,0.1790316045121141,0.16410284449464776
