,training,validation,testing
mse,0.002412587631862442,0.0064452569609335444,0.004215084289405303
