,training,validation,testing
rmse,0.0491180988217423,0.08028235771907515,0.06492368049799166
