,training,validation,testing
smape,7.614636097158437,18.520996176285905,10.789552990167747
