,training,validation,testing
mae,0.08593988324753668,0.0827625473799284,0.06655880161635551
