,training,testing
mse,0.024104715627800817,0.008677601913891112
