,training,validation,testing
nrmse,0.06029485883949166,0.11116807532057288,0.11256494877568349
