,training,validation,testing
arv,3.654011261191925,12.932454464081896,20.404888900530178
