,training,validation,testing
mape,7.684100113689074,66767.59523129702,10.970968047823531
