,training,validation,testing
nrmse,0.0430514542772649,0.132140739269592,0.10875147916310186
