,training,validation,testing
nrmse,0.04864040203269383,0.17191289797625983,0.10839697326601479
