,training,validation,testing
mse,0.001393857118862958,0.00938556418931283,0.003810990359888769
