,training,validation,testing
arv,0.0675555407754271,1.1762796418231094,0.7614663483137347
