,training,validation,testing
smape,7.491402493760167,19.16329110687101,10.598565402046347
