,training,validation,testing
mse,0.014641904497837076,0.020879116218977915,0.008040928233191197
