,training,validation,testing
mae,0.034759940223819515,0.05324088050251097,0.050706492982578594
