,training,testing
smape,25.767685203985224,14.827430699177361
