,training,validation,testing
arv,0.09730092073035967,3.4338807964134563,0.8963441208728197
