,training,validation,testing
rmse,0.042181154104574375,0.12603812138833176,0.06153198254378851
