,training,validation,testing
rmse,0.052287946360160896,0.08150299097218679,0.06389795078604275
