,training,validation,testing
smape,18.619116987466445,21.54010562991677,14.327974494259992
