,training,validation,testing
mape,7.500116248002834,10096.663123332015,10.710387927562582
