,training,validation,testing
smape,6.864869517458208,20.129974790193074,10.492352038677296
