,training,testing
rmse,0.15525693423419393,0.09315364680940362
