,arima,lstm,mlp,rf,svr,xgboost
0,0.0086776019138911,0.0080409282331911,0.0042150842894053,0.0038109903598887,0.0040829481146555,0.003786184875769
