,arima,lstm,mlp,rf,svr,xgboost
0,0.1641028444946477,0.1579680803339138,0.1143719114570038,0.1087514791631018,0.1125649487756834,0.1083969732660147
