,arima,lstm,mlp,rf,svr,xgboost
0,0.0931536468094036,0.0896712229937296,0.0649236804979916,0.061733219257453,0.0638979507860427,0.0615319825437885
