,arima,lstm,mlp,rf,svr,xgboost
0,14.82743069917736,14.327974494259992,10.789552990167747,10.511641162027164,10.598565402046347,10.492352038677296
