,arima,lstm,mlp,rf,svr,xgboost
0,1.323459429676603,0.7278457346250795,0.0765838479358087,1.0340233539782124,0.0592399025279077,1.237220399067346
