,arima,lstm,mlp,rf,svr,xgboost
0,0.0107534079489581,0.0061156008172374,0.0011075836656793,0.0330779466673277,0.0013042770345634,0.0125271156933271
