,arima,lstm,mlp,rf,svr,xgboost
0,1.2652394294903897,0.7210089945095566,0.1306025161219492,3.9027452047723608,0.1540622578542214,1.4748031634549434
