,training,validation,testing
rmse,0.034034164593006656,0.001211866906572327,0.0014711732531047233
