,training,validation,testing
nrmse,0.059140681994757104,0.09340302869470926,0.2548360929470204
