,training,validation,testing
smape,2.7635832617451803,0.21975579345815252,0.723912105199919
