,training,validation,testing
mae,0.005103325494934002,0.0008629996757213102,0.001107583665679304
