,training,validation,testing
mae,0.0022239524191848443,0.0009434449909579263,0.0013042770345634653
