,training,testing
mae,0.07586646039670164,0.010753407948958177
