,training,validation,testing
mape,40903.68380714556,1.4750216373841472,3.9027452047723608
