,training,validation,testing
mse,0.00014492690194993396,0.00019189976600159648,0.0011313772273895163
