,training,validation,testing
smape,0.7494091615237586,0.10446970293466497,0.13075607710048995
