,training,validation,testing
mse,0.0008839303383297238,8.230180724205433e-05,0.0001941552992569421
