,training,validation,testing
smape,0.31403576677692835,1.4890660331753764,3.9829619983907794
