,training,validation,testing
mse,0.0011583243595438678,1.4686213992451813e-06,2.1643507406507343e-06
