,training,validation,testing
mse,0.0012665176831112867,1.6158838670694833e-06,2.571383765464108e-06
