,training,validation,testing
smape,0.3688217925754507,0.11415963652492399,0.15401361444326303
