,training,testing
mse,0.008556104243157881,0.00015303789102481626
