,training,validation,testing
rmse,0.05914068199475712,0.0023674328882763887,0.006459589602988252
