,training,testing
rmse,0.09249921212182231,0.012370848435932608
