,training,validation,testing
smape,0.9960078634959288,0.9043956923188469,1.4883349072685765
