,training,validation,testing
mae,0.021406275041015256,0.001818197776341905,0.006115600817237481
