,training,validation,testing
mape,116566.98610726635,0.11414665592410905,0.1540622578542214
