,training,validation,testing
mse,0.0034976202668049886,5.604738480492683e-06,4.1726297839033926e-05
