,training,validation,testing
rmse,0.012038558964840183,0.013852789105504944,0.0336359514119865
