,training,validation,testing
arv,0.17250548910075286,0.9515221245944382,1.237220399067346
