,training,validation,testing
arv,0.21304354153225624,0.03913900254728842,0.07658384793580877
