,training,testing
nrmse,0.0924992121218223,0.48804008855213304
