,training,validation,testing
mae,0.007407138147968402,0.00748103720549361,0.012527115693327172
