,training,validation,testing
rmse,0.029730965983797496,0.00907203434969546,0.013933962080361137
