,training,testing
smape,9.356745803646467,1.2758853633293175
