,training,validation,testing
rmse,0.035588167740293775,0.001271174207994122,0.0016035534806996953
