,training,validation,testing
arv,0.7990450314486764,0.21819065053520714,0.7278457346250795
