,training,validation,testing
nrmse,0.01203855896484018,0.5465381784339634,1.3269657930623249
