,training,testing
mape,98212.6969185902,1.2652394294903895
