,training,validation,testing
nrmse,0.02973096598379749,0.35792164959781014,0.5497062002497045
