,training,validation,testing
arv,0.02163493972609242,1.2828769951041248,1.0340233539782124
