,training,testing
arv,6.1855422775562605,1.3234594296766027
