,training,validation,testing
arv,0.17839472613809879,0.032953174988339815,0.05923990252790774
