,training,validation,testing
mape,113504.07050320003,0.2194311733753207,0.7210089945095566
