,training,validation,testing
mae,0.0009861519793093855,0.012228473704007939,0.03307794666732774
