,training,validation,testing
mape,115270.27136223408,0.10440876256913904,0.13060251612194929
