,training,validation,testing
nrmse,0.03403416459300665,0.04781214285282366,0.05803898806449415
