,training,validation,testing
nrmse,0.03558816774029377,0.05015201132552141,0.06326149631302651
