,training,validation,testing
mape,91970.23919398864,0.9099569019671048,1.4748031634549434
