,arima,lstm,mlp,rf,svr,xgboost
0,0.0001530378910248,4.1726297839033926e-05,2.571383765464108e-06,0.0011313772273895,2.1643507406507343e-06,0.0001941552992569
