,arima,lstm,mlp,rf,svr,xgboost
0,0.488040088552133,0.2548360929470204,0.0632614963130265,1.3269657930623249,0.0580389880644941,0.5497062002497045
