,arima,lstm,mlp,rf,svr,xgboost
0,0.0123708484359326,0.0064595896029882,0.0016035534806996,0.0336359514119865,0.0014711732531047,0.0139339620803611
