,arima,lstm,mlp,rf,svr,xgboost
0,1.2758853633293177,0.723912105199919,0.1307560771004899,3.9829619983907794,0.154013614443263,1.4883349072685763
