,training,testing
nrmse,0.3171730134154622,0.3091984067262087
