,training,testing
smape,45.711789601228936,49.11997689527915
