,training,testing
mse,0.10048621857529144,0.09439751991128227
