,training,testing
mae,0.2693210655601708,0.25826792125134057
