,training,testing
rmse,0.31699561286442346,0.3072417938876192
