,training,testing
mape,487.0485570783936,81801.46375596478
