,training,testing
arv,27.183198847100734,11.599235881054819
