,arima,lstm,mlp,rf,svr,xgboost
0,11.59923588105482,2.544622833534874,0.0073195343724123,0.0007531417541017,0.0479053236823814,2.536068711756219
