,arima,lstm,mlp,rf,svr,xgboost
0,1.067197699618006,0.004493454425323,0.0248916049174038,0.000717264362116,0.0006033911705471,0.000997267879329
