,training,testing
nrmse,4.3118191148815095,1.4447697858379152
