,training,validation,testing
rmse,0.007369413381697817,0.007657145702516134,0.010762247002648006
