,training,validation,testing
mse,8.155987135275838e-06,4.281657146691581e-05,8.365423517807001e-05
