,training,validation,testing
rmse,0.018326849595464056,0.015483886246397356,0.02297660793894182
