,training,validation,testing
mae,0.0020687628207819585,0.004967025152346356,0.006177004455995895
