,training,validation,testing
mae,0.00469977069871795,0.00480357377176353,0.0055839632916463025
