,training,validation,testing
smape,1.2529233105070607,2.581752256546816,3.91515785820534
