,training,validation,testing
arv,0.00043537690911056055,0.0004082816469442144,0.0006033911705471429
