,training,validation,testing
rmse,0.0481588084782597,0.0467594417957856,0.0525968860229287
