,training,validation,testing
mape,22.173058295550817,24.237620350259526,4387.265198232533
