,training,validation,testing
mse,4.3364596183311764e-05,3.7329253909248906e-05,7.03885385861917e-05
