,training,validation,testing
nrmse,0.0065888653122898894,0.006148428797575035,0.008443216575514218
