,training,validation,testing
smape,7.03602997487989,5.465919733000391,9.366458024237819
