,training,validation,testing
mse,0.000335873416094761,0.00023975073329137323,0.0005279245123798442
