,training,validation,testing
nrmse,0.018337105867428392,0.015581865998158815,0.02312293023940661
