,training,testing
mape,2690.0741488601784,49638.478756502256
