,training,testing
rmse,4.30940743717059,1.435627257770882
