,training,validation,testing
nrmse,0.002857467125799822,0.006584843189693999,0.009204515252064654
