,training,validation,testing
rmse,0.006585180041829666,0.00610976709124406,0.008389787755729681
