,training,testing
smape,187.68917747821695,174.5457477172455
