,training,validation,testing
mse,0.0023192708340456984,0.0021864453970534613,0.002766432419308953
