,training,validation,testing
mse,5.4308253590346844e-05,5.8631880309561305e-05,0.000115825960546006
