,training,validation,testing
arv,0.00334579245936032,0.0025998651172853553,0.00449345442532308
