,training,validation,testing
mape,1.4863630633971305,3.240128035447122,671.0638986931002
