,training,validation,testing
mape,11.896219444820291,8.444002448509792,2579.834196040383
