,training,testing
mae,3.7219862079951795,1.2737740720759911
