,training,validation,testing
rmse,0.002855868893222488,0.00654343728226349,0.009146268921154135
