,training,validation,testing
mape,9.732485271124117,10.253502674562414,2702.6492724790655
