,training,testing
mse,18.57099245954119,2.0610256232547424
