,training,validation,testing
nrmse,0.0481857596372496,0.04705532865692303,0.052931839614886705
