,training,validation,testing
mae,0.03939311615596087,0.03959690681828019,0.043003471049948165
