,training,validation,testing
nrmse,0.007373537533394844,0.0077055989928074145,0.010830784392665823
