,training,validation,testing
arv,0.0005498862773882355,0.0006488099685994127,0.0009972678793290558
