,training,validation,testing
arv,0.024856204007705298,0.025776221951889663,0.024891604917403862
