,training,validation,testing
arv,8.205024526951474e-05,0.0004707199325909364,0.0007172643621160161
