,training,validation,testing
mae,0.0054480373864441295,0.005857528576120684,0.007502952654175908
