,training,validation,testing
smape,3.898425801066338,4.760864025836275,5.364271069662444
