,training,validation,testing
mape,2.6250998194716884,2.9590608762445645,264.2849329950917
