,training,testing
arv,1.0074258032125096,1.067197699618006
