,training,validation,testing
smape,17.72596807065976,16.683542971221645,21.55311229246936
