,training,validation,testing
smape,2.551073332923665,3.1287877276283917,3.7258243048402457
