,training,validation,testing
mae,0.013546826549852894,0.011469782166826729,0.014964250806129427
