,training,testing
arv,2.1397465767200714,2.544622833534874
