,training,testing
smape,39.00613817825682,44.11148172939702
