,training,testing
nrmse,0.22022554314192053,0.22825299231968116
