,training,testing
mae,0.20456560689864836,0.20907881342517207
