,training,testing
mse,0.04844505198038696,0.05144214260184316
