,training,testing
mape,275.849635460424,50638.7848061648
