,arima,lstm,mlp,rf,svr,xgboost
0,0.2582679212513405,0.209078813425172,0.0191607422359079,0.0062568794139836,0.0599386503917269,0.2611898162229779
