,arima,lstm,mlp,rf,svr,xgboost
0,1.2737740720759911,0.0149642508061294,0.0430034710499481,0.0061770044559958,0.0055839632916463,0.0075029526541759
