,arima,lstm,mlp,rf,svr,xgboost
0,49638.478756502256,2579.834196040383,4387.265198232533,671.0638986931002,264.2849329950917,2702.649272479065
