,arima,lstm,mlp,rf,svr,xgboost
0,81801.46375596478,50638.7848061648,4120.2784025667015,432.8779768008856,12099.20312109392,42623.1110327409
