,training,testing
nrmse,0.02101756967045823,0.02904243170489288
