,training,testing
smape,8.048699159803078,10.208869193569814
