,training,testing
mape,10.152958132642134,4120.2784025667015
