,training,testing
mae,0.017091370546137644,0.01916074223590794
