,training,testing
mse,0.00044124422882052837,0.0008328217200681397
