,training,testing
arv,0.0046348037281168574,0.007319534372412348
