,training,testing
rmse,0.02100581416704738,0.028858650697289014
