,arima,lstm,mlp,rf,svr,xgboost
0,2.0610256232547424,0.0005279245123798,0.0027664324193089,8.365423517807001e-05,7.03885385861917e-05,0.000115825960546
