,arima,lstm,mlp,rf,svr,xgboost
0,0.0943975199112822,0.0514421426018431,0.0008328217200681,8.775074400254657e-05,0.0041758741034879,0.0773495794779434
