,arima,lstm,mlp,rf,svr,xgboost
0,1.4447697858379152,0.0231229302394066,0.0529318396148867,0.0092045152520646,0.0084432165755142,0.0108307843926658
