,arima,lstm,mlp,rf,svr,xgboost
0,0.3091984067262087,0.2282529923196811,0.0290424317048928,0.0094271921435432,0.0650325305509003,0.2798890665199475
