,training,testing
arv,7.82870333204154e-05,0.0007531417541017705
