,training,testing
mse,7.642443575430348e-06,8.775074400254657e-05
