,training,testing
mape,1.3789750580946687,432.8779768008856
