,training,testing
mae,0.00202428738087377,0.006256879413983673
