,training,testing
nrmse,0.0027660440821905955,0.009427192143543222
