,training,testing
rmse,0.0027644969841601106,0.009367536709431492
