,training,testing
smape,1.1774164810674401,3.9282297655240086
