,arima,lstm,mlp,rf,svr,xgboost
0,1.435627257770882,0.0229766079389418,0.0525968860229287,0.0091462689211541,0.0083897877557296,0.010762247002648
