,arima,lstm,mlp,rf,svr,xgboost
0,174.5457477172455,9.36645802423782,21.55311229246936,3.91515785820534,3.7258243048402457,5.364271069662444
