,arima,lstm,mlp,rf,svr,xgboost
0,49.11997689527915,44.11148172939702,10.208869193569814,3.9282297655240086,20.069691720926237,51.71889511601836
