,training,testing
mae,0.05677673718547118,0.059938650391726925
