,training,testing
arv,0.051611618806948756,0.0479053236823814
