,training,testing
mse,0.003800150212341449,0.004175874103487985
