,training,testing
mape,60.91432443447945,12099.203121093919
