,training,testing
nrmse,0.061679857050149785,0.0650325305509003
