,training,testing
rmse,0.06164535840062453,0.064621003578465
