,training,testing
smape,17.066341687836285,20.069691720926233
