,training,testing
mse,0.08025979659518034,0.07734957947794345
