,training,testing
arv,1.9673094963260527,2.536068711756219
