,training,testing
mape,255.91303229699315,42623.1110327409
