,training,testing
nrmse,0.2834601443967386,0.2798890665199475
