,training,testing
rmse,0.28330160005757177,0.27811792369055155
