,training,testing
smape,48.42225335622955,51.71889511601836
