,training,testing
mae,0.2691360083648971,0.26118981622297793
