,training,testing
arv,0.9046742026996332,0.9641462525059338
