,training,testing
mae,0.6632940459106981,0.06652325885408403
