,training,testing
mse,0.44402508063021323,0.0066132593421288875
