,training,testing
smape,85.02336650879634,7.608496949183237
