,training,testing
mape,279.83012682101713,8.054544658217742
