,training,testing
nrmse,0.7127518606297144,0.27580278000268266
