,arima,lstm,mlp,rf,svr,xgboost
0,0.9641462525059338,1.1007647511745953,2.1539171310481766,2.2993273968995025,1.2345663470300638,1.0241222752642714
