,arima,lstm,mlp,rf,svr,xgboost
0,0.9638362011305508,3.292883426303343,2.430669002836457,1.141534454520159,2.527791812829776,1.08615285021546
