,training,validation,testing
nrmse,0.017012754781319684,0.13226882217971161,0.11827563272063711
