,training,validation,testing
mape,2.532225711786977,2.6009658984777735,3.2841710517934697
