,training,validation,testing
arv,0.0033944373015493625,1.3015983714862576,1.08615285021546
