,training,testing
mse,0.40858561463222604,0.005859204890315843
