,training,validation,testing
mse,0.00015292566440690104,0.004654716124630094,0.01947715305544066
