,training,validation,testing
mape,4.844307974269555,7.731594599296095,15.863946716644334
