,training,validation,testing
rmse,0.0072603109565284535,0.04732976933455491,0.11160979058513378
