,training,validation,testing
smape,3.5454426994768626,8.125731994515737,17.330324960402514
