,training,validation,testing
nrmse,0.014736056821849457,0.12876010956870385,0.11743550940815708
