,training,validation,testing
smape,2.5181091540092555,2.598617707473192,3.2822546872643654
