,training,validation,testing
mape,1.3405598201008435,5.0009659319694215,12.334422937617981
