,training,testing
rmse,0.6392070201681346,0.07654544330210547
