,training,validation,testing
smape,2.5121527137941815,2.5842782558646,3.2844581066930054
