,training,validation,testing
arv,0.0011584184456906136,1.6314391732684779,1.141534454520159
