,training,validation,testing
mae,0.00490112888940044,0.039116570443176166,0.10451526978360456
