,training,validation,testing
mse,0.0002529764342514051,0.0006626238319016481,0.0012162107430020754
