,training,validation,testing
rmse,0.013688705408849313,0.025017592438579716,0.03484915708806601
