,training,testing
mape,337.5755162241858,7.500279401292502
