,training,validation,testing
nrmse,0.00776586489225893,0.24319707562343396,0.37852376888249634
