,training,testing
nrmse,0.683716632322139,0.25960329768196627
