,training,validation,testing
mse,0.00018979875415126943,0.0006279350920858006,0.001198994379503916
