,training,testing
arv,0.9428459470032994,0.9638362011305507
