,training,validation,testing
mae,0.008515663920723117,0.06019408912666832,0.1339107454677517
