,training,validation,testing
smape,1.3368373800974558,5.18127871744677,13.24609537162345
