,training,validation,testing
rmse,0.013776746863874267,0.025058633084943015,0.034626498227570114
