,training,validation,testing
mae,0.009474150728028418,0.019878367055798055,0.027422894507806155
