,training,validation,testing
smape,4.010326309185446,2.6973673045339464,3.2824303242826995
