,training,validation,testing
mape,2.5315662251426088,2.586143618209356,3.2850930213996996
