,training,validation,testing
arv,0.004125217640824847,1.5284174534012436,2.5277918128297756
