,training,validation,testing
mae,0.009389013940983598,0.019774002943415966,0.027444947796367997
