,training,testing
smape,91.30828640364805,7.109349383191919
