,training,testing
mae,0.6364909778884666,0.06193878999971359
