,training,validation,testing
mse,0.00018738065577026045,0.000625879931422881,0.0012144637497487015
