,training,validation,testing
nrmse,0.014641884816168781,0.12854922822874426,0.11819065526595439
