,training,validation,testing
rmse,0.012366311673530675,0.06822548002491513,0.1395605712779962
