,training,validation,testing
rmse,0.015905232920375767,0.025741480763577844,0.03487421315244368
