,training,validation,testing
arv,0.00547928744269774,1.6309055813365996,3.292883426303343
