,training,validation,testing
mape,4.673197231137456,2.720514907071623,3.2741169308482005
