,training,validation,testing
nrmse,0.013227409438413808,0.35056661924085414,0.473318632268609
