,training,validation,testing
mse,5.271211518548711e-05,0.002240107065262175,0.012456745354457417
