,training,validation,testing
arv,0.004170374409595791,1.5029518625503115,2.430669002836457
