,training,validation,testing
mae,0.011554672757460959,0.02063628265064759,0.02741702581396419
