,training,testing
mae,0.06050083119987257,0.10227615040270092
