,training,testing
mape,34.48960115494991,12.10045927646445
