,training,testing
smape,19.670944049404184,12.958673707216839
