,training,testing
nrmse,0.07482265872256033,0.3665227224661144
