,training,testing
mse,0.004893246056963685,0.011679387905362194
