,training,testing
arv,0.1800970507827266,1.1007647511745953
