,arima,lstm,mlp,rf,svr,xgboost
0,0.0619387899997135,0.0274170258139641,0.0274228945078061,0.1045152697836045,0.0274449477963679,0.1339107454677517
