,arima,lstm,mlp,rf,svr,xgboost
0,0.066523258854084,0.1022761504027009,0.0293098159228644,0.0378807437450166,0.0960375038643193,0.2527783591000857
