,arima,lstm,mlp,rf,svr,xgboost
0,7.500279401292502,3.2741169308482005,3.2841710517934697,12.33442293761798,3.2850930213997,15.863946716644334
