,arima,lstm,mlp,rf,svr,xgboost
0,8.054544658217742,12.10045927646445,3.5129018333466084,4.42557073107661,11.274978108439743,30.143644521398183
