,training,testing
mse,0.0003416125979802987,0.001363856234326325
