,training,testing
nrmse,0.019769766864094183,0.12524925721425498
