,training,testing
arv,0.006461749022858532,2.1539171310481766
