,training,testing
smape,2.917099084186826,3.507489560159284
