,training,testing
mae,0.012889187875932882,0.029309815922864448
