,training,testing
mape,2.9770934645732323,3.5129018333466084
