,arima,lstm,mlp,rf,svr,xgboost
0,0.0066132593421288,0.0116793879053621,0.0013638562343263,0.0022451993814224,0.0117080316513828,0.0654387677103212
