,arima,lstm,mlp,rf,svr,xgboost
0,0.0058592048903158,0.001216210743002,0.0011989943795039,0.0124567453544574,0.0012144637497487,0.0194771530554406
