,arima,lstm,mlp,rf,svr,xgboost
0,0.2758027800026826,0.3665227224661144,0.1252492572142549,0.1607009038050625,0.3669718964632705,0.8675777761083229
