,arima,lstm,mlp,rf,svr,xgboost
0,0.2596032976819662,0.1182756327206371,0.117435509408157,0.3785237688824963,0.1181906552659543,0.473318632268609
