,training,testing
arv,0.000846548266127643,2.2993273968995025
