,training,testing
mse,4.4703508278497764e-05,0.002245199381422475
