,training,testing
mae,0.0045988802801516316,0.03788074374501664
