,training,testing
mape,0.9869547678501175,4.42557073107661
