,training,testing
nrmse,0.007151636174917021,0.16070090380506258
