,training,testing
rmse,0.0066860682226924486,0.047383534919025146
