,training,testing
smape,0.9855518653893619,4.557283765168074
