,arima,lstm,mlp,rf,svr,xgboost
0,0.0765454433021054,0.0348742131524436,0.0346264982275701,0.1116097905851337,0.034849157088066,0.1395605712779962
