,arima,lstm,mlp,rf,svr,xgboost
0,0.0813219487108424,0.1080712168218818,0.0369304242370206,0.0473835349190251,0.1082036582162674,0.2558100226932503
