,arima,lstm,mlp,rf,svr,xgboost
0,7.608496949183237,12.95867370721684,3.507489560159284,4.557283765168074,12.124310338396972,35.58036473558761
