,arima,lstm,mlp,rf,svr,xgboost
0,7.109349383191919,3.2824303242826995,3.282254687264365,13.24609537162345,3.2844581066930054,17.330324960402514
