,training,testing
mse,0.0021247479718894953,0.011708031651382816
