,training,testing
smape,13.966846767844268,12.124310338396972
