,training,testing
mae,0.039508417372567224,0.09603750386431936
