,training,testing
nrmse,0.04930469998330758,0.36697189646327055
