,training,testing
arv,0.04494087650877594,1.2345663470300638
