,training,testing
mape,23.454280447972334,11.274978108439743
