,training,testing
nrmse,0.17471151003824797,0.8675777761083229
