,training,testing
arv,5.3205376152438,1.0241222752642714
