,training,testing
mse,0.026679262314920692,0.06543876771032124
