,training,testing
mape,89.68244635286926,30.143644521398183
