,training,testing
mae,0.14213285634731243,0.2527783591000857
