,training,testing
smape,35.1534393007174,35.58036473558761
