,training,testing
rmse,0.16333787777157108,0.2558100226932503
