,training,testing
rmse,0.0748619394220264,0.21821552069543945
