,training,testing
rmse,0.0628152144918385,0.07059834848097654
