,training,testing
rmse,0.021687181294995708,0.1914103038651674
