,training,testing
mape,9545.505827711066,32.20870385801758
