,training,testing
mae,0.20907576379090698,0.09983657132248468
