,training,testing
arv,4.012371791488789,20.974687235043163
