,training,testing
mse,0.0652886442947328,0.015344036876226168
