,training,testing
nrmse,0.25551642666320457,0.20034359921083078
