,training,testing
smape,50.75308686350341,29.349983417123326
