,arima,lstm,mlp,rf,svr,xgboost
0,20.974687235043163,1.2646357282043332,0.1341521337894108,0.1285968546571351,0.149705954123935,1.5897190443917664
