,arima,lstm,mlp,rf,svr,xgboost
0,10.940897594676594,0.1372585883993113,0.1205055613943075,0.1235808581226709,0.1189997873551076,0.1257960889956879
