,training,validation,testing
mae,0.03782178995988765,0.02850445855736456,0.031375818520512494
