,training,validation,testing
mape,4462.202240511992,12.272353006489187,10.087744593389221
