,training,validation,testing
arv,0.05731428902685218,0.28074995196832386,0.11899978735510769
