,training,validation,testing
rmse,0.04437520474528753,0.0380503971870378,0.040982460205126074
