,training,validation,testing
mae,0.028736159095711672,0.029455752464599437,0.032321957962700675
