,training,validation,testing
mae,0.043129385122481344,0.03261137678996479,0.033610270756503524
