,training,validation,testing
smape,8.437159061279186,11.902413809858965,9.908594177040609
