,training,validation,testing
rmse,0.056706231538269265,0.041248580659217784,0.04260246348242879
