,training,validation,testing
nrmse,0.04437520474528753,0.10373972613575694,0.06628323262492737
