,training,validation,testing
mse,0.0032155966952718035,0.0017014454063999953,0.0018149698947716785
