,training,validation,testing
smape,10.393258092134339,13.100664699419204,10.376891204632027
