,training,validation,testing
arv,0.05815807938838821,0.29522901455387845,0.1205055613943075
