,training,validation,testing
arv,0.04570704481656163,0.30264053403212726,0.12579608899568795
