,training,testing
mse,0.08791327101166868,0.016098515193620357
