,training,validation,testing
rmse,0.038897019457792004,0.037565667153734425,0.04098268556683775
