,training,validation,testing
rmse,0.050655178066641125,0.03651280411644211,0.03997502958197444
