,training,validation,testing
rmse,0.05098553274819913,0.03676596921320252,0.03961626771899184
