,training,validation,testing
mse,0.0025995245496176858,0.0013517364921861554,0.0015694486679828353
