,training,testing
arv,2.164149662333426,10.940897594676594
