,training,testing
mape,12226.201524685996,31.828933899669103
