,training,validation,testing
mse,0.00256594706496312,0.0013331848644456716,0.0015980029900797318
