,training,validation,testing
mse,0.0015129781226998495,0.0014111793487051616,0.0016795805162702912
