,training,validation,testing
mse,0.0019691587961861885,0.0014478327260913344,0.0016795620444647421
