,training,validation,testing
mape,2935.1799477250643,11.829118030600155,9.850563409655143
