,training,validation,testing
arv,0.03388211027399584,0.29009288086679735,0.1235808581226709
