,training,validation,testing
mae,0.038445202199533415,0.0287856931059352,0.031085653568436167
