,training,testing
nrmse,0.2965017217684725,0.20521002147172676
