,training,validation,testing
mae,0.03295333721824605,0.02975069513481342,0.03234829756684885
