,training,validation,testing
nrmse,0.05098553274819913,0.1002378913036052,0.06407361285306369
