,training,validation,testing
smape,9.250453848215397,11.557823084811512,9.56621858279951
