,training,validation,testing
mape,4078.2812078096617,13.806302131079457,10.791615216329017
