,training,testing
smape,59.272534829040794,30.08880415710245
