,training,validation,testing
nrmse,0.050655178066641125,0.09954766781721268,0.06465385854602611
