,training,validation,testing
nrmse,0.056706231538269265,0.1124591798619556,0.06890335483196777
