,training,validation,testing
arv,0.06766369800371085,0.3755371219520132,0.1372585883993113
