,training,validation,testing
mape,3260.4428103515993,12.031855220512568,9.831145683810082
