,training,validation,testing
nrmse,0.038897019457792004,0.10241816934207913,0.06628359711506986
