,training,validation,testing
smape,9.09904427783405,11.443156773286828,9.637411251300259
