,training,validation,testing
smape,7.157983030819702,11.743518563666514,9.905082706983565
