,training,testing
mae,0.257280897879627,0.10221253936576857
