,training,validation,testing
mape,2806.68359006715,12.09716651327782,10.087810842791214
