,training,testing
rmse,0.2965017217684725,0.1268799243127941
