,training,testing
nrmse,0.1276033628829413,0.17064371997127953
