,training,testing
arv,1.4796631716622326,1.2646357282043332
