,training,testing
mae,0.10799984729755424,0.08866276159633385
