,training,testing
mape,9445.78274538357,35.62045151137376
