,training,testing
smape,29.502329186327753,26.749180627436893
