,training,testing
rmse,0.1276033628829413,0.10550782130000713
