,training,testing
mse,0.0162826182190356,0.011131900355474239
