,arima,lstm,mlp,rf,svr,xgboost
0,0.0998365713224846,0.0886627615963338,0.0331591982252922,0.0326093500052352,0.0345097613994263,0.1158997800778599
