,arima,lstm,mlp,rf,svr,xgboost
0,0.1022125393657685,0.0336102707565035,0.0310856535684361,0.0323219579627006,0.0313758185205124,0.0323482975668488
