,arima,lstm,mlp,rf,svr,xgboost
0,32.20870385801758,35.62045151137376,10.369566585165888,10.16507298194672,10.454576005802528,46.269531517789474
