,arima,lstm,mlp,rf,svr,xgboost
0,31.828933899669103,10.791615216329015,9.831145683810082,10.087810842791214,9.850563409655145,10.08774459338922
