,training,testing
nrmse,0.05028284865991944,0.06764849058686881
