,training,testing
rmse,0.05028284865991944,0.04182658967617354
