,training,testing
mse,0.0025283648693563616,0.0017494636039389869
