,training,testing
arv,0.054758081483023566,0.13415213378941082
