,training,testing
mape,2437.4523340976616,10.369566585165888
