,training,testing
smape,10.392672962128326,10.174130204346826
