,training,testing
mae,0.03789477338237296,0.03315919822529229
