,arima,lstm,mlp,rf,svr,xgboost
0,0.0160985151936203,0.0018149698947716,0.0015694486679828,0.0016795805162702,0.0015980029900797,0.0016795620444647
