,arima,lstm,mlp,rf,svr,xgboost
0,0.0153440368762261,0.0111319003554742,0.0017494636039389,0.001693960512534,0.0019121206649374,0.0184249891498646
