,arima,lstm,mlp,rf,svr,xgboost
0,0.2003435992108307,0.1706437199712795,0.0676484905868688,0.066566741151176,0.0707234279128923,0.219537783569176
