,arima,lstm,mlp,rf,svr,xgboost
0,0.2052100214717267,0.0689033548319677,0.0640736128530636,0.0662835971150698,0.0646538585460261,0.0662832326249273
