,training,testing
arv,0.0070103088065290005,0.12859685465713513
