,training,testing
mape,1327.3034306083734,10.16507298194672
