,training,testing
mae,0.013685900155589717,0.032609350005235294
