,training,testing
mse,0.00033269584402726446,0.0016939605125340278
