,training,testing
nrmse,0.018239951864718953,0.06656674115117604
