,training,testing
smape,3.9050649243963056,9.937783320277106
