,arima,lstm,mlp,rf,svr,xgboost
0,0.1268799243127941,0.0426024634824287,0.0396162677189918,0.0409826855668377,0.0399750295819744,0.040982460205126
