,arima,lstm,mlp,rf,svr,xgboost
0,30.08880415710245,10.376891204632027,9.56621858279951,9.905082706983563,9.63741125130026,9.908594177040609
