,arima,lstm,mlp,rf,svr,xgboost
0,29.34998341712333,26.749180627436893,10.174130204346826,9.937783320277106,10.532082367793926,32.89690352440828
