,training,testing
mape,2925.5099432855013,10.454576005802528
