,training,testing
arv,0.05124170078006682,0.14970595412393506
