,training,testing
smape,10.642418311385013,10.532082367793926
