,training,testing
nrmse,0.04893495042764624,0.07072342791289232
