,training,testing
mae,0.037954439354067976,0.034509761399426346
