,training,testing
mse,0.002394629373356195,0.0019121206649374662
