,training,testing
rmse,0.04893495042764624,0.04372780196782667
