,training,testing
arv,5.118037406381864,1.5897190443917664
