,training,testing
mape,11058.110109004569,46.269531517789474
