,training,testing
rmse,0.16224852436807816,0.13573867963798927
