,training,testing
smape,35.85450674664345,32.89690352440828
