,training,testing
mse,0.026324583659618848,0.018424989149864682
