,training,testing
mae,0.13954494858783906,0.11589978007785999
