,training,testing
nrmse,0.16224852436807816,0.219537783569176
