,training,testing
mape,20.831163939411603,91813.58364595109
