,training,testing
mse,0.03790187018936458,0.11273434638368235
