,training,testing
nrmse,0.9465691991265285,0.40376752321187354
