,training,testing
arv,0.9537758878492193,1.829943699494279
