,training,testing
mae,0.19352639239213545,0.24840882938069112
