,training,testing
smape,23.297486324345755,45.86970605516668
