,arima,lstm,mlp,rf,svr,xgboost
0,1.9961516027807973,0.3144469894482478,0.0192363605702502,1.4622994636475912,0.0080229610324295,1.501448895327613
