,arima,lstm,mlp,rf,svr,xgboost
0,1.829943699494279,1.066912915537798,0.592082299888973,1.8594981699840616,1.477761839764981,21.990067445911748
