,training,validation,testing
rmse,0.009713078201168056,0.008675752079284909,0.0356229954874306
