,training,validation,testing
arv,0.16013823132829022,0.04472471204690279,0.008022961032429565
