,training,validation,testing
smape,0.6626913245639507,2.338879818447658,54.72260721581639
