,training,validation,testing
nrmse,0.10734065842597344,0.07841691718364573,0.11875681978127128
