,training,validation,testing
arv,0.40909045858808885,0.1787147382775974,0.3144469894482478
