,training,validation,testing
smape,0.4491183948607024,0.433111003765896,13.656460645288979
