,training,validation,testing
mape,1.1327732394974077,0.8257801353126438,33792.80579313169
