,training,validation,testing
mae,0.01071674142106598,0.007145449384336197,0.06536838077151935
