,training,validation,testing
mae,0.002557588689839784,0.029317924594638226,0.3497947181660034
