,training,testing
mape,49.1959967689143,71012.7758193523
