,training,validation,testing
mae,0.00426378787665424,0.0037551331208609457,0.015867815389217013
