,training,testing
mse,0.24576198896386345,0.05550674015537992
