,training,validation,testing
mae,0.006320583648713399,0.020322686761050462,0.3358625668328553
