,training,validation,testing
nrmse,0.06815989067152838,0.21521906388864934,0.4949030591589999
