,training,validation,testing
mape,0.6953985138318693,0.7078347389052437,15855.390552778788
