,training,validation,testing
rmse,0.009455959904114917,0.028478469543506937,0.4115445740144657
