,training,validation,testing
mse,0.0002217593722539983,0.00010766916524266103,0.0097523796952537
