,training,testing
arv,0.9760125495716905,1.9961516027807975
