,training,validation,testing
arv,0.2746959255941677,2.6776674961037825,1.501448895327613
