,training,validation,testing
mse,9.434388814200607e-05,7.526867414121641e-05,0.0012689978074975007
