,training,testing
mae,0.4644129391761873,0.1594244416839813
