,training,validation,testing
smape,0.2693905379871367,3.343663453454926,56.06614979996114
