,training,validation,testing
smape,0.694141272466576,0.7061545912330938,14.263885531434797
