,training,validation,testing
rmse,0.008074977553150302,0.00535869483587891,0.022762260104880094
