,training,validation,testing
mae,0.006602388234909389,0.006120311973094944,0.019012030440308258
