,training,testing
rmse,0.49574387435838624,0.23559868453660757
