,training,validation,testing
nrmse,0.037460676091281654,0.2874520959865969,0.5086682912890629
