,training,testing
nrmse,3.573391661976411,0.2833192734717111
