,training,validation,testing
mse,8.941517770822897e-05,0.0008110232275404521,0.16936893640074804
