,training,validation,testing
rmse,0.014891587298001456,0.010376375342221435,0.09875413761080444
