,training,validation,testing
mse,6.520526248388124e-05,2.8715610344075304e-05,0.000518120485082216
