,training,validation,testing
smape,1.1212424849531613,0.8234417294889588,22.00421208076375
