,training,validation,testing
mape,0.44998500480067183,0.433289159885998,6813.436727583391
