,training,validation,testing
nrmse,0.05820557540205508,0.04049702476043865,0.027372763172141955
