,training,validation,testing
mape,0.6597352500652212,2.393252386088814,104671.27966001569
