,training,validation,testing
rmse,0.005196995588024946,0.0380365735862829,0.4229912735010352
