,training,validation,testing
mse,2.7008763141950755e-05,0.0014467809301847141,0.17892161745802757
