,training,validation,testing
nrmse,0.07001323556665269,0.0655648730765245,0.042838444621352154
