,training,validation,testing
arv,0.25615235912794454,0.13091824256073423,0.019236360570250244
