,training,validation,testing
arv,0.06838513903079092,1.7323876974606562,1.4622994636475912
