,training,testing
smape,69.67545092234779,36.03418765081942
