,training,validation,testing
mape,0.2700677101400784,3.442465902169984,106315.80424960537
