,training,testing
mse,0.002319733181959906,0.10625104736664921
