,training,testing
smape,3.9184045722839156,52.65807393946904
