,training,testing
rmse,0.048163608481507136,0.32596172684327407
