,training,testing
mape,4.063020598686027,63022.41433064614
