,training,testing
nrmse,0.23417528966247902,0.391985378910173
