,training,testing
mae,0.03635910494288841,0.2967203076693591
