,training,testing
arv,1.793302846389207,1.0669129155377979
