,arima,lstm,mlp,rf,svr,xgboost
0,0.1594244416839813,0.0653683807715193,0.0190120304403082,0.3497947181660034,0.015867815389217,0.3358625668328553
