,arima,lstm,mlp,rf,svr,xgboost
0,0.2484088293806911,0.2967203076693591,0.1364267305179905,0.2562778132144341,0.3447249956936867,0.1983173947608027
