,arima,lstm,mlp,rf,svr,xgboost
0,71012.7758193523,33792.80579313169,15855.390552778788,106315.80424960535,6813.436727583391,104671.27966001569
