,arima,lstm,mlp,rf,svr,xgboost
0,91813.58364595108,63022.41433064614,37934.70784932655,95044.79894187376,105675.35473080123,71126.6878137728
