,training,testing
mae,0.014295175552015758,0.13642673051799056
