,training,testing
nrmse,0.08856763185933304,0.1918725985486483
