,training,testing
smape,1.5508737218436115,33.2094320595091
