,training,testing
mape,1.5542144299323781,37934.70784932655
