,training,testing
arv,0.5231709001764617,0.592082299888973
