,training,testing
mse,0.00033182260442904036,0.025457713705908113
