,training,testing
rmse,0.01821599858445977,0.15955473576772364
