,arima,lstm,mlp,rf,svr,xgboost
0,0.0555067401553799,0.0097523796952537,0.0012689978074975,0.1789216174580275,0.0005181204850822,0.169368936400748
