,arima,lstm,mlp,rf,svr,xgboost
0,0.1127343463836823,0.1062510473666492,0.0254577137059081,0.1215638910553986,0.1756111279721683,0.0592743286545529
