,arima,lstm,mlp,rf,svr,xgboost
0,0.2833192734717111,0.1187568197812712,0.0428384446213521,0.5086682912890629,0.0273727631721419,0.4949030591589999
