,arima,lstm,mlp,rf,svr,xgboost
0,0.4037675232118735,0.391985378910173,0.1918725985486483,0.4192813591731503,0.5039405137847542,0.2927767463426743
