,training,testing
arv,0.005244978786885414,1.8594981699840618
