,training,testing
mape,0.179942154342233,95044.79894187376
