,training,testing
mae,0.0016703770069795025,0.25627781321443416
