,training,testing
mse,8.254398537655318e-06,0.12156389105539869
