,training,testing
nrmse,0.013968982250118733,0.41928135917315035
