,training,testing
smape,0.17984004670327677,46.523811020075854
