,arima,lstm,mlp,rf,svr,xgboost
0,0.2355986845366075,0.0987541376108044,0.0356229954874306,0.4229912735010352,0.02276226010488,0.4115445740144657
