,arima,lstm,mlp,rf,svr,xgboost
0,36.03418765081942,22.00421208076375,14.263885531434797,56.06614979996114,13.65646064528898,54.72260721581639
