,arima,lstm,mlp,rf,svr,xgboost
0,45.86970605516668,52.65807393946904,33.2094320595091,46.523811020075854,55.550039556750775,41.66616503789467
