,training,testing
mape,4.81534973459844,105675.35473080125
