,training,testing
rmse,0.051048736301677944,0.419059814313146
