,training,testing
arv,2.366988731593348,1.477761839764981
