,training,testing
smape,4.925565981068166,55.550039556750775
