,training,testing
nrmse,0.24820301026529035,0.5039405137847542
