,training,testing
mse,0.002605973477998252,0.17561112797216838
