,training,testing
mae,0.04534391324826443,0.3447249956936867
