,training,testing
mse,0.09211779705100262,0.0592743286545529
