,training,testing
mape,32.35593005127322,71126.6878137728
