,training,testing
mae,0.30207019485160475,0.1983173947608027
