,training,testing
arv,1.0081078788849096,21.990067445911748
