,training,testing
smape,38.63016054391997,41.66616503789467
