,training,testing
nrmse,1.4756855357169387,0.29277674634267437
