,training,testing
rmse,0.19608274797605302,0.33575935784975874
