,training,testing
rmse,0.01294227683225399,0.02000670593030132
