,training,testing
rmse,0.05136716714807144,0.41904048792875015
