,training,testing
mape,30.03854113793415,46701.01625238056
