,training,testing
mse,0.0393472425301915,0.04240462267561585
