,training,testing
mae,0.1812349293469702,0.17337728455657425
