,training,testing
arv,1.2071488570387419,1.4216284541164805
