,training,testing
smape,36.134946059297015,65.2263245802186
