,training,testing
nrmse,0.27494854439026417,0.4709123882356901
