,arima,lstm,mlp,rf,svr,xgboost
0,1.4216284541164803,1.032768946057047,0.1266870908663712,1.5640727447393532,1.1651055924831175,1.2058809356941846
