,arima,lstm,mlp,rf,svr,xgboost
0,1.3994936487476115,0.9747707201637096,0.1318312164008152,1.1425681515768416,0.2866747096885179,1.163848130246654
