,training,validation,testing
smape,3.2021764530995873,9.637455205430435,83.77209447144821
