,training,validation,testing
mae,0.02491967679471351,0.05208738799315757,0.2968624752672057
