,training,validation,testing
nrmse,0.10222058648145195,0.07481659988180424,0.2964355790110799
