,training,validation,testing
rmse,0.027713278691469757,0.0582074892741968,0.2987404119237927
