,training,testing
mape,33.16411273886815,47283.0492804687
