,training,validation,testing
mape,3.2317054325166823,10.45824222397339,59065.419837082685
