,training,validation,testing
nrmse,0.03841334995926167,0.11971241271545924,0.6831679589652674
