,training,validation,testing
mse,0.004015410118461366,0.0010229227082995038,0.002705632910641191
