,training,validation,testing
nrmse,0.08783330570477924,0.06577816090845043,0.11895095973859607
