,training,validation,testing
smape,9.26462310083212,5.74115211068135,54.115663496908184
