,training,validation,testing
mae,0.019368007873717796,0.046713426555884036,0.27691457759721755
