,training,validation,testing
arv,0.37073207242994527,1.4947150850784974,1.1638481302466541
