,training,testing
arv,1.105627369897375,1.3994936487476115
