,training,validation,testing
mse,0.0007680258158310716,0.003388111807605735,0.08924583371639733
