,training,validation,testing
arv,7.182317708739412,0.46978929292370064,0.2866747096885179
