,training,validation,testing
rmse,0.06336726377603318,0.031983162887674256,0.0520156986941557
