,training,validation,testing
mse,0.005438613411401237,0.0013233517643783086,0.016803263095895266
