,training,validation,testing
mse,0.0012736768539227295,0.004312117163714986,0.10069147965232421
