,training,validation,testing
mape,4.157087097208468,11.742322242343507,61425.8665972132
