,training,validation,testing
mse,0.0038374146025745865,0.001194824210625481,0.010143196727069093
