,training,validation,testing
smape,4.10898392959433,10.690525806758377,86.76260021830828
