,training,validation,testing
mape,7.982611208935725,4.915745150907079,9222.852043564795
