,training,validation,testing
nrmse,0.08586449808442646,0.07109062363087712,0.23031431833352403
