,training,validation,testing
mae,0.05599315509669399,0.02747409025052419,0.11744133454938484
