,training,validation,testing
rmse,0.07374695526868372,0.03637790214372331,0.1296274010226822
