,training,testing
mse,0.046709875907586705,0.044014338612365866
