,training,validation,testing
arv,0.9818666971308054,1.8125835556299672,1.1425681515768416
