,training,validation,testing
rmse,0.035688609582368566,0.0656667127524668,0.31731920782127926
