,training,validation,testing
smape,7.868261198055277,4.846114494756378,52.094182127850374
