,training,validation,testing
arv,3.1103348109392184,1.474413755139563,0.9747707201637096
