,training,testing
nrmse,0.2995702145496675,0.47976725593375824
