,training,validation,testing
smape,7.490733211994306,5.270549028657158,75.59116326922118
