,training,validation,testing
mape,8.858881366073119,5.89399160981651,28017.327230809777
