,training,validation,testing
nrmse,0.04946794872989736,0.1350534221062104,0.7256544708890574
