,training,validation,testing
mae,0.04791154163582082,0.023401022487368365,0.043498795840452666
