,training,testing
smape,40.193082386994625,66.16971258201433
