,training,validation,testing
mape,7.552328082333784,5.449654268360229,21421.925505430416
