,training,testing
mae,0.20566527300980908,0.1778124987450819
