,training,validation,testing
arv,6.542475656721378,0.4177151906759188,0.13183121640081522
