,training,testing
rmse,0.21612467676687616,0.20979594517617794
