,training,validation,testing
mae,0.045600248075483615,0.025563613150499497,0.08088242932514492
