,training,validation,testing
rmse,0.06194686919106232,0.03456622933768566,0.10071343866172525
