,training,testing
arv,8.398945515592008,1.032768946057047
