,training,testing
mse,0.006505379135708164,0.058402712788236784
