,training,testing
mae,0.06232392275080505,0.23270776225234152
