,training,testing
smape,10.905254283754665,78.38362480002351
