,training,testing
mape,10.697915585464456,41408.2519446303
