,training,testing
nrmse,0.11179711075227816,0.5526498088888225
