,arima,lstm,mlp,rf,svr,xgboost
0,0.1733772845565742,0.2327077622523415,0.0257304381072201,0.1468194713362227,0.3546601439770511,0.2471231588484061
