,arima,lstm,mlp,rf,svr,xgboost
0,0.1778124987450819,0.1174413345493848,0.0434987958404526,0.2968624752672057,0.0808824293251449,0.2769145775972175
