,arima,lstm,mlp,rf,svr,xgboost
0,46701.01625238056,41408.2519446303,11930.771447651829,43132.40146123102,72069.83364275556,55494.72950502002
