,arima,lstm,mlp,rf,svr,xgboost
0,47283.0492804687,28017.327230809777,9222.852043564795,61425.8665972132,21421.925505430416,59065.419837082685
