,training,testing
smape,8.735994890406904,19.63710533193764
