,training,testing
nrmse,0.09622604656841437,0.07492042257141723
