,training,testing
mae,0.05100070281971337,0.025730438107220116
