,training,testing
arv,0.9590561081532588,0.12668709086637123
