,training,testing
mape,8.695091019842613,11930.771447651829
