,training,testing
mse,0.0048194417891779745,0.0010733303468388052
