,arima,lstm,mlp,rf,svr,xgboost
0,0.0440143386123658,0.0168032630958952,0.0027056329106411,0.1006914796523242,0.010143196727069,0.0892458337163973
