,arima,lstm,mlp,rf,svr,xgboost
0,0.0424046226756158,0.0584027127882367,0.0010733303468388,0.0328832696717298,0.1494674449253038,0.0736431100123779
