,arima,lstm,mlp,rf,svr,xgboost
0,0.4797672559337582,0.2964355790110799,0.118950959738596,0.7256544708890574,0.230314318333524,0.6831679589652674
