,arima,lstm,mlp,rf,svr,xgboost
0,0.4709123882356901,0.5526498088888225,0.0749204225714172,0.4146875634574382,0.8841110512681848,0.6205825711227894
