,training,testing
arv,0.09912120551385233,1.5640727447393532
