,training,testing
mape,2.707465484326104,43132.40146123102
