,training,testing
mse,0.0004738574779141171,0.03288326967172985
