,training,testing
mae,0.01569242351242637,0.14681947133622278
