,training,testing
nrmse,0.030172975699452917,0.41468756345743824
