,training,testing
smape,2.6886944704096027,59.56840774549428
