,arima,lstm,mlp,rf,svr,xgboost
0,0.2097959451761779,0.1296274010226822,0.0520156986941557,0.3173192078212792,0.1007134386617252,0.2987404119237927
