,arima,lstm,mlp,rf,svr,xgboost
0,65.2263245802186,78.38362480002351,19.63710533193764,59.56840774549428,92.93039977597464,78.95751060378961
