,arima,lstm,mlp,rf,svr,xgboost
0,66.16971258201433,54.11566349690818,52.09418212785037,86.76260021830828,75.59116326922118,83.77209447144821
