,training,testing
mae,0.04390294105213507,0.3546601439770511
