,training,testing
arv,0.5990373319190371,1.1651055924831175
