,training,testing
mape,7.689984296026651,72069.83364275556
