,training,testing
mse,0.0029049305146741275,0.1494674449253038
