,training,testing
nrmse,0.07470714641604917,0.8841110512681848
