,training,testing
smape,7.578297139648574,92.93039977597465
