,training,testing
mse,0.007728558388211845,0.0736431100123779
