,training,testing
mape,11.257351553731525,55494.72950502002
