,training,testing
smape,12.011346956710403,78.95751060378961
