,training,testing
nrmse,0.12185504652995065,0.6205825711227894
