,training,testing
mae,0.06870143451809783,0.2471231588484061
