,training,testing
arv,2.401410484879753,1.2058809356941846
