,arima,lstm,mlp,rf,svr,xgboost
0,1.323459429676603,0.5146027405541324,0.0832948401528574,1.034379871289548,0.0527130922400835,1.0922944622990214
