,arima,lstm,mlp,rf,svr,xgboost
0,0.0107534079489581,0.0041092995224845,0.0011445126080317,0.0329059915007644,0.0010345854282617,0.0200834945347273
