,arima,lstm,mlp,rf,svr,xgboost
0,1.2652394294903897,0.484226782741209,0.1349198320900391,3.882429861872162,0.122164022142951,2.367538347368792
