,training,validation,testing
smape,0.8870520193007837,0.10754607339608303,0.13508532777459126
