,training,validation,testing
mae,0.014510968520537407,0.005142226815242304,0.020083494534727322
