,training,validation,testing
nrmse,0.0359938133787951,0.048255318515104936,0.05383980264073136
