,training,validation,testing
mape,83355.69831397338,0.6228339965631163,2.3675383473687917
