,training,testing
smape,9.166532479898748,1.2758853633293175
