,training,validation,testing
rmse,0.05492170248371183,0.0018049096397363608,0.004507784203555897
