,training,validation,testing
mape,117652.6461851171,0.10750104296233262,0.1349198320900391
