,training,validation,testing
arv,0.7554597762296369,0.11560575699521737,0.5146027405541324
