,training,validation,testing
arv,0.23548114122967292,0.0343817672024513,0.052713092240083526
