,training,validation,testing
mape,116889.51267527202,0.16997394347316847,0.484226782741209
