,training,validation,testing
mse,0.0019780425260086305,3.544282417860871e-05,0.0004405734243893603
