,training,testing
mae,0.07389287208877236,0.010753407948958177
