,training,validation,testing
mse,0.0012955546015475296,1.49597318285637e-06,1.862494059096657e-06
