,training,validation,testing
mse,0.0030163934037093585,3.25769880761324e-06,2.0320118425828075e-05
