,training,validation,testing
mae,0.001226873956884706,0.012066141125618043,0.032905991500764425
