,training,validation,testing
mae,0.006128156423788167,0.0008880673604515771,0.0011445126080317928
