,training,validation,testing
smape,0.33650104372640055,1.4691108662603518,3.9618324339560673
