,training,validation,testing
smape,1.7648015060958298,0.6231880303866952,2.398464519677181
