,training,validation,testing
nrmse,0.01601469123756886,0.5406171386004464,1.3202951341573066
