,training,validation,testing
mape,54935.749083901064,1.4553716140560102,3.882429861872162
