,training,validation,testing
mse,0.000256470335434665,0.0001877643137364305,0.0011200309483113183
