,training,testing
mape,100576.0376663591,1.2652394294903895
