,training,testing
nrmse,0.09034482807106056,0.48804008855213304
