,training,testing
rmse,0.09034482807106058,0.012370848435932608
