,training,validation,testing
nrmse,0.037525985349685306,0.04874776267780659,0.06512235428374429
