,training,validation,testing
mse,0.0014081995764647966,1.5266617038393396e-06,2.724884904325881e-06
