,training,validation,testing
rmse,0.016014691237568865,0.013702711911750553,0.03346686343700763
