,training,validation,testing
smape,0.4741599735251174,0.10519524053067236,0.1222037708685051
