,training,validation,testing
mae,0.017458934756036385,0.001404481776739882,0.004109299522484515
