,training,validation,testing
rmse,0.035993813378795106,0.0012230998253848172,0.001364732229815306
