,training,validation,testing
mae,0.0028438292506304244,0.0008691301969028533,0.001034585428261715
