,training,validation,testing
rmse,0.04447519000531229,0.005953387622069364,0.020989840980563914
