,training,testing
arv,4.6521841706963265,1.3234594296766027
