,training,validation,testing
arv,0.0441190384732626,1.2896534697657946,1.034379871289548
