,training,validation,testing
arv,0.8678085378537542,1.417769422217297,1.0922944622990214
