,training,validation,testing
nrmse,0.054921702483711816,0.0712096328924409,0.1778357736149465
