,training,testing
mse,0.008162187959189495,0.00015303789102481626
