,training,validation,testing
arv,0.2821936964078303,0.03752725818304714,0.08329484015285747
