,training,validation,testing
smape,2.3025032077083165,0.17006170183401328,0.48563724538439695
