,training,validation,testing
mape,119386.89628230596,0.10515286489883158,0.12216402214295104
