,training,validation,testing
nrmse,0.04447519000531228,0.2348807595131936,0.8280663936593887
