,training,validation,testing
rmse,0.03752598534968531,0.0012355815245621551,0.0016507225400793075
