,arima,lstm,mlp,rf,svr,xgboost
0,0.0001530378910248,2.0320118425828075e-05,2.724884904325881e-06,0.0011200309483113,1.862494059096657e-06,0.0004405734243893
