,arima,lstm,mlp,rf,svr,xgboost
0,0.488040088552133,0.1778357736149465,0.0651223542837442,1.3202951341573066,0.0538398026407313,0.8280663936593887
