,arima,lstm,mlp,rf,svr,xgboost
0,0.0123708484359326,0.0045077842035558,0.0016507225400793,0.0334668634370076,0.0013647322298153,0.0209898409805639
