,arima,lstm,mlp,rf,svr,xgboost
0,1.2758853633293177,0.4856372453843969,0.1350853277745912,3.9618324339560673,0.1222037708685051,2.398464519677181
