,training,testing
rmse,0.23977454926490493,0.15044522944616873
