,training,testing
rmse,0.08131377502445034,0.07170743502551646
