,training,testing
rmse,0.04581903603876191,0.04463299355345356
