,arima,lstm,mlp,rf,svr,xgboost
frontend,0.1504452294461687,0.0717074350255164,0.0446329935534535,0.0324209491995667,0.0472693046514293,0.1263478652742283
