,training,testing
rmse,0.20322340037306494,0.1263478652742283
