,arima,lstm,mlp,rf,svr,xgboost
0,1.408891848108483,1.967881529617336,0.4076333369534179,0.5165498237435259,0.4367685369624178,0.4319052553230212
