,arima,lstm,mlp,rf,svr,xgboost
0,0.1411502460528371,0.0794605206635195,0.0381768230972583,0.0450663642318689,0.0437846142700495,0.0455813680598891
