,arima,lstm,mlp,rf,svr,xgboost
0,72.68999600592618,36.74941953249194,16.60136232399674,19.807975884587613,20.304383200091323,19.585397281917675
