,training,validation,testing
arv,0.7198132444025662,7.756815247122388,1.9678815296173358
