,training,validation,testing
mae,0.04126284707920413,0.05000975928749886,0.03817682309725837
