,training,testing
mape,93745.00959963932,72.68999600592618
