,training,validation,testing
arv,0.14254323168071908,0.6109920078355574,0.4076333369534179
