,training,testing
mae,0.1273430287838392,0.14115024605283719
