,training,validation,testing
mape,15937.164688438073,16.678932206709785,19.585397281917675
