,training,validation,testing
mape,26853.4048432802,22.92914402134102,36.74941953249194
