,training,validation,testing
rmse,0.03517295814681401,0.06410795084641828,0.05707651764196151
