,training,validation,testing
mape,5476.499655076906,15.135095859459788,16.60136232399674
