,training,validation,testing
nrmse,0.042023009354882936,0.12028861839795299,0.14204462131755435
