,training,validation,testing
arv,0.07710791069603434,0.5042945599330148,0.5165498237435259
