,training,validation,testing
mae,0.07306801272700637,0.07552820151005118,0.07946052066351952
