,training,validation,testing
nrmse,0.03920432641684572,0.14963585537884533,0.139378333656321
