,training,validation,testing
mse,0.003315398802419471,0.004145959969543633,0.002624087207183552
