,training,validation,testing
mape,9225.879297561007,13.228189525610624,19.807975884587613
