,training,validation,testing
arv,0.05053306784988762,0.8408117345145516,0.4367685369624178
