,training,validation,testing
mse,0.0015369792097985875,0.004998560763133279,0.0038087988027463546
