,training,validation,testing
arv,0.0730654080113349,0.905837177625357,0.43190525532302126
