,training,validation,testing
mse,0.00123713698479753,0.004109829361726783,0.003257728866133144
