,training,validation,testing
smape,10.746785937713474,12.439458724107645,18.4394925124295
