,training,testing
nrmse,0.1742536575987714,0.351665536575214
