,training,validation,testing
smape,12.175271895565224,14.048732188258858,19.35380309507536
