,training,testing
rmse,0.1742536575987714,0.1557143213371769
