,training,testing
mse,0.030364337186549857,0.024246949869497582
