,training,validation,testing
mse,0.0100145117000509,0.009020919542256305,0.008498111421869755
