,training,validation,testing
mae,0.026000220677332417,0.04385311432363988,0.04506636423186897
