,training,validation,testing
mape,285.96864701825933,14.846050507450032,20.304383200091323
