,training,validation,testing
rmse,0.03920432641684572,0.07070050044471594,0.06171546647920888
