,training,validation,testing
smape,5.508520254371965,13.14384140898743,17.538736897074358
