,training,validation,testing
rmse,0.042023009354882936,0.05683440975431518,0.06289607455841383
