,training,validation,testing
nrmse,0.057579499845166,0.1362779948717658,0.11568855165188868
