,training,validation,testing
smape,17.257813421896586,14.13383930957283,15.631893476350934
