,training,validation,testing
smape,27.892304840169142,20.582392064514455,30.350294864994947
