,training,testing
arv,7.731798175043469,1.408891848108483
