,training,validation,testing
mse,0.0017659333152405786,0.003230150132121397,0.0039559161948575505
