,training,validation,testing
mae,0.014731726102639823,0.047207076660408895,0.043784614270049545
