,training,testing
smape,43.17800571438609,47.908986524683854
