,training,validation,testing
rmse,0.057579499845166,0.0643891292808315,0.051225845109510414
