,training,validation,testing
nrmse,0.10007253219565747,0.20101968465100076,0.2081912450933599
