,training,validation,testing
rmse,0.10007253219565747,0.09497852147857591,0.09218520175098471
