,training,validation,testing
mae,0.02551558528332119,0.051044541339069605,0.045581368059889174
