,training,validation,testing
nrmse,0.03517295814681401,0.13568288769030526,0.12890172226960667
