,arima,lstm,mlp,rf,svr,xgboost
0,0.0242469498694975,0.0084981114218697,0.0026240872071835,0.0039559161948575,0.0032577288661331,0.0038087988027463
