,arima,lstm,mlp,rf,svr,xgboost
0,0.351665536575214,0.2081912450933599,0.1156885516518886,0.1420446213175543,0.1289017222696066,0.139378333656321
