,arima,lstm,mlp,rf,svr,xgboost
0,0.1557143213371769,0.0921852017509847,0.0512258451095104,0.0628960745584138,0.0570765176419615,0.0617154664792088
