,arima,lstm,mlp,rf,svr,xgboost
0,47.908986524683854,30.350294864994947,15.631893476350934,18.4394925124295,17.538736897074358,19.35380309507536
