,arima,lstm,mlp,rf,svr,xgboost
0,22.182298661248723,2.1792390853729304,0.4938575970064263,2.6135104044199653,0.4753558099009947,4.531973250430892
