,arima,lstm,mlp,rf,svr,xgboost
0,0.0741768129431901,0.080314509521443,0.0413162795543984,0.0826227182337862,0.0352336804180255,0.0645003781747884
