,arima,lstm,mlp,rf,svr,xgboost
0,16.929295857078966,16.85955430770793,9.491757209794716,16.558819241353607,8.193858969782456,14.9196470148736
