,training,validation,testing
mae,0.023485918744718268,0.02776313387195442,0.06450037817478846
