,training,validation,testing
nrmse,0.06565008062431979,0.0855849963965161,0.11163007865973386
