,training,validation,testing
arv,0.18495204959973002,0.10653759598171365,4.531973250430892
