,training,validation,testing
smape,21.65842394860973,9.411350362715066,14.288012551421156
