,training,validation,testing
mae,0.030902140383596587,0.03573586726128407,0.08031450952144302
