,training,validation,testing
smape,7.769136298011406,9.062103174555208,18.486333234719986
