,training,testing
rmse,0.2670091712993681,0.11016165697555765
