,training,validation,testing
mse,0.00046506604587746804,0.000676588313301166,0.004568771822372597
