,training,validation,testing
smape,13.184574480635302,7.281826733447167,9.263861428017343
