,training,validation,testing
rmse,0.01340980050425751,0.03618664965957754,0.12104383535744954
