,training,validation,testing
mse,0.0005061750669611611,0.000794291654584101,0.004561135014211341
