,training,testing
nrmse,0.5513801099720215,0.13358546207279287
