,training,validation,testing
arv,0.024546112204620718,0.15223971389806604,2.6135104044199653
