,training,validation,testing
nrmse,0.02769154797477129,0.08381843739276128,0.14678153108096084
