,training,validation,testing
mape,18409.63207257987,12.699886580369139,16.85955430770793
