,training,validation,testing
rmse,0.022498334759736355,0.028183180348997184,0.06753617559657447
