,training,validation,testing
arv,0.06248000431462617,0.0645462432705643,0.47535580990099474
