,training,validation,testing
mse,0.001010696342234725,0.0013652522622089596,0.008474322485252284
