,training,validation,testing
nrmse,0.07987263984024515,0.10344331418836042,0.13885301380859297
