,training,validation,testing
mape,8581.294006086819,5.844041293088149,8.193858969782456
