,training,validation,testing
mape,13014.301508608316,7.17480227788419,9.491757209794716
