,training,validation,testing
rmse,0.03179145077272701,0.03694932018601912,0.0920560833690652
