,training,testing
mse,0.07129389755797527,0.01213559066760043
