,training,validation,testing
arv,0.0695287789885197,0.07817422568241408,0.4938575970064263
