,training,validation,testing
mae,0.009200635978626637,0.026979445029211062,0.08262271823378627
