,training,validation,testing
smape,23.19029894909933,12.57261120900881,18.29708275995686
