,training,validation,testing
mae,0.01611741695282559,0.02012598452880704,0.041316279554398413
