,training,validation,testing
mse,0.00017982274956398496,0.0013094736135850031,0.014651610078041354
