,training,validation,testing
mape,24597.729054820404,9.60050588269502,14.919647014873599
