,training,testing
mae,0.25242256224332765,0.07417681294319017
