,training,validation,testing
smape,10.83820139341739,5.9111263943240315,7.872384168472296
