,training,testing
smape,91.53494107991288,16.528729465399618
