,training,validation,testing
mape,9137.628423965582,8.707709688698468,16.558819241353607
