,training,testing
mape,103766.80776026528,16.929295857078966
