,training,validation,testing
mse,0.0014960504639320545,0.0019944469269141127,0.013111523158968255
