,training,validation,testing
nrmse,0.04645958127072074,0.06528015607507608,0.08189647352253808
