,training,validation,testing
rmse,0.021565390000588165,0.026011311256858353,0.06759269059870747
