,training,validation,testing
rmse,0.03867881156307746,0.04465923115005578,0.11450555951117944
