,training,validation,testing
mae,0.013491421067292557,0.015944262047996365,0.03523368041802558
