,training,validation,testing
arv,0.19718948627718752,0.30500261896548253,2.1792390853729304
