,training,testing
arv,1.1215921607321397,22.182298661248723
