,training,validation,testing
nrmse,0.04453302878043117,0.06024949766272619,0.08196500537728002
