,arima,lstm,mlp,rf,svr,xgboost
0,0.0121355906676004,0.0131115231589682,0.0045611350142113,0.0146516100780413,0.0045687718223725,0.0084743224852522
