,arima,lstm,mlp,rf,svr,xgboost
0,0.1335854620727928,0.1388530138085929,0.081896473522538,0.1467815310809608,0.08196500537728,0.1116300786597338
