,arima,lstm,mlp,rf,svr,xgboost
0,0.1101616569755576,0.1145055595111794,0.0675361755965744,0.1210438353574495,0.0675926905987074,0.0920560833690652
