,arima,lstm,mlp,rf,svr,xgboost
0,16.528729465399618,18.29708275995686,9.263861428017345,18.486333234719982,7.872384168472296,14.288012551421156
