,training,testing
mae,0.20140360717871272,0.21696087298704156
