,training,testing
arv,31.70625259925248,22.207291778331015
