,training,testing
mse,0.052348508856120655,0.058204233045553284
