,training,testing
nrmse,0.28991533117038976,0.2412555347459479
