,training,testing
smape,58.174520745409396,69.1582566783767
