,training,testing
mape,231016.23741011586,174973.35420650107
