,arima,lstm,mlp,rf,svr,xgboost
0,1.0063432893979032,0.0270309777196471,0.0269917561118181,0.0274792264887341,0.0272052510064075,0.031675213236977
