,arima,lstm,mlp,rf,svr,xgboost
0,22.20729177833101,0.3064314197864822,0.0308861892436891,0.0272193193038304,0.0713483004911132,3.4848613192580298
