,training,testing
mape,5832776.157682221,1305602.3180244688
