,training,validation,testing
smape,13.957881688127141,10.861859499330418,15.390618412136222
