,training,testing
mse,86.634460810132,9.435880903601022
