,training,validation,testing
mse,0.00044921037796127894,0.0011997392097330046,0.0015418674305830628
