,training,testing
arv,1.0001015125577286,1.0063432893979032
