,training,validation,testing
mape,10943.634282406245,5883.893129602112,8947.323744721778
