,training,validation,testing
arv,0.01458771134948588,0.030573851192830633,0.03167521323697708
