,training,validation,testing
arv,0.024279045230645037,0.025382445722643143,0.02720525100640751
