,training,validation,testing
nrmse,0.04389328037679421,0.04564421217579565,0.039050779127027514
