,training,validation,testing
arv,0.02653733871632946,0.026522166507446352,0.027030977719647117
