,training,testing
nrmse,11.794087972140348,3.07178790016515
