,training,validation,testing
rmse,0.03626889005474389,0.03519066260887692,0.039245630058254856
