,training,validation,testing
mae,0.026596573041662096,0.025566346903950966,0.025707395739883378
