,training,testing
rmse,9.307763469820879,3.07178790016515
