,training,testing
mae,8.079094958399589,2.6779708118891317
