,training,validation,testing
rmse,0.035365689469581664,0.03380322866588057,0.03899562906212727
