,training,validation,testing
mape,7996.659613446274,3870.3753859557187,8044.048104972725
