,training,validation,testing
arv,0.025396154245852037,0.0246255228442151,0.026991756111818158
