,training,validation,testing
mse,0.0007112081374322497,0.0013868497918876265,0.0017264795919693975
