,training,validation,testing
smape,9.294312608124716,10.498997013154487,14.885686894644525
