,training,validation,testing
mape,7213.354410455354,3008.548072527002,7348.155627348319
