,training,validation,testing
smape,13.190845590831444,13.023895048598597,16.744950135398028
