,training,validation,testing
nrmse,0.026856159960470652,0.046136626409686236,0.03926661980083163
