,training,validation,testing
mse,0.0013154323858031,0.0012383827348518082,0.0015402194786693969
