,training,validation,testing
mse,0.0012507319916588795,0.00114265826823781,0.0015206590859510253
