,training,validation,testing
mae,0.025732175780660466,0.024300349602483874,0.025515353015045993
