,training,validation,testing
mape,4698.4697553978485,4476.284268289162,6770.153708790025
