,training,validation,testing
nrmse,0.044812704378667516,0.04502571228930952,0.03899562906212727
