,training,validation,testing
rmse,0.021194583693983682,0.034637251763571034,0.03926661980083163
