,training,validation,testing
nrmse,0.0459571712736881,0.04687376657297712,0.039245630058254856
