,training,validation,testing
nrmse,0.033792271279402535,0.04960404827638962,0.041550927690839796
