,training,validation,testing
mae,0.014942503441305497,0.025357590559493017,0.025408215740235968
