,training,validation,testing
mape,8914.588801171663,3551.6035196731805,8456.84913169171
