,training,validation,testing
arv,0.009094964439853788,0.026106555045299167,0.027479226488734142
