,training,validation,testing
rmse,0.026668485848136365,0.03724043221939867,0.041550927690839796
