,training,validation,testing
mae,0.02486376971860802,0.024694870487587773,0.025247137227754558
