,training,testing
smape,198.10184383751476,195.07800080233994
