,training,validation,testing
mae,0.01960127789206237,0.02762004982235632,0.027586136451498405
