,training,validation,testing
smape,14.366198513229298,12.008382377953074,15.455868773983095
