,training,validation,testing
mse,0.0011999358518840428,0.001174266344235124,0.0015249633504278877
