,training,validation,testing
smape,13.256911332597785,11.146662410314248,15.099068086004348
