,training,validation,testing
rmse,0.034640090240702935,0.034267569861825976,0.039050779127027514
