,training,testing
nrmse,0.10344299991565879,0.09173149511403385
