,training,testing
mae,0.06428583774610576,0.07353590173759438
