,training,testing
arv,0.28804099963234564,0.30643141978648225
