,training,testing
smape,32.17506168052798,40.783687569391006
