,training,testing
mse,0.00666444771107681,0.008414667195856016
