,training,testing
rmse,0.0816360686895003,0.09173149511403385
