,training,testing
mape,96561.86653193564,83418.00556379401
