,arima,lstm,mlp,rf,svr,xgboost
0,0.2169608729870415,0.0735359017375943,0.0275351263018085,0.0251293855092393,0.0463151743769899,0.1510615789296291
