,arima,lstm,mlp,rf,svr,xgboost
0,2.677970811889132,0.0257073957398833,0.0255153530150459,0.0254082157402359,0.0252471372277545,0.0275861364514984
