,arima,lstm,mlp,rf,svr,xgboost
0,174973.35420650107,83418.00556379401,7551.506967704247,6629.370656168478,44065.00690238894,169055.6469430009
