,arima,lstm,mlp,rf,svr,xgboost
0,1305602.3180244688,8456.84913169171,8044.048104972725,6770.153708790025,7348.155627348319,8947.323744721778
