,training,testing
arv,0.029001710871384728,0.03088618924368914
