,training,testing
mae,0.02757421821286844,0.0275351263018085
