,training,testing
nrmse,0.047618603434878504,0.04197849773157938
