,training,testing
mse,0.0014122619540676477,0.0017621942718002148
