,training,testing
mape,7553.7300645857595,7551.5069677042475
