,training,testing
smape,15.485071129182442,17.710893787857866
