,arima,lstm,mlp,rf,svr,xgboost
0,9.435880903601022,0.0015402194786693,0.001520659085951,0.001541867430583,0.0015249633504278,0.0017264795919693
