,arima,lstm,mlp,rf,svr,xgboost
0,0.0582042330455532,0.008414667195856,0.0017621942718002,0.0015276911649392,0.0032190550979791,0.0349884315180963
