,training,testing
arv,0.003595988810605648,0.027219319303830463
