,training,testing
mape,2540.0168416947145,6629.370656168478
