,training,testing
mse,0.0001759314540085825,0.0015276911649392323
