,training,testing
mae,0.00966856186265057,0.02512938550923934
