,training,testing
nrmse,0.01680702207347379,0.03908569002767166
