,training,testing
rmse,0.013263915485579003,0.03908569002767166
