,training,testing
smape,6.143220969872641,14.729554304420109
