,arima,lstm,mlp,rf,svr,xgboost
0,0.2412555347459479,0.0917314951140338,0.0419784977315793,0.0390856900276716,0.0567367173704921,0.1870519487150463
