,arima,lstm,mlp,rf,svr,xgboost
0,3.07178790016515,0.0392456300582548,0.0389956290621272,0.0392666198008316,0.0390507791270275,0.0415509276908397
