,arima,lstm,mlp,rf,svr,xgboost
0,69.1582566783767,40.783687569391006,17.710893787857866,14.729554304420107,31.655308994200063,54.942642089805496
