,arima,lstm,mlp,rf,svr,xgboost
0,195.07800080233997,15.390618412136222,15.455868773983097,14.885686894644524,15.099068086004348,16.744950135398028
