,training,testing
mae,0.041090873118864,0.046315174376989975
