,training,testing
nrmse,0.06289032692085572,0.05673671737049211
