,training,testing
mse,0.002463370043262964,0.003219055097979101
