,training,testing
smape,24.85290474987015,31.655308994200066
