,training,testing
mape,52009.02494500616,44065.00690238894
