,training,testing
arv,0.06162375844378982,0.07134830049111325
