,training,testing
rmse,0.049632348758274214,0.05673671737049211
