,training,testing
mse,0.027069794804029074,0.03498843151809633
