,training,testing
smape,43.77957734970722,54.942642089805496
