,training,testing
mape,198028.95769010426,169055.6469430009
