,training,testing
nrmse,0.2084786116945037,0.18705194871504635
