,training,testing
mae,0.12764016702574615,0.15106157892962915
