,training,testing
arv,4.325049689785777,3.4848613192580298
