,arima,lstm,mlp,rf,svr,xgboost
0,1.326691270915524,1.1541997103932995,0.2682398880018041,1.292852233588042,0.059350694057061,1.3317160566399162
