,arima,lstm,mlp,rf,svr,xgboost
0,0.3021935631849862,0.4257307745039516,0.058046606193203,0.3138597581155575,0.0237131278017815,0.245219583181337
