,arima,lstm,mlp,rf,svr,xgboost
0,54.48842074262858,83.20520046456156,10.626765167537048,57.45170697020138,4.829801055931913,43.97445495880092
