,training,validation,testing
nrmse,0.05843737114547512,0.08265605291382573,0.053131428623036624
