,training,validation,testing
mse,0.0005847662572741242,0.00035212117225142406,0.0017905920443732329
