,training,validation,testing
mape,3514.0134420707186,12.407030488871786,10.626765167537048
