,training,validation,testing
mae,0.009501140451801874,0.011237115778233218,0.023713127801781524
