,training,validation,testing
mae,0.014484547467197219,0.014440996028002884,0.058046606193203044
