,training,testing
smape,112.89347400741451,78.77076714559857
