,training,validation,testing
mape,1411.3762429337978,10.343721909974187,4.829801055931913
