,training,validation,testing
mse,0.0002935186111867532,0.000729749099903842,0.12737330025210064
