,training,validation,testing
rmse,0.024181940725965818,0.01876489201278345,0.04231538779655969
