,training,testing
arv,1.0677313167910674,1.326691270915524
