,training,testing
mae,0.14105097048229226,0.3021935631849862
