,training,validation,testing
nrmse,0.07270232537320342,0.10714683064355178,0.3577540632812914
