,training,validation,testing
nrmse,0.04140162050473865,0.11899134595237099,0.44811797943540643
