,training,validation,testing
smape,13.729081921570835,16.284522607932118,83.85926423895681
