,training,testing
mape,47456.3206004633,54.48842074262858
