,training,testing
nrmse,0.3476055659141874,0.43699580299684615
