,training,validation,testing
mae,0.007386934200552832,0.0200733417620095,0.3138597581155575
