,training,validation,testing
arv,0.37739586139862485,0.35896668007684535,1.2928522335880421
