,training,validation,testing
arv,1.069714382020641,0.16623505340957917,0.2682398880018041
