,training,validation,testing
nrmse,0.08707840209667109,0.36934079754101684,0.5743335405422666
