,training,validation,testing
mse,0.0007103308626111256,0.00040193194904632337,0.005804389837791329
