,training,validation,testing
smape,37.58664586830485,62.21086653973864,143.19701129867713
