,training,validation,testing
rmse,0.030084914642003305,0.02432488167121196,0.2849255575442795
