,training,validation,testing
mape,1957.6891254668851,15.367793512732488,57.45170697020138
