,training,validation,testing
smape,34.57944268663668,15.454682677415418,58.771148674826776
