,training,validation,testing
mape,13677.920669496523,45.81874003783368,83.20520046456156
