,training,validation,testing
arv,1.7228494716603076,0.2275867942770999,1.3317160566399162
