,training,validation,testing
mae,0.021832451050416216,0.0676459452027294,0.4257307745039516
