,training,validation,testing
mape,14867.51181731818,15.287933019108321,43.97445495880092
