,training,validation,testing
mae,0.019170655716709225,0.0177291488107873,0.245219583181337
