,training,validation,testing
rmse,0.01713238486570837,0.027013868658595383,0.35689396219619723
