,training,validation,testing
arv,0.5643299314359977,0.12683555811896602,0.05935069405706103
