,training,validation,testing
rmse,0.03603387210508642,0.08384915487070421,0.45741564122143397
