,training,validation,testing
mse,0.0009051020890166249,0.0005916998683184636,0.08118257334191854
