,training,validation,testing
arv,705.6138064844432,1.6298519338800612,1.1541997103932997
