,training,validation,testing
rmse,0.02665203299208384,0.020048240547397754,0.07618654630439241
