,training,validation,testing
nrmse,0.06440652391755651,0.0883089777647493,0.09566023751143787
