,training,validation,testing
mse,0.0012984399388857254,0.007030680772531339,0.20922906883401562
