,training,testing
rmse,0.14384249370196991,0.3480359431039837
