,training,testing
mse,0.02069066299440125,0.12112901769227939
