,training,validation,testing
smape,26.25215503874899,12.448220627831432,11.367599150323986
