,training,validation,testing
smape,16.808727882995445,10.37718147203886,4.8632362379979535
