,arima,lstm,mlp,rf,svr,xgboost
0,0.1211290176922793,0.2092290688340156,0.0058043898377913,0.1273733002521006,0.0017905920443732,0.0811825733419185
