,arima,lstm,mlp,rf,svr,xgboost
0,0.4369958029968461,0.5743335405422666,0.0956602375114378,0.4481179794354064,0.0531314286230366,0.3577540632812914
