,arima,lstm,mlp,rf,svr,xgboost
0,0.3480359431039837,0.4574156412214339,0.0761865463043924,0.3568939621961972,0.0423153877965596,0.2849255575442795
