,arima,lstm,mlp,rf,svr,xgboost
0,78.77076714559857,143.19701129867713,11.367599150323986,83.85926423895681,4.8632362379979535,58.771148674826776
