,training,testing
rmse,0.49684021696787184,0.11324900615443927
