,arima,lstm,mlp,rf,svr,xgboost
frontend,0.1132490061544392,0.4748662601880958,0.070796881283752,0.0637817625120887,0.0698858928897002,0.1253939053358602
