,training,testing
rmse,0.04223111577273868,0.06988589288970026
