,training,testing
rmse,0.12629156068504865,0.12539390533586028
