,training,testing
rmse,0.03909381905702551,0.0059405797141816935
