,training,testing
rmse,0.014550669306772375,0.005927293497740487
