,training,testing
rmse,0.08648405250514007,0.09828770828346169
