,training,testing
rmse,0.2542882105046461,0.34173446316082934
