,training,testing
rmse,0.053344211235000535,0.3832853624754503
