,arima,lstm,mlp,rf,svr,xgboost
0,1.1333575509016791,1.149852251340476,0.4632417895253442,1.1601121905756837,0.3784079724138147,1.055879896720726
