,arima,lstm,mlp,rf,svr,xgboost
0,0.1402683079283583,0.1316846554549324,0.0257113644579079,0.1285565763176605,0.0224510319409577,0.2455254218970602
