,arima,lstm,mlp,rf,svr,xgboost
0,180794.25707074068,174337.21303612363,49453.55032551088,172358.89487090262,35270.946057591216,263296.59244048723
