,training,validation,testing
mape,2.5126913918226244,4.075339478808457,35270.946057591216
