,training,validation,testing
smape,2.5115045002973533,4.02144505447256,28.6576118137583
