,training,validation,testing
mse,0.0004309181261978008,0.0009359680657759351,0.0007955636143763202
