,training,validation,testing
arv,0.008846904525119196,0.02004635063715226,0.3784079724138147
