,training,validation,testing
mae,0.012633841306178294,0.024257782610596378,0.2455254218970602
