,training,testing
mae,0.45647366967481395,0.14026830792835837
