,training,validation,testing
rmse,0.0211065349647203,0.030686995660990906,0.03264478162122561
