,training,validation,testing
nrmse,0.04625134004589885,0.06826408938996117,0.6927794076189708
