,training,testing
nrmse,0.6345941689058501,0.7326186051667423
