,training,validation,testing
arv,0.003771586237786388,0.020711072212748028,1.1601121905756835
