,training,validation,testing
mse,0.0004454858182169605,0.0009416917026976747,0.0010656817670975094
