,training,validation,testing
rmse,0.036902678652789955,0.05146209351086058,0.1412082455773909
