,training,validation,testing
smape,4.709344579084671,8.051089986021456,83.1165465268327
