,training,testing
mse,0.25636533275800333,0.022299034599394633
