,training,validation,testing
rmse,0.013589861786824156,0.03108440098298342,0.13846802817215798
