,training,validation,testing
mse,0.0013618076917510794,0.0026483470685205587,0.019939768619044732
