,training,validation,testing
nrmse,0.02601739497188676,0.040582179490910086,0.13837969497101885
