,training,validation,testing
mape,2.2186368869230755,5.282369104631634,263296.59244048723
