,training,validation,testing
mse,0.00018468434338498346,0.0009662399844709004,0.019173394825885537
