,training,validation,testing
nrmse,0.022313961999434914,0.0448984268806825,1.2408293738329093
