,training,validation,testing
mae,0.015165511818297908,0.02196174861883413,0.02245103194095774
