,training,validation,testing
mae,0.015802038871175487,0.02261452175000587,0.025711364457907997
