,training,validation,testing
arv,0.006664655536444249,0.02531980829277279,1.0558798967207261
