,training,validation,testing
smape,2.6366586886255,4.2042921324716955,30.677135265620443
