,training,validation,testing
nrmse,0.026453513985498396,0.0407060745492047,0.16015801613375738
