,training,validation,testing
nrmse,0.017032620439103283,0.04123322979248717,0.6793356729207444
