,training,validation,testing
mae,0.027632044010082325,0.040884106532402896,0.13168465545493246
