,training,testing
smape,87.92964641822624,85.84183697514088
