,training,validation,testing
mape,4.807300604560891,8.632812384820856,174337.21303612363
