,training,testing
rmse,0.5063253230463625,0.14932861279538706
