,training,validation,testing
rmse,0.017803699705101383,0.03384747475975279,0.25291649407138006
