,training,validation,testing
mse,0.0003169717231894271,0.001145651547612102,0.06396675297335844
