,training,validation,testing
smape,1.7509883155810115,4.523771310134352,82.05254686794515
