,training,validation,testing
arv,0.009090324286648407,0.020097248908787762,0.4632417895253442
