,training,validation,testing
rmse,0.020758567537231484,0.030593595175721584,0.02820573725993207
