,training,testing
arv,1.2383168740406603,1.1333575509016791
