,training,validation,testing
smape,2.1834411551519053,4.993094279786357,110.7244054282314
