,training,validation,testing
arv,0.028250392031575863,0.06157254647139329,1.1498522513404759
