,training,validation,testing
mape,1.755043477160551,4.674366330010347,172358.89487090262
