,training,validation,testing
mape,2.637837099326484,4.266016470937766,49453.55032551088
