,training,testing
mape,58.333511055670215,180794.25707074068
