,training,validation,testing
mae,0.01030452882962429,0.02320210306304902,0.1285565763176605
