,arima,lstm,mlp,rf,svr,xgboost
0,0.0222990345993946,0.0199397686190447,0.0010656817670975,0.0191733948258855,0.0007955636143763,0.0639667529733584
