,arima,lstm,mlp,rf,svr,xgboost
0,0.7326186051667423,0.6927794076189708,0.1601580161337573,0.6793356729207444,0.1383796949710188,1.2408293738329093
