,arima,lstm,mlp,rf,svr,xgboost
0,0.149328612795387,0.1412082455773909,0.0326447816212256,0.1384680281721579,0.028205737259932,0.25291649407138
