,arima,lstm,mlp,rf,svr,xgboost
0,85.84183697514088,83.1165465268327,30.677135265620443,82.05254686794515,28.6576118137583,110.7244054282314
