,training,testing
rmse,0.046206571911402365,0.002191173812128861
