,training,testing
rmse,0.0879578377634589,0.09775801027596943
