,training,testing
rmse,0.25354500494687526,0.3418042371243724
