,training,testing
rmse,0.01836220489766278,0.04115751801498521
