,arima,lstm,mlp,rf,svr,xgboost
frontend,0.1238710493869579,0.0878267147705633,0.0443570223454851,0.0411575180149852,0.0428554583996271,0.1357628512772356
