,training,testing
rmse,0.3165943699431302,0.3072417938876192
