,training,testing
smape,45.62579810187864,49.11997689527915
