,training,testing
arv,26.8211939973465,11.599235881054819
