,training,testing
nrmse,0.316771545946218,0.3091984067262087
