,training,testing
mape,485.81370178311164,81801.46375596478
