,training,testing
mse,0.1002319950796876,0.09439751991128227
