,training,testing
mae,0.268978942297436,0.25826792125134057
