,arima,lstm,mlp,rf,svr,xgboost
0,11.59923588105482,1.3472996363083969,0.0076246804717395,0.0006997383331721,0.0471528075270695,2.5347964905170413
