,arima,lstm,mlp,rf,svr,xgboost
0,1.067197699618006,0.0084258630897205,0.0153015194108337,0.0006816532925692,0.0005926301049778,0.0010167280991968
