,training,validation,testing
smape,1.2505850877113178,2.5707492103249794,3.889946857696662
