,training,validation,testing
mse,5.812838262954708e-05,6.544004032248413e-05,0.00011804536490548323
