,training,validation,testing
rmse,0.0183109762590682,0.013191009230299418,0.03157702237289831
