,training,validation,testing
mse,0.00033529185156015923,0.00017400272451384446,0.0009971083419385207
