,training,validation,testing
mae,0.029405209830393943,0.029046410371398174,0.03278890018868662
