,training,testing
mape,2698.496698013496,49638.478756502256
