,training,validation,testing
mse,0.0013779506774101572,0.0012841968713084352,0.0017243861123176934
