,training,validation,testing
rmse,0.007624197179345972,0.00808950185873544,0.010864868379574748
