,training,validation,testing
mape,16.90492279388064,19.6741539934762,3584.586552941222
