,training,validation,testing
rmse,0.037120758039271735,0.035835692700273494,0.04152572831772723
