,training,validation,testing
mape,1.509515857681992,3.2176929010567004,672.3591288557614
