,training,validation,testing
arv,0.0005898811172156065,0.0007251990316086798,0.0010167280991968065
