,training,validation,testing
mse,8.029851855425494e-06,4.380682551473807e-05,7.948308749540461e-05
