,training,testing
arv,1.0070239901838622,1.067197699618006
