,training,validation,testing
smape,15.266780596466912,14.253056879800518,18.487614341372822
