,training,validation,testing
arv,8.094986862210468e-05,0.0004820217724958334,0.0006816532925692137
