,training,validation,testing
nrmse,0.00649277808205629,0.006104240485880993,0.008362248797447947
