,training,validation,testing
mape,9.504097734414213,10.195911500691533,2664.416117810563
