,training,validation,testing
mape,2.6799925056821334,3.1982876787261407,480.4383437243133
