,training,validation,testing
smape,2.5116553793351577,2.625507863276234,3.664001936394227
