,training,validation,testing
mape,7.358470314646065,7.263823345851171,3055.15833146113
