,training,validation,testing
smape,3.850643320297578,4.8114615146557576,5.325713395926678
