,training,validation,testing
nrmse,0.0076284639159377565,0.008140691035107565,0.01093405929495143
