,training,testing
mae,3.7365945869335686,1.2737740720759911
