,training,validation,testing
mae,0.00463754812011203,0.00470925418151438,0.005481400090104357
