,training,validation,testing
nrmse,0.018321223647822456,0.0132744799939889,0.03177811483039721
