,training,validation,testing
smape,6.651789057348176,7.569384606263744,9.317737558846744
