,training,validation,testing
mse,4.2109023011049574e-05,3.679461675796682e-05,6.904500398902408e-05
