,training,testing
nrmse,4.328431329646626,1.4447697858379152
