,training,validation,testing
mae,0.012528145724366497,0.010212103390662646,0.015828945239719904
