,training,validation,testing
mae,0.0020641929039082615,0.005011390708424214,0.006034653891353037
