,training,validation,testing
arv,0.014525786252154711,0.01481303282877752,0.015301519410833707
