,training,validation,testing
rmse,0.00648914655490609,0.006065856638428477,0.008309332343156343
