,training,validation,testing
nrmse,0.037141531963780144,0.036062455685941235,0.041790177278691026
