,training,validation,testing
arv,0.0033270657852774235,0.0018759095441108898,0.008425863089720518
