,training,testing
mse,18.714365638515257,2.0610256232547424
