,training,testing
smape,187.71771668957726,174.5457477172455
