,training,validation,testing
mae,0.0056142773519872605,0.006050541689660793,0.0074116156477034316
