,training,validation,testing
nrmse,0.002835285149198118,0.006660554473593389,0.00897210442465003
