,training,testing
rmse,4.326010360426251,1.435627257770882
