,training,validation,testing
rmse,0.002833699323397861,0.006618672488855909,0.008915328793454821
