,training,validation,testing
arv,0.0004241100980311698,0.0004038651854112076,0.0005926301049778907
