,training,testing
arv,1.243353980825711,1.3472996363083969
