,training,testing
smape,183.1658491542002,176.87698801136438
