,training,testing
mse,0.8190683032013666,0.742015656204049
