,training,testing
nrmse,0.9055304034887536,0.8668889948348746
