,training,testing
mae,0.8344909846858455,0.7716756746986537
