,training,testing
mape,222.53284189461647,24554.021484790694
