,arima,lstm,mlp,rf,svr,xgboost
0,0.2582679212513405,0.7716756746986537,0.0192270198359694,0.0060282965876316,0.0604180631309597,0.2611726313149036
