,arima,lstm,mlp,rf,svr,xgboost
0,1.2737740720759911,0.0158289452397199,0.0327889001886866,0.006034653891353,0.0054814000901043,0.0074116156477034
