,arima,lstm,mlp,rf,svr,xgboost
0,49638.478756502256,3055.15833146113,3584.586552941222,672.3591288557614,480.4383437243133,2664.416117810563
