,arima,lstm,mlp,rf,svr,xgboost
0,81801.46375596478,24554.021484790694,1186.6847361332786,408.04864560378286,11582.547876929057,42623.10483190188
