,training,testing
arv,0.0043410351216856494,0.00762468047173957
