,training,testing
mae,0.015091078095983555,0.019227019835969427
