,training,testing
nrmse,0.020596289020581544,0.03004794230490789
