,training,testing
smape,8.231599978832314,11.694517374609081
