,training,testing
mse,0.0004237327208348183,0.0008914881258279355
