,training,testing
mape,10.57945715963573,1186.6847361332786
