,arima,lstm,mlp,rf,svr,xgboost
0,2.0610256232547424,0.0009971083419385,0.0017243861123176,7.948308749540461e-05,6.904500398902408e-05,0.0001180453649054
