,arima,lstm,mlp,rf,svr,xgboost
0,0.0943975199112822,0.742015656204049,0.0008914881258279,8.154181440842997e-05,0.0041832352300572,0.0773509536266125
