,arima,lstm,mlp,rf,svr,xgboost
0,0.3091984067262087,0.8668889948348746,0.0300479423049078,0.0090875568476689,0.0650898241733478,0.2798915526839491
