,arima,lstm,mlp,rf,svr,xgboost
0,1.4447697858379152,0.0317781148303972,0.041790177278691,0.00897210442465,0.0083622487974479,0.0109340592949514
