,training,testing
arv,7.789804309818173e-05,0.0006997383331721511
