,training,testing
mse,7.593745512565198e-06,8.154181440842997e-05
