,training,testing
mae,0.0020137226838056912,0.006028296587631652
