,training,testing
mape,1.3790692014200672,408.04864560378286
