,training,testing
nrmse,0.002757217307471434,0.009087556847668904
