,training,testing
rmse,0.00275567514641425,0.009030050631554066
