,training,testing
smape,1.1739346420246897,3.853717293322423
