,arima,lstm,mlp,rf,svr,xgboost
0,0.3072417938876192,0.8614033063577414,0.0298577984089238,0.009030050631554,0.0646779346458837,0.2781203941220646
