,arima,lstm,mlp,rf,svr,xgboost
0,1.435627257770882,0.0315770223728983,0.0415257283177272,0.0089153287934548,0.0083093323431563,0.0108648683795747
