,arima,lstm,mlp,rf,svr,xgboost
0,49.11997689527915,176.87698801136438,11.69451737460908,3.853717293322423,20.134490815331013,51.714544313548416
