,arima,lstm,mlp,rf,svr,xgboost
0,174.5457477172455,9.317737558846744,18.487614341372822,3.889946857696662,3.664001936394227,5.325713395926678
