,training,testing
mape,57.24132974059768,11582.547876929055
