,training,testing
mae,0.057086397151954585,0.060418063130959716
