,training,testing
nrmse,0.061768571443952695,0.0650898241733478
