,training,testing
arv,0.0510319912472707,0.047152807527069525
