,training,testing
mse,0.0038110896173562483,0.004183235230057205
