,training,testing
rmse,0.06173402317487698,0.06467793464588371
