,training,testing
smape,17.071970683460837,20.134490815331013
