,training,testing
mape,255.26507542387358,42623.10483190188
