,training,testing
nrmse,0.2835712562400297,0.2798915526839491
