,training,testing
mae,0.2692866837656667,0.2611726313149036
