,training,testing
mse,0.08032273004059337,0.07735095362661257
