,training,testing
smape,48.39904851871162,51.714544313548416
