,training,testing
arv,1.9626619217878687,2.5347964905170413
