,training,testing
rmse,0.022432807536492416,0.042790722580685454
