,training,testing
rmse,0.006592961933429405,0.047171963098986226
