,arima,lstm,mlp,rf,svr,xgboost
frontend,0.0813219487108424,0.1986746480441741,0.0427907225806854,0.0471719630989862,0.1103154756275132,0.255331660221024
