,training,testing
rmse,0.04421742001663935,0.11031547562751325
