,arima,lstm,mlp,rf,svr,xgboost
0,3.844257998136479,3.0774998237224884,0.0455998327500486,0.1000213328540007,0.0425481896479976,0.5175392775903973
