,arima,lstm,mlp,rf,svr,xgboost
0,0.1762220704926868,0.1730408525202298,0.0331641707415573,0.0489811671821205,0.0201197884357706,0.1251594127301211
