,arima,lstm,mlp,rf,svr,xgboost
0,53.53145793130412,155.77761320925882,34.64357997936585,71.13464696229873,13.91086306238821,211.47825820175115
