,training,validation,testing
mae,0.032259118954749116,0.04968290103490092,0.03316417074155739
