,training,validation,testing
mse,0.04176940019370727,0.06347907133859547,0.041690945420019415
