,training,validation,testing
smape,41.81644369920667,119.39820223016389,79.17016257216709
