,training,validation,testing
mae,0.02406687295021131,0.09144235445245916,0.04898116718212058
