,training,validation,testing
mae,0.15837690182255068,0.22571292479659358,0.17304085252022985
