,training,validation,testing
mape,23399.6467148167,444.27753496898504,211.47825820175115
