,training,validation,testing
mse,0.0037287455937598723,0.06142903928592511,0.03456666809499753
