,training,validation,testing
smape,9.848601744765666,109.47741586171136,61.07298908068097
