,training,validation,testing
arv,0.9786775685512977,2.2049776555164096,3.0774998237224884
