,training,testing
nrmse,0.647666712752359,0.3415449391496996
