,training,testing
rmse,0.647666712752359,0.32829526000967235
