,training,validation,testing
arv,0.07896019023761745,0.21941287614376598,0.04254818964799768
