,training,testing
smape,135.2012842079927,75.1448518002067
