,training,validation,testing
nrmse,0.20437563502948994,0.26466654047720467,0.2124242600091959
