,training,validation,testing
mae,0.029554329191230314,0.03542042358184452,0.020119788435770676
