,training,validation,testing
arv,0.039230996576541916,1.0203608075509196,0.5175392775903973
