,training,validation,testing
rmse,0.20437563502948994,0.2519505335152031,0.20418360712853373
