,training,validation,testing
smape,12.25097533485178,48.57189616168671,26.18104592041534
