,training,validation,testing
arv,0.05203949533980307,0.3272482493582478,0.1000213328540007
