,training,validation,testing
nrmse,0.07154335404864366,0.12665326426169107,0.0845509884060062
