,training,testing
mae,0.5617538227741335,0.17622207049268682
