,training,validation,testing
mse,0.005118451508529577,0.014536680935439148,0.006604970669219268
