,training,testing
mape,15251.52981870917,53.53145793130412
