,training,validation,testing
arv,0.07073366216395287,0.2001136469581505,0.045599832750048655
