,training,testing
arv,1.3326370568495145,3.844257998136479
