,training,validation,testing
mape,18397.54884543507,41.93227097614734,13.91086306238821
