,training,validation,testing
rmse,0.08962199778883088,0.10349240072973605,0.05578614381399953
