,training,validation,testing
nrmse,0.06106345546855232,0.26035781607146075,0.19342473120611478
