,training,validation,testing
smape,9.088537187818824,25.418510780648162,13.690898677261728
