,training,validation,testing
mape,24662.66528152335,82.86419618189775,34.64357997936585
