,training,validation,testing
mape,16461.38181386498,175.12104975969655,71.13464696229873
