,training,validation,testing
nrmse,0.08962199778883088,0.1087156882927059,0.058037618617422314
