,training,validation,testing
mape,54046.792277113025,372.92855869619655,155.77761320925882
