,training,validation,testing
rmse,0.07154335404864366,0.12056815887886464,0.0812709706427779
