,training,validation,testing
rmse,0.08313188337578215,0.0978224573298156,0.05504821938049765
