,training,validation,testing
nrmse,0.08313188337578215,0.10275958141957658,0.05726991226756502
