,training,validation,testing
rmse,0.06106345546855232,0.2478488234507582,0.18592113407301908
