,training,validation,testing
mse,0.008032102487661208,0.01071067700880427,0.003112093841636238
