,training,validation,testing
mae,0.02702378800370283,0.2124966005785296,0.12515941273012113
