,training,testing
mse,0.41947217080744664,0.10777777774481838
