,training,validation,testing
smape,8.528160643148055,77.80517741435573,39.53500316421696
