,training,validation,testing
mse,0.006910910033604644,0.009569233158043595,0.0030303064569633968
