,arima,lstm,mlp,rf,svr,xgboost
0,0.1077777777448183,0.0416909454200194,0.0030303064569633,0.0066049706692192,0.0031120938416362,0.0345666680949975
