,arima,lstm,mlp,rf,svr,xgboost
0,0.3415449391496996,0.2124242600091959,0.057269912267565,0.0845509884060062,0.0580376186174223,0.1934247312061147
