,arima,lstm,mlp,rf,svr,xgboost
0,0.3282952600096723,0.2041836071285337,0.0550482193804976,0.0812709706427779,0.0557861438139995,0.185921134073019
