,arima,lstm,mlp,rf,svr,xgboost
0,75.1448518002067,79.17016257216709,26.18104592041534,39.53500316421696,13.690898677261728,61.07298908068097
