,training,testing
rmse,0.23887182550848357,0.15044522944616873
