,training,testing
rmse,0.04589006951851588,0.043650065764835
