,arima,lstm,mlp,rf,svr,xgboost
frontend,0.1504452294461687,0.0390074391061508,0.043650065764835,0.0325203892389767,0.0491442030129419,0.1262210411637623
