,training,testing
rmse,0.2020834144618433,0.12622104116376234
