,arima,lstm,mlp,rf,svr,xgboost
0,22.182298661248723,4.628474966315495,0.4974097780958285,2.533138175311831,0.4686543871779238,4.082573773422003
