,arima,lstm,mlp,rf,svr,xgboost
0,0.0741768129431901,0.0720208825771509,0.0413357891451557,0.0838581858912371,0.034347227868673,0.0549771362358082
