,arima,lstm,mlp,rf,svr,xgboost
0,16.929295857078966,17.25751254765526,9.407985221042471,16.764776815103122,7.908394715799619,12.206039884361704
