,training,validation,testing
smape,24.98112246325429,11.85514434321937,16.033380122159013
