,training,validation,testing
mse,0.00046978370293947116,0.000662841497716434,0.0045610236529703505
