,training,validation,testing
rmse,0.02167449429489581,0.025745708335884528,0.06753535113531542
