,training,testing
mae,0.2525844547549602,0.07417681294319017
