,training,validation,testing
mae,0.023461028397719488,0.02549003335724679,0.05497713623580826
