,training,validation,testing
arv,0.18540804608024009,0.1005137456899818,4.082573773422003
