,training,validation,testing
mape,24657.140759373073,9.189328711977387,12.206039884361704
