,training,validation,testing
mape,10781.151220720343,7.161889994587864,9.407985221042471
