,training,validation,testing
arv,0.06388899758587953,0.06472940930846716,0.4686543871779238
