,training,validation,testing
rmse,0.013400403106437302,0.03713825638242694,0.12243857775844906
