,training,testing
mape,102514.14201608842,16.929295857078966
