,training,testing
nrmse,0.551357945799977,0.13358546207279287
