,training,validation,testing
rmse,0.03173008499994053,0.033792508773804894,0.08696516252806895
