,training,testing
mse,0.07128816598216006,0.01213559066760043
