,training,validation,testing
smape,10.731652944044658,5.850419390504072,7.663470052971808
