,training,validation,testing
mse,0.0019240159091416058,0.0016052307571817618,0.012400190394343938
