,training,testing
arv,1.120030695999948,22.182298661248723
