,training,validation,testing
smape,13.442080917691824,7.294239510256969,9.241170902833463
