,training,validation,testing
smape,21.60272657769953,9.086840736625943,12.112629369374705
