,training,validation,testing
nrmse,0.06552335888520174,0.07827293511964681,0.10545666922135377
