,training,testing
smape,91.53925102701685,16.528729465399618
