,training,validation,testing
smape,7.803739771997748,9.168014448977065,18.792494860333143
