,training,validation,testing
mse,0.0005116762165070375,0.0007973434530637198,0.00441274684491906
