,training,validation,testing
arv,0.325734960385255,0.16107112732813866,4.628474966315495
