,training,validation,testing
mape,8420.822578243262,8.83078701676913,16.764776815103122
