,training,validation,testing
mape,8647.674436276822,5.801451676694104,7.908394715799619
