,training,validation,testing
mae,0.009279391401700633,0.027489927209338065,0.08385818589123713
