,training,testing
rmse,0.26699843816427105,0.11016165697555765
