,training,validation,testing
arv,0.02478610020330256,0.16483199571992793,2.533138175311831
