,training,validation,testing
mae,0.013498644862586087,0.015758347485617493,0.034347227868673
