,training,validation,testing
nrmse,0.09057935966370842,0.0928025522974404,0.13503393205986086
