,training,validation,testing
rmse,0.04386360574715223,0.0400653311128432,0.11135614214916004
