,training,validation,testing
mape,21427.52950454809,11.854827898926011,17.25751254765526
