,training,validation,testing
nrmse,0.044758331669845115,0.059634286748966266,0.0818954737550938
