,training,validation,testing
arv,0.0717434775142182,0.07818904970789554,0.49740977809582854
