,training,validation,testing
mae,0.03381343795142999,0.032180479472745924,0.07202088257715096
