,training,validation,testing
mse,0.001006798294103451,0.0011419336492276809,0.007562939493533447
