,training,validation,testing
nrmse,0.04671136217651087,0.06540544436552019,0.08055328278785057
