,training,validation,testing
rmse,0.022620261194491932,0.028237270637646972,0.06642850927816354
