,training,validation,testing
mae,0.016133692315880143,0.02016539820200202,0.041335789145155705
