,training,validation,testing
mse,0.00017957080341501447,0.0013792500871268754,0.014991205323511777
