,training,validation,testing
nrmse,0.027672142131075574,0.0860226256575506,0.14847283922959714
