,arima,lstm,mlp,rf,svr,xgboost
0,0.0121355906676004,0.0124001903943439,0.004412746844919,0.0149912053235117,0.0045610236529703,0.0075629394935334
