,arima,lstm,mlp,rf,svr,xgboost
0,0.1335854620727928,0.1350339320598608,0.0805532827878505,0.1484728392295971,0.0818954737550938,0.1054566692213537
