,arima,lstm,mlp,rf,svr,xgboost
0,0.1101616569755576,0.11135614214916,0.0664285092781635,0.122438577758449,0.0675353511353154,0.0869651625280689
