,arima,lstm,mlp,rf,svr,xgboost
0,16.528729465399618,16.033380122159013,9.241170902833463,18.792494860333143,7.663470052971808,12.112629369374703
