,training,testing
rmse,0.1985179809882394,0.2059238273624882
