,training,testing
mse,0.03940938877564698,0.04240462267561585
