,training,testing
mae,0.18142372218530323,0.17337728455657425
