,training,testing
smape,36.16810616288302,65.2263245802186
