,training,testing
arv,1.206450231367653,1.4216284541164805
