,training,testing
nrmse,0.27516558981722056,0.4709123882356901
