,training,testing
mape,30.063466675580493,46701.01625238056
