,arima,lstm,mlp,rf,svr,xgboost
0,1.3994936487476115,0.2092323598375671,0.3946474277540209,1.1279874634610094,0.1903110630356196,1.163848130246654
