,arima,lstm,mlp,rf,svr,xgboost
0,1.4216284541164803,1.003255241369104,0.341515423590874,1.5545759513630324,1.1722879883155763,1.2070114088492527
