,training,validation,testing
mape,8.004705203415236,6.357082528520042,7326.505894336
