,training,testing
mape,33.152378965948046,47283.0492804687
