,training,validation,testing
nrmse,0.08777718165823563,0.0687838036062648,0.31993060791646033
