,training,validation,testing
arv,7.468799734140461,0.40830133321341766,0.3946474277540209
