,training,testing
mae,0.20558224850159892,0.1778124987450819
