,training,validation,testing
mape,5.834457303781578,13.687075855226215,63372.84552193851
