,training,validation,testing
mae,0.04791058522052105,0.024914707436036163,0.11259271807153776
