,training,validation,testing
smape,7.908403705150165,6.538448050924521,21.665785797344785
