,training,validation,testing
rmse,0.04763612116836943,0.07546014714667759,0.33276296416078954
