,training,validation,testing
mse,0.0040578018436355735,0.0015012920954239934,0.0017819751295658536
