,training,testing
rmse,0.21607099573130203,0.20979594517617794
