,training,validation,testing
mape,7.981434660206239,5.279616989827017,30404.028124932232
