,training,validation,testing
mse,0.0022692000399675747,0.005694233807398235,0.11073119031707492
