,training,validation,testing
smape,4.703781897772985,10.247681194292946,83.77209447144821
