,training,validation,testing
mae,0.04608980098083729,0.027752560192416266,0.05672518595478228
