,training,validation,testing
mse,0.0014884195447957768,0.003722293993916504,0.08924583371639733
