,training,validation,testing
mae,0.03501061928334008,0.060727089537206014,0.31331619793193427
