,training,validation,testing
smape,7.574428491343675,5.735566555400892,60.86113367416455
