,training,validation,testing
mae,0.028498520804058024,0.04992844477290051,0.27691457759721755
