,training,validation,testing
mape,4.753143832687289,11.145954461133913,59065.419837082685
