,training,testing
smape,40.17785027100183,66.16971258201433
