,training,validation,testing
arv,8.325250412167135,0.5407866582854711,0.1903110630356196
