,training,validation,testing
arv,1.019797780052652,1.457681220520734,1.1638481302466541
