,training,validation,testing
arv,7.850412240038875,0.3762254896216458,0.2092323598375671
