,training,validation,testing
rmse,0.06332677313033824,0.03344458957791175,0.13990146982413137
