,training,validation,testing
nrmse,0.05347575880617161,0.12547744090924268,0.6831679589652674
