,training,validation,testing
smape,7.872094438327065,5.146354247331192,88.28270584922
