,training,validation,testing
rmse,0.0637008778874795,0.03874651075160179,0.04221344725991771
