,training,validation,testing
mae,0.048124992917983285,0.03046309678438515,0.036546444823666285
