,training,testing
nrmse,0.2994958073159135,0.47976725593375824
