,training,validation,testing
nrmse,0.06602838348771796,0.1551950855711772,0.7609716863580901
