,training,validation,testing
rmse,0.06210966138359367,0.03636295446026476,0.07394352051230015
