,training,validation,testing
arv,2.946143606986698,1.7592106179488332,1.1279874634610094
