,training,validation,testing
rmse,0.03858004075679258,0.06101060558555786,0.2987404119237927
