,training,validation,testing
mse,0.004010280195101329,0.0011185405720349634,0.01957242125895234
