,training,testing
mse,0.04668667519631634,0.044014338612365866
