,training,validation,testing
nrmse,0.0882957279160595,0.07968799795726524,0.09653489603141674
