,training,validation,testing
mse,0.003857610037184667,0.001322264457079289,0.005467644225752952
