,training,validation,testing
mape,7.621878841643747,5.976183020607417,18382.523285098217
