,training,validation,testing
smape,5.761574592010615,12.30481186134688,89.11395974863593
