,training,validation,testing
nrmse,0.0860901441919102,0.07478585773378098,0.16909611813744446
