,training,testing
arv,1.105956130220299,1.3994936487476115
