,training,testing
mse,0.004843459950738701,0.03695217415896621
