,training,testing
mape,9.076473664947951,35344.62168984011
