,training,testing
arv,5.853398452363752,1.003255241369104
