,training,testing
mae,0.05267030747461726,0.18344412944412858
