,training,testing
smape,9.165194422035947,69.24622288678822
