,training,testing
nrmse,0.09646552455129682,0.4395957773236518
