,training,testing
rmse,0.06959497072877249,0.19222948306377513
