,arima,lstm,mlp,rf,svr,xgboost
0,0.1778124987450819,0.0365464448236662,0.1125927180715377,0.3133161979319342,0.0567251859547822,0.2769145775972175
