,arima,lstm,mlp,rf,svr,xgboost
0,0.1733772845565742,0.1834441294441285,0.0953464786846329,0.148082115184244,0.3501733937827485,0.2463324037894481
