,arima,lstm,mlp,rf,svr,xgboost
0,46701.01625238056,35344.62168984011,17548.737409817055,43316.39352561976,71756.58371858633,55396.61323318548
