,arima,lstm,mlp,rf,svr,xgboost
0,47283.0492804687,7326.505894336,30404.028124932232,63372.84552193851,18382.523285098217,59065.419837082685
