,training,testing
mse,0.003825161697785105,0.011883311013865255
