,training,testing
rmse,0.06184789161956214,0.10901060046557516
