,training,testing
mape,7.960969738198041,17548.737409817055
