,training,testing
mae,0.04561922693694983,0.09534647868463293
