,training,testing
nrmse,0.08572730536412494,0.24928850082941828
