,training,testing
smape,7.773283453687214,86.19539239733537
