,training,testing
arv,0.7164574147652577,0.34151542359087406
