,arima,lstm,mlp,rf,svr,xgboost
0,0.0440143386123658,0.0017819751295658,0.0195724212589523,0.1107311903170749,0.0054676442257529,0.0892458337163973
