,arima,lstm,mlp,rf,svr,xgboost
0,0.0424046226756158,0.0369521741589662,0.0118833110138652,0.033330898393871,0.1469076690879373,0.073241475656727
