,arima,lstm,mlp,rf,svr,xgboost
0,0.4709123882356901,0.4395957773236518,0.2492885008294182,0.4175005229553708,0.8765077248752411,0.6188879927247404
