,arima,lstm,mlp,rf,svr,xgboost
0,0.4797672559337582,0.0965348960314167,0.3199306079164603,0.7609716863580901,0.1690961181374444,0.6831679589652674
