,training,testing
arv,0.0972938183039662,1.5545759513630324
