,training,testing
mae,0.01580190600231207,0.14808211518424402
