,training,testing
mape,2.7256863989108546,43316.39352561976
