,training,testing
mse,0.00046754859405813366,0.03333089839387109
