,training,testing
nrmse,0.029971442894865304,0.4175005229553708
