,training,testing
rmse,0.02162287201224975,0.18256751735692495
