,training,testing
smape,2.707731832721971,59.843799151425095
