,arima,lstm,mlp,rf,svr,xgboost
0,0.2097959451761779,0.0422134472599177,0.1399014698241313,0.3327629641607895,0.0739435205123001,0.2987404119237927
