,arima,lstm,mlp,rf,svr,xgboost
0,0.2059238273624882,0.1922294830637751,0.1090106004655751,0.1825675173569249,0.3832853624754503,0.2706316235341447
