,arima,lstm,mlp,rf,svr,xgboost
0,66.16971258201433,21.665785797344785,88.28270584922,89.11395974863593,60.86113367416455,83.77209447144821
