,arima,lstm,mlp,rf,svr,xgboost
0,65.2263245802186,69.24622288678822,86.19539239733537,59.843799151425095,92.2508427798774,78.82684130852185
