,training,testing
arv,0.5926758288832443,1.1722879883155763
