,training,testing
mape,7.5537349157520115,71756.58371858633
