,training,testing
smape,7.427425614037607,92.25084277987739
