,training,testing
nrmse,0.07394036184905038,0.8765077248752411
