,training,testing
mse,0.002845604872284357,0.14690766908793731
