,training,testing
mae,0.04302284559979816,0.35017339378274853
