,training,testing
arv,2.3976606242925738,1.2070114088492527
