,training,testing
mse,0.007752631405785334,0.07324147565672708
