,training,testing
rmse,0.08804902842045069,0.27063162353414477
