,training,testing
smape,12.039194313499918,78.82684130852185
