,training,testing
mape,11.28142018331075,55396.61323318548
