,training,testing
nrmse,0.12204467684759422,0.6188879927247404
