,training,testing
mae,0.06887364613584897,0.24633240378944818
