,training,testing
rmse,0.04916736183029944,0.05633258759028287
