,training,testing
rmse,0.1648526562985902,0.1870580512832129
