,training,testing
rmse,0.04877985174711389,0.047876876432641276
