,training,testing
rmse,0.012661858009603622,0.032599261149947725
