,arima,lstm,mlp,rf,svr,xgboost
frontend,0.1504452294461687,0.0971464767451956,0.0478768764326412,0.0325992611499477,0.0483273480884031,0.1263498912421022
