,training,testing
rmse,0.048574992734472695,0.04832734808840317
