,training,testing
rmse,0.2028998458585619,0.12634989124210225
