,training,testing
mape,20.936819328235785,91813.58364595109
