,training,testing
nrmse,0.9517844837556138,0.40376752321187354
