,training,testing
arv,0.9537245126758569,1.829943699494279
