,training,testing
smape,23.431120653247387,45.86970605516668
