,training,testing
mse,0.038320674407506874,0.11273434638368235
