,training,testing
mae,0.19455951143600983,0.24840882938069112
