,arima,lstm,mlp,rf,svr,xgboost
0,1.9961516027807973,0.3579998972050581,0.0041633180476215,1.4605741621751085,0.0106651365152718,1.5030018230439577
