,arima,lstm,mlp,rf,svr,xgboost
0,1.829943699494279,4.974804756780466,0.0411858645787673,1.8511565411785988,1.4778669341607678,21.990067445911748
