,training,validation,testing
arv,0.0718101730903757,1.7029441519785902,1.4605741621751085
