,training,validation,testing
mae,0.004339637309063085,0.003774152455806645,0.018362594804665906
