,training,validation,testing
mse,2.8305310745433502e-05,0.0014845938620772707,0.17937996184485172
