,training,validation,testing
nrmse,0.07148067836036259,0.060340135493064495,0.01813434258636526
