,training,validation,testing
nrmse,0.05824434691260281,0.040808206609372115,0.03195154317227509
