,training,validation,testing
mape,0.4929801867239927,2.321292849352897,104610.03459952206
