,training,validation,testing
rmse,0.005320273559266808,0.03853042774324301,0.42353271638074397
