,training,testing
mape,49.61378746170879,71012.7758193523
