,training,validation,testing
rmse,0.011562429474678282,0.011328762391874424,0.10939569666031845
