,training,validation,testing
mse,5.695225297823809e-05,0.0007881376754447772,0.1690206753647154
