,training,validation,testing
mse,0.0001336897753569091,0.00012834085733154832,0.01196741844779641
