,training,validation,testing
mae,0.004686242893828714,0.019687444821789513,0.33534370840008554
