,training,validation,testing
smape,0.6591722287744116,0.6555166431562127,5.091865622698021
