,training,validation,testing
arv,0.26897134779981635,0.10989935140438573,0.004163318047621596
