,training,validation,testing
mae,0.006267322964381853,0.005678239256402676,0.011991097393667365
