,training,testing
smape,70.56910235775369,36.03418765081942
