,training,validation,testing
nrmse,0.08334361999022193,0.08561434922868069,0.13155383002114024
