,training,validation,testing
mse,6.529215960696401e-05,2.9158611197910992e-05,0.0007059552301036988
