,training,testing
rmse,0.5003355020480689,0.23559868453660757
