,training,validation,testing
arv,0.40203289365832984,0.26333371705360964,0.3579998972050581
