,training,validation,testing
rmse,0.009916659516839085,0.007984398221243947,0.015079903339899082
