,training,validation,testing
rmse,0.008080356403461669,0.005399871405682824,0.02656981802917925
