,training,validation,testing
mse,9.834013597291519e-05,6.37506149554035e-05,0.00022740348474069945
