,training,validation,testing
mae,0.007859241185323631,0.007889079171782004,0.07975010415171141
