,training,validation,testing
smape,0.2864435417599605,3.4004005196146916,56.12864737288055
