,training,testing
nrmse,3.6064887610024905,0.2833192734717111
