,training,validation,testing
mae,0.0027197781920907764,0.029829684051055246,0.35044926771739415
