,training,testing
mae,0.46844980192619917,0.1594244416839813
