,training,validation,testing
mape,0.4578328388955718,0.43570723816722023,7644.26643013162
