,training,testing
mse,0.25033561460969317,0.05550674015537992
