,training,validation,testing
nrmse,0.03834928106922753,0.29118427791428425,0.5093194035972969
