,training,validation,testing
smape,0.8264817260832608,0.9116530441012565,24.425966779534978
