,training,validation,testing
arv,0.1621773857491244,0.045278197823518884,0.01066513651527189
