,training,validation,testing
mape,0.28713190396314026,3.5017506487509995,106393.0660311226
