,training,validation,testing
arv,0.15086441503034148,2.3562099611609764,1.5030018230439577
