,training,validation,testing
smape,0.4569606609113973,0.4354394305322604,15.54893300903816
