,training,testing
arv,0.976270847926864,1.9961516027807975
