,training,validation,testing
mape,0.8279604948272243,0.9182957766305051,34970.26857030889
