,training,validation,testing
rmse,0.007546671649027675,0.028073789830458894,0.41112124168512065
