,training,validation,testing
mape,0.6600897002140802,0.657557084898478,3026.3428886055094
