,training,validation,testing
nrmse,0.05439747204382794,0.2121607959966943,0.49439398073089647
