,training,validation,testing
smape,0.4928562771822306,2.2678546562347934,54.6720762686464
