,training,testing
arv,1.0070568937921855,4.974804756780466
