,training,testing
nrmse,1.7242085882612455,0.23171946913321978
