,training,testing
mae,0.35325582481508966,0.17223486014945352
