,training,testing
mape,37.84164734043879,42897.76466988105
