,training,testing
smape,46.70239555441272,38.620867387724374
