,training,testing
mse,0.12575796774392103,0.03712945147612602
