,training,testing
rmse,0.35462369879059275,0.1926900398986051
