,arima,lstm,mlp,rf,svr,xgboost
0,0.2484088293806911,0.1722348601494535,0.044688193667884,0.2572843359386357,0.3447103380383253,0.1983173947608027
