,arima,lstm,mlp,rf,svr,xgboost
0,0.1594244416839813,0.0797501041517114,0.0119910973936673,0.3504492677173941,0.0183625948046659,0.3353437084000855
