,arima,lstm,mlp,rf,svr,xgboost
0,91813.58364595108,42897.76466988105,5052.982783093504,95178.9834674028,105675.35293076962,71126.6878137728
