,arima,lstm,mlp,rf,svr,xgboost
0,71012.7758193523,34970.26857030889,3026.3428886055094,106393.0660311226,7644.26643013162,104610.03459952206
