,training,testing
mae,0.009109403204568309,0.04468819366788408
