,training,testing
nrmse,0.06335942165783837,0.06551985956437294
