,training,testing
mape,0.9850889440888682,5052.982783093504
