,training,testing
smape,0.9838465561569439,25.54679296287895
