,training,testing
rmse,0.013031342387752363,0.05448408975230159
