,training,testing
arv,0.08673928386784348,0.04118586457876737
