,training,testing
mse,0.00016981588442683144,0.0029685160361368553
