,arima,lstm,mlp,rf,svr,xgboost
0,0.1127343463836823,0.037129451476126,0.0029685160361368,0.122147274297369,0.1756087679081582,0.0592743286545529
