,arima,lstm,mlp,rf,svr,xgboost
0,0.0555067401553799,0.0119674184477964,0.0002274034847406,0.1793799618448517,0.0007059552301036,0.1690206753647154
