,arima,lstm,mlp,rf,svr,xgboost
0,0.2833192734717111,0.1315538300211402,0.0181343425863652,0.5093194035972969,0.031951543172275,0.4943939807308964
