,arima,lstm,mlp,rf,svr,xgboost
0,0.4037675232118735,0.2317194691332197,0.0655198595643729,0.4202862174356265,0.5039371275077015,0.2927767463426743
