,training,testing
arv,0.004974585528452015,1.8511565411785988
