,training,testing
mae,0.0016469450988755123,0.2572843359386357
