,training,testing
mape,0.17736446666153205,95178.98346740281
