,training,testing
mse,7.8199139729763e-06,0.12214727429736909
