,training,testing
nrmse,0.01359637193554103,0.4202862174356265
