,training,testing
smape,0.1772753881215553,46.631624354523396
