,arima,lstm,mlp,rf,svr,xgboost
0,0.2355986845366075,0.1093956966603184,0.015079903339899,0.4235327163807439,0.0265698180291792,0.4111212416851206
