,arima,lstm,mlp,rf,svr,xgboost
0,36.03418765081942,24.425966779534978,5.091865622698021,56.12864737288055,15.54893300903816,54.6720762686464
