,arima,lstm,mlp,rf,svr,xgboost
0,45.86970605516668,38.62086738772437,25.54679296287895,46.6316243545234,55.54840507409882,41.66616503789467
