,training,testing
smape,4.954605143223356,55.54840507409882
