,training,testing
mse,0.002631075456056786,0.17560876790815827
