,training,testing
mape,4.842816517502327,105675.35293076962
