,training,testing
rmse,0.05129400994323593,0.41905699840016786
