,training,testing
arv,2.340531598773356,1.4778669341607678
