,training,testing
nrmse,0.24939555019054252,0.5039371275077015
