,training,testing
mae,0.04561762608898067,0.34471033803832535
