,training,testing
smape,38.64770266415843,41.66616503789467
