,training,testing
nrmse,1.4767075650163526,0.29277674634267437
