,training,testing
mse,0.09224543900108957,0.0592743286545529
