,training,testing
arv,1.0080856094391788,21.990067445911748
