,training,testing
mape,32.368292234227916,71126.6878137728
