,training,testing
mae,0.30228326867724464,0.1983173947608027
