,training,testing
rmse,0.2797909125297267,0.21697535104500523
