,training,testing
rmse,0.03295938483688065,0.06623868535984345
