,training,testing
rmse,0.040336077429218395,0.4378941596648949
