,arima,lstm,mlp,rf,svr,xgboost
0,22.182298661248723,4.079713063367016,0.4764412771311627,1.9066654128354088,0.4741736150509632,3.1960652556475835
