,arima,lstm,mlp,rf,svr,xgboost
0,0.0741768129431901,0.0748708399237449,0.0418818884755231,0.0992648072628301,0.032836104011647,0.057202362059262
