,arima,lstm,mlp,rf,svr,xgboost
0,16.929295857078966,18.3418372556052,9.686269607314168,19.89657940122873,7.542829321051355,12.088504594009226
