,training,testing
arv,1.1175461869784151,22.182298661248723
