,training,validation,testing
mse,0.00019632444900098299,0.0020181170844421137,0.018494046468137713
