,training,validation,testing
rmse,0.02216029266441379,0.025751199460049133,0.0674871910147295
