,training,validation,testing
arv,0.24902547838640088,0.09267323305721313,3.1960652556475835
