,training,testing
smape,91.34361701169537,16.528729465399618
