,training,validation,testing
nrmse,0.072769720394196,0.06904512898189864,0.11226781641959625
