,training,validation,testing
mape,22894.548127125116,11.931047803159052,18.3418372556052
