,training,validation,testing
rmse,0.01401158267295251,0.04492345806415746,0.13599281770791322
