,training,validation,testing
smape,23.162431162886797,7.903631662704097,12.492965976684278
