,training,validation,testing
arv,0.0681796345083082,0.06497649089403713,0.4741736150509632
