,training,validation,testing
mae,0.013716257894904178,0.015378573133448252,0.03283610401164709
