,training,validation,testing
rmse,0.03523917962714857,0.029808619331098223,0.09258199574944115
