,training,validation,testing
mae,0.009637724190843442,0.034662889832677644,0.09926480726283018
