,training,validation,testing
arv,0.3571426490968663,0.15826746637509548,4.0797130633670164
