,training,validation,testing
smape,10.67762107718589,5.719413030547107,7.248004674138253
