,training,testing
rmse,0.26657969130068104,0.11016165697555765
