,training,validation,testing
nrmse,0.04731393177118421,0.06415690481288702,0.08636465983312286
