,training,validation,testing
smape,26.56567722152922,11.49869078579906,16.55551046906737
