,training,testing
mape,100096.95644541229,16.929295857078966
