,training,validation,testing
mape,7927.0416512881075,5.690159500275286,7.542829321051355
