,training,validation,testing
arv,0.07436295829059428,0.07534615588558877,0.47644127713116274
