,training,testing
mse,0.07106473181396639,0.01213559066760043
