,training,validation,testing
nrmse,0.09561381252115375,0.09162075220513403,0.13827450731012172
