,training,validation,testing
arv,0.02771130472406883,0.2704482720965689,1.9066654128354092
