,training,validation,testing
smape,7.97613813284067,11.297539496644376,22.903748281926315
