,training,validation,testing
mape,8044.956541244212,10.750805334900045,19.896579401228735
