,training,validation,testing
mse,0.0004910785709724716,0.0006631242736312347,0.0045545209510585855
