,training,validation,testing
mape,26660.920737891094,8.062399233637212,12.088504594009226
