,training,validation,testing
mae,0.0365728270378645,0.031490411201512726,0.07487083992374495
