,training,validation,testing
smape,13.74595712376914,6.760145744174972,9.685452605354758
