,training,validation,testing
mae,0.025631128767289593,0.021877245200378287,0.05720236205926209
