,training,validation,testing
nrmse,0.02893424206179284,0.10405533788399017,0.1649091334576008
