,training,validation,testing
mae,0.01644805934526057,0.019076475128608623,0.04188188847552317
