,training,validation,testing
nrmse,0.045761516530895184,0.059647005733766925,0.0818370732903715
