,training,validation,testing
mse,0.0005249624560992676,0.0007671926592871833,0.005072413606494156
