,training,validation,testing
rmse,0.022912059185050734,0.027698242891692305,0.07122087900675023
