,training,validation,testing
rmse,0.046301570158818126,0.03955511656771211,0.11402849237038537
