,training,validation,testing
mse,0.002143835399171957,0.0015646072466852928,0.013002497072263034
