,training,testing
mae,0.25246158658820855,0.07417681294319017
