,training,testing
nrmse,0.5504932238483935,0.13358546207279287
