,training,validation,testing
mse,0.0012417997807944428,0.0008885537864263228,0.00857142593694954
