,training,validation,testing
mape,11641.163590594186,6.697247939063372,9.686269607314168
