,arima,lstm,mlp,rf,svr,xgboost
0,0.0121355906676004,0.013002497072263,0.0050724136064941,0.0184940464681377,0.0045545209510585,0.0085714259369495
