,arima,lstm,mlp,rf,svr,xgboost
0,0.1335854620727928,0.1382745073101217,0.0863646598331228,0.1649091334576008,0.0818370732903715,0.1122678164195962
