,arima,lstm,mlp,rf,svr,xgboost
0,0.1101616569755576,0.1140284923703853,0.0712208790067502,0.1359928177079132,0.0674871910147295,0.0925819957494411
