,arima,lstm,mlp,rf,svr,xgboost
0,16.528729465399618,16.55551046906737,9.685452605354758,22.903748281926315,7.248004674138253,12.492965976684278
