,arima,lstm,mlp,rf,svr,xgboost
0,0.3254903203268242,0.3856272094813504,0.1632726838202833,1.04184948801366,0.1488298190630726,1.0299568461181017
