,arima,lstm,mlp,rf,svr,xgboost
0,0.0237087528489598,0.034391107932506,0.0182012890277857,0.3111837498522246,0.0162861201268949,0.3678018761176725
