,arima,lstm,mlp,rf,svr,xgboost
0,2.7888408285589783,4.013750321342435,2.1010743160802967,35.08234382558485,1.895973890589283,41.56389749320365
