,training,validation,testing
rmse,0.014135051501240212,0.1867337241594344,0.37327031612173167
