,training,validation,testing
nrmse,0.02427562640791724,0.6405777672792662,1.471499060392737
