,training,validation,testing
nrmse,0.028614228274768543,0.044410214589127694,0.09616515079598764
