,training,validation,testing
mse,0.00026077951219272984,0.00015092880866979935,0.0005500346786581038
