,training,validation,testing
rmse,0.016661303957132313,0.012945945339579816,0.02439389681154939
