,training,validation,testing
mape,5.451697283293901,1.1806024255663057,1.8959738905892827
