,training,validation,testing
arv,0.006576519362220653,1.2410048638503748,1.0299568461181017
