,training,validation,testing
nrmse,0.01330258495599594,0.4738740635900559,1.2521487830663347
