,training,validation,testing
smape,7.573525479104718,27.35964138984369,52.65617322510057
