,training,validation,testing
mae,0.005047121629700631,0.11285055608555522,0.3111837498522246
