,training,validation,testing
mse,0.0006578985637127259,0.00040602019392800006,0.0018994643849150495
