,training,validation,testing
nrmse,0.04405067009035371,0.06912305430196335,0.17181145354617774
