,training,testing
arv,0.958425190219344,0.3254903203268242
