,training,validation,testing
mape,6.058786423694183,1.3326337509512254,2.1010743160802967
