,training,validation,testing
mse,5.999650918086094e-05,0.01908216615704787,0.10088783499402965
