,training,testing
nrmse,1.267948352326144,0.12017036118461259
