,training,validation,testing
mae,0.011569904693836728,0.009133552486444648,0.018201289027785752
