,training,validation,testing
smape,5.272920891382393,1.1812510873613804,1.8838069800004724
