,training,validation,testing
arv,0.008203719082170042,0.02328685726239742,0.14882981906307263
