,training,validation,testing
arv,0.0018939954841369147,1.506955269079846,1.04184948801366
