,training,validation,testing
mae,0.010360817533349042,0.008068892402743846,0.01628612012689493
