,training,validation,testing
smape,2.660206868091293,17.36145884775925,42.75136160508712
