,training,validation,testing
mae,0.01836855962082371,0.014490974434793694,0.03439110793250602
