,training,validation,testing
rmse,0.007745741357730772,0.13813821396358023,0.3176284543204995
