,training,validation,testing
mape,2.735914552518279,15.451928558800532,35.08234382558485
