,training,validation,testing
rmse,0.025649533401462216,0.020149942777288477,0.04358284507595907
