,training,validation,testing
smape,8.902928582341938,2.1031096584139495,3.892737427870765
