,training,testing
smape,113.37550484393344,2.7572089764980867
