,training,validation,testing
rmse,0.01614866905329135,0.012285308651792162,0.023452818138938097
