,training,validation,testing
mse,0.0002775990495519529,0.00016759750073538834,0.0005950622016525195
