,training,testing
rmse,0.7382925968574584,0.030483219402036948
