,training,validation,testing
mape,9.678861907790584,2.1150952132221317,4.013750321342435
