,training,testing
mse,0.5450759585745296,0.0009292266651127217
