,training,validation,testing
smape,5.843423206415275,1.3394563968413682,2.103185310259027
