,training,testing
mae,0.7363779212903991,0.02370875284895982
