,training,validation,testing
arv,0.008754929562522924,0.026505637229115017,0.1632726838202833
