,training,validation,testing
mse,0.00019979968094271318,0.03486948373845174,0.1393307288976175
