,training,validation,testing
nrmse,0.027733825864617444,0.04214394385334746,0.09245524855438655
