,training,validation,testing
mape,10.098183479738909,23.57508525432081,41.56389749320365
