,training,testing
mape,605.4453057384501,2.7888408285589783
