,training,validation,testing
mae,0.01001347503850872,0.16759224592640443,0.3678018761176725
