,training,validation,testing
arv,0.020478649654512234,0.06072765846254145,0.3856272094813504
