,arima,lstm,mlp,rf,svr,xgboost
0,0.0009292266651127,0.001899464384915,0.0005950622016525,0.1008878349940296,0.0005500346786581,0.1393307288976175
