,arima,lstm,mlp,rf,svr,xgboost
0,0.1201703611846125,0.1718114535461777,0.0961651507959876,1.2521487830663347,0.0924552485543865,1.471499060392737
