,arima,lstm,mlp,rf,svr,xgboost
0,0.0304832194020369,0.043582845075959,0.0243938968115493,0.3176284543204995,0.023452818138938,0.3732703161217316
