,arima,lstm,mlp,rf,svr,xgboost
0,2.7572089764980867,3.892737427870765,2.103185310259027,42.75136160508712,1.8838069800004724,52.65617322510057
