,training,testing
rmse,0.22774517056827423,0.2412555347459479
