,training,testing
rmse,0.12627858706811174,0.13487081169159706
