,training,testing
rmse,0.012947405666449294,0.0388831804759732
