,arima,lstm,mlp,rf,svr,xgboost
frontend,0.2412555347459479,0.134870811691597,0.0495007709440832,0.0388831804759732,0.0566864030762895,0.1870731997499084
