,training,testing
rmse,0.04897390512233358,0.056686403076289554
