Workload,arima,lstm,mlp,rf,svr,xgboost,static_mean_homogeneous,static_median_homogeneous,dynamic_homogeneous,dynamic_weighting_homogeneous,dynamic_weighting_with_selection_homogeneous,static_mean_heterogeneous,static_median_heterogeneous,dynamic_heterogeneous,dynamic_weighting_heterogeneous,dynamic_weighting_with_selection_heterogeneous
decreasing,45.86970605516668,31.339586969490192,6.509013094418894,46.51492991473121,55.54092240793352,41.66616503789467,8.36713618518458,7.409867775791522,8.593096002208938,8.231119324283268,8.060984534573002,37.640687819586674,39.15190220622368,46.51492991473121,45.80891558086619,45.81785315504989
increasing,10.2223141979759,5.154904098133028,2.3004727220028784,2.2360075586761794,7.310761548664181,40.26344192190001,2.229682838031783,2.223953648719793,2.27532148699387,2.2334702110648825,2.237099272251265,6.324664942922255,3.506101410885364,2.2360075586761794,2.2686408407525263,2.263450667397189
periodic,49.11997689527915,13.49376093935063,6.888163441643391,3.835453028130278,19.866239292011155,51.714544313548416,3.929560063156309,3.922351139541976,4.272429185362074,3.923922719307192,3.925183775211043,30.82502758717101,24.306510949281662,3.984242125092016,3.917997393251491,3.9157391429940094
random,21.39434570486456,5.499786704136114,5.56907481456896,4.368971399001776,6.3929452184407545,18.819252050365524,4.325187490230053,4.310796720461487,4.724475898702951,4.405356035668957,4.448087908892108,8.08741474981794,5.293671527869488,4.452525984401986,4.414510982238218,4.393202713655932
