Workload,arima,lstm,mlp,rf,svr,xgboost,static_mean_homogeneous,static_median_homogeneous,dynamic_selection_homogeneous,dynamic_weighting_homogeneous,dynamic_weighting_with_selection_homogeneous,static_mean_heteregoneous,static_median_heterogeneous,dynamic_selection_heterogeneous,dynamic_weighting_heterogeneous,dynamic_weighting_with_selection_heterogeneous
decreasing,1.3994936487476115,0.2092323598375671,0.1209786103465962,1.1195220430176065,0.0948789707791718,1.152924019567303,1.8226756768668329,1.0811922008007493,1.5141224294021045,0.7324936833026569,0.7323370016889086,0.9488907881705066,1.0272646562347936,1.5689245919720105,0.3839285975855411,0.3471708746233718
increasing,1.4214606724378842,4.061418409572885,5.673711536615541,5.045368135881387,7.266190674891433,1.859775231402187,20.271608368408184,19.28853120707651,11.38824571555901,0.9917519432602396,0.9917519432602396,28.208090655175887,18.14627545939452,3.5854983197950507,1.0096661876902415,1.0096661876902415
periodic,1.0063432893979032,0.0270181561401395,0.0249403821915735,0.0270624044688748,0.0251920633740689,0.0309999257337486,0.0248194481784191,0.0248191510251962,0.0256761476619826,0.0240536559422434,0.024059897031867,0.881734285589813,0.0261949207034873,0.0270409585269526,0.1221285987390839,0.1210250332935433
random,10.940897594676594,0.1372585883993113,0.1180972622988053,0.1226722763808051,0.1182384448967387,0.1257960889956879,0.1188740461938152,0.1189027181435101,0.1227084502762193,0.1087523077839069,0.1087523077839069,0.2159459171940753,0.1230005586380219,0.1320617202067684,0.2545351164185192,0.2502043319123234
