Workload,arima,lstm,mlp,rf,svr,xgboost,static_mean_homogeneous,static_median_homogeneous,dynamic_selection_homogeneous,dynamic_weighting_homogeneous,dynamic_weighting_with_selection_homogeneous,static_mean_heteregoneous,static_median_heterogeneous,dynamic_selection_heterogeneous,dynamic_weighting_heterogeneous,dynamic_weighting_with_selection_heterogeneous
decreasing,0.0440143386123658,0.0017819751295658,0.0024184733582873,0.1006914796523242,0.0019160906052514,0.0892458337163973,0.0295924469846814,0.1157979080909069,0.0115786655931936,0.0195245911107627,0.0195491283589393,0.0151428730705492,0.0114038564786289,0.0421199411509167,0.0066046405924194,0.0057054508721174
increasing,0.0126712293275217,0.0040178341959338,0.0039198532560897,0.0043209178166127,0.0039233713437486,0.007076951008422,0.0039053182222625,0.0039084050781215,0.004066014421174,0.003905012028172,0.003905012028172,0.0038967545673534,0.0038950095789852,0.0053131199229968,0.0041684808278316,0.0041684808278316
periodic,9.435880903601022,0.0015121975681629,0.0014112267199739,0.0015137177005374,0.0014434476058054,0.0017001882981296,0.0014057110692999,0.0014058660604636,0.0014536050034584,0.0014056211217782,0.0014059851298768,0.2653830734954812,0.0014632128650829,0.0015126853070527,0.0071415417520026,0.0070763635510677
random,0.0160985151936203,0.0017920055964046,0.0015694486679828,0.0016738286014144,0.0015727650710377,0.0016795620444647,0.0015786229846318,0.001579785191233,0.0016239362411456,0.001577641609992,0.001577641609992,0.0019848667511196,0.0015750757343609,0.0017351179451753,0.0037493100786132,0.0036826105377289
