Workload,arima,lstm,mlp,rf,svr,xgboost,static_mean_homogeneous,static_median_homogeneous,dynamic_selection_homogeneous,dynamic_weighting_homogeneous,dynamic_weighting_with_selection_homogeneous,static_mean_heteregoneous,static_median_heterogeneous,dynamic_selection_heterogeneous,dynamic_weighting_heterogeneous,dynamic_weighting_with_selection_heterogeneous
decreasing,1.12913624703298,0.5961151139176313,0.0027781209273273,1.0850270510281856,0.0020521301043092,1.037558647721206,0.0020437943004632,0.002046461054136,0.0024493888966116,0.0020276552246316,0.0020284304453115,1.047020979509827,1.3805092376300925,0.3229591437269387,0.1270021763336759,0.1168969730808618
increasing,1.397327504268477,0.7612383024776882,0.6867654470215893,1.1236647557678543,0.2250068646301906,1.1322474201010533,0.2209301283403343,0.2183847575654109,0.2408378265906584,0.2048563655033854,0.2048563655033854,1.1763972129303588,1.3470387176757557,0.2258583672101616,0.7053216402735398,0.7053002699427328
periodic,2.085429054245239,0.3038497503799803,0.1199537989707336,0.2429355093590335,0.1192233451155466,0.3714834488377261,0.1220220097450083,0.1124349474211198,0.1331695632677128,0.0867787493025282,0.0993312560638517,0.3075001704443755,0.251895181637323,0.1223735022938167,0.436897795857094,0.4381221224701259
random,1.097146060628246,0.4094839192775274,0.0529846886617893,0.0511207186969361,0.0445436496360856,0.05659033375033,0.0447351827975621,0.0446020302977617,0.0446083857426484,0.0445731979472391,0.0445731979472391,0.2847107804386236,0.0497593622363512,0.2603645500939069,0.5357976438711334,0.5992658786626437
