Workload,arima,lstm,mlp,rf,svr,xgboost,static_mean_homogeneous,static_median_homogeneous,dynamic_selection_homogeneous,dynamic_weighting_homogeneous,dynamic_weighting_with_selection_homogeneous,static_mean_heteregoneous,static_median_heterogeneous,dynamic_selection_heterogeneous,dynamic_weighting_heterogeneous,dynamic_weighting_with_selection_heterogeneous
decreasing,0.0125683690032583,0.004516473052297,0.0004672766197946,0.0308630635871513,0.0003977079196717,0.045894147739716,0.0003968205469713,0.0003971023444701,0.0004344316258785,0.0003959511447213,0.0003960268295724,0.0152006073932489,0.0084168402490362,0.0038937456383105,0.0032291208211517,0.0030884564547855
increasing,0.1013617348235479,0.0588315943428443,0.0518841167990803,0.2181586487019771,0.0339102399230125,0.1950755339187794,0.0331464723349573,0.0336290548363237,0.0337440059090657,0.0330712609885445,0.0330712609885445,0.0907534564614392,0.0707657155915554,0.0339102399230125,0.0642664496479811,0.0642563669647422
periodic,0.0921964468657406,0.0403184006354142,0.0291413650766986,0.0362700075659571,0.0299196775080186,0.042701440384988,0.0288462494312604,0.0278287068015103,0.0300365781341799,0.0259949653049584,0.0278129243338974,0.0377226661661219,0.0368474725719198,0.029652368733922,0.0586869928349936,0.0587704673785966
random,0.0310299256853411,0.0069346387732148,0.0027911822423975,0.0028075604319365,0.0025914002660811,0.0030177534456839,0.0025925882459504,0.0025884533202029,0.0025954421289961,0.0025926325591396,0.0025926325591396,0.0060304345485632,0.0027044015454069,0.007601184705972,0.0090200078531076,0.0095408132993786
