Workload,arima,lstm,mlp,rf,svr,xgboost,static_mean_homogeneous,static_median_homogeneous,dynamic_selection_homogeneous,dynamic_weighting_homogeneous,dynamic_weighting_with_selection_homogeneous,static_mean_heteregoneous,static_median_heterogeneous,dynamic_selection_heterogeneous,dynamic_weighting_heterogeneous,dynamic_weighting_with_selection_heterogeneous
microservice4,0.0304832194020369,0.0324070564188612,0.0241913113135815,0.3169703598897538,0.0233436773546274,0.3588783767491034,0.0234067852773674,0.0234334273953145,0.0235945342794532,0.0233953186062978,0.0233953186062978,0.1158274829641751,0.0273954507621874,0.0232382016143552,0.0249198829259374,0.0246902000420665
