Workload,arima,lstm,mlp,rf,svr,xgboost,static_mean_homogeneous,static_median_homogeneous,dynamic_selection_homogeneous,dynamic_weighting_homogeneous,dynamic_weighting_with_selection_homogeneous,static_mean_heteregoneous,static_median_heterogeneous,dynamic_selection_heterogeneous,dynamic_weighting_heterogeneous,dynamic_weighting_with_selection_heterogeneous
microservice3,0.3415449391496996,0.2057162282427712,0.053092959115818,0.0808536011859515,0.0470295972993846,0.1360548852923185,0.0517195157043498,0.0518113130402815,0.0476247079744211,0.0575595039852577,0.0504670765604475,0.1097934040912165,0.0646173874159777,0.0730580989829324,0.2830751741984935,0.2828972812735155
