Workload,arima,lstm,mlp,rf,svr,xgboost,static_mean_homogeneous,static_median_homogeneous,dynamic_selection_homogeneous,dynamic_weighting_homogeneous,dynamic_weighting_with_selection_homogeneous,static_mean_heteregoneous,static_median_heterogeneous,dynamic_selection_heterogeneous,dynamic_weighting_heterogeneous,dynamic_weighting_with_selection_heterogeneous
microservice3,0.1077777777448183,0.0390994475979497,0.0026043981495272,0.0060399348141589,0.0020435065573587,0.0171025865384444,0.0024713964282437,0.0024801772120355,0.0020955506724423,0.0023497166687681,0.0018135520669932,0.0111374563858034,0.0038577342357095,0.0049314002223958,0.0363872299422299,0.0364702113206812
