Workload,arima,lstm,mlp,rf,svr,xgboost,static_mean_homogeneous,static_median_homogeneous,dynamic_selection_homogeneous,dynamic_weighting_homogeneous,dynamic_weighting_with_selection_homogeneous,static_mean_heteregoneous,static_median_heterogeneous,dynamic_selection_heterogeneous,dynamic_weighting_heterogeneous,dynamic_weighting_with_selection_heterogeneous
microservice1,0.096066180206709,0.1031625295771774,0.0561039082199335,0.1633295193515579,0.0535130626528406,0.2103500789968673,0.0529124398230522,0.0527010830671,0.0516807518391944,0.0528485491264208,0.0528485491264208,0.0839531233656862,0.0714396266614733,0.159458180991837,0.1390865279760627,0.1500637542481047
