Workload,arima,lstm,mlp,rf,svr,xgboost,static_mean_homogeneous,static_median_homogeneous,dynamic_selection_homogeneous,dynamic_weighting_homogeneous,dynamic_weighting_with_selection_homogeneous,static_mean_heteregoneous,static_median_heterogeneous,dynamic_selection_heterogeneous,dynamic_weighting_heterogeneous,dynamic_weighting_with_selection_heterogeneous
microservice4,0.0009292266651127,0.0010502173057352,0.0005852195430706,0.1004702090486401,0.0005449272724369,0.1287936892980714,0.0005478775970207,0.0005491255194914,0.0005567020478642,0.0005473409326901,0.0005473409326901,0.0134160058098162,0.0007505107224634,0.0005400140142694,0.0006210005650424,0.0006096059781172
