Workload,arima,lstm,mlp,rf,svr,xgboost,static_mean_homogeneous,static_median_homogeneous,dynamic_selection_homogeneous,dynamic_weighting_homogeneous,dynamic_weighting_with_selection_homogeneous,static_mean_heteregoneous,static_median_heterogeneous,dynamic_selection_heterogeneous,dynamic_weighting_heterogeneous,dynamic_weighting_with_selection_heterogeneous
microservice3,0.0086776019138911,0.0076870473427204,0.0041381401818939,0.0037368241999885,0.0040829481146555,0.0035286455715499,0.0034452544409728,0.0034368920083895,0.0036169541348492,0.003419753415136,0.0034222009216586,0.0039520975056591,0.0035895848635306,0.0041509463292552,0.00819118822222,0.0086531556875164
