Workload,arima,lstm,mlp,rf,svr,xgboost,static_mean_homogeneous,static_median_homogeneous,dynamic_selection_homogeneous,dynamic_weighting_homogeneous,dynamic_weighting_with_selection_homogeneous,static_mean_heteregoneous,static_median_heterogeneous,dynamic_selection_heterogeneous,dynamic_weighting_heterogeneous,dynamic_weighting_with_selection_heterogeneous
microservice3,0.3282952600096723,0.1977358025192952,0.0510333043171537,0.0777170175325774,0.0452051607381144,0.1307768578091875,0.0497131414038954,0.0498013776118243,0.0457771850646408,0.0484738761475515,0.0425858200225522,0.1055341479607594,0.0621106612081176,0.0702239291295769,0.1907543707028228,0.1909717552955966
