Workload,arima,lstm,mlp,rf,svr,xgboost,static_mean_homogeneous,static_median_homogeneous,dynamic_selection_homogeneous,dynamic_weighting_homogeneous,dynamic_weighting_with_selection_homogeneous,static_mean_heteregoneous,static_median_heterogeneous,dynamic_selection_heterogeneous,dynamic_weighting_heterogeneous,dynamic_weighting_with_selection_heterogeneous
microservice3,0.0327833910432931,0.0229278876700597,0.0053708813371153,0.0065047082944225,0.0056913552912413,0.0074974355227384,0.0046924430598168,0.0048419424291915,0.0053916041407941,0.0045847796590282,0.0045585295137157,0.0080730975592418,0.0065527343316891,0.0069510064663794,0.0062536268350025,0.0062249151517275
