Workload,arima,lstm,mlp,rf,svr,xgboost,static_mean_homogeneous,static_median_homogeneous,dynamic_selection_homogeneous,dynamic_weighting_homogeneous,dynamic_weighting_with_selection_homogeneous,static_mean_heteregoneous,static_median_heterogeneous,dynamic_selection_heterogeneous,dynamic_weighting_heterogeneous,dynamic_weighting_with_selection_heterogeneous
microservice1,7.147808659586063,1.0204618839371409,0.2915487109272054,0.2988387552099141,0.2841313487665994,0.354160164129957,0.3013427307507372,0.3010084564263676,0.3146296997552508,0.2729409078339922,0.2729014647854124,0.6421625739238723,0.3645746026559678,0.3741787885629092,0.9187617235392364,1.0633718286488567
