Workload,arima,lstm,mlp,rf,svr,xgboost,static_mean_homogeneous,static_median_homogeneous,dynamic_selection_homogeneous,dynamic_weighting_homogeneous,dynamic_weighting_with_selection_homogeneous,static_mean_heteregoneous,static_median_heterogeneous,dynamic_selection_heterogeneous,dynamic_weighting_heterogeneous,dynamic_weighting_with_selection_heterogeneous
microservice1,0.0001530378910248,6.367142641418264e-06,1.8989715255132567e-06,0.0011200309483113,1.8607903540920744e-06,0.0001941552992569,1.7877667571660609e-06,1.811050509322192e-06,1.755661566836365e-06,1.783707521176541e-06,1.783707521176541e-06,0.0001047814495393,5.305001269330812e-05,0.0001530378910248,2.7947197697298072e-05,2.7768194366382505e-05
