Workload,arima,lstm,mlp,rf,svr,xgboost,static_mean_homogeneous,static_median_homogeneous,dynamic_selection_homogeneous,dynamic_weighting_homogeneous,dynamic_weighting_with_selection_homogeneous,static_mean_heteregoneous,static_median_heterogeneous,dynamic_selection_heterogeneous,dynamic_weighting_heterogeneous,dynamic_weighting_with_selection_heterogeneous
microservice4,0.0472857543118132,0.0410666167538349,0.0384432623000639,0.0385266182738561,0.040056398233039,0.0396331763050736,0.0388145807601015,0.0387947261404714,0.0414557928334789,0.0385064120267663,0.0388795043882786,0.0372445981155586,0.0368477349184069,0.0380818397317389,0.0428642487550936,0.0428477843735803
