Workload,arima,lstm,mlp,rf,svr,xgboost,static_mean_homogeneous,static_median_homogeneous,dynamic_selection_homogeneous,dynamic_weighting_homogeneous,dynamic_weighting_with_selection_homogeneous,static_mean_heteregoneous,static_median_heterogeneous,dynamic_selection_heterogeneous,dynamic_weighting_heterogeneous,dynamic_weighting_with_selection_heterogeneous
microservice1,1.2758853633293177,0.2436190641885147,0.1208096400263684,3.9618324339560673,0.1219537657394052,1.4883349072685763,0.1275519882287757,0.1238104152663259,0.1145704101630453,0.1264588932385262,0.1264588932385262,1.1471126209559055,0.7559124328058802,1.2758853633293177,0.5378813372999365,0.535820142342156
