Workload,arima,lstm,mlp,rf,svr,xgboost,static_mean_homogeneous,static_median_homogeneous,dynamic_selection_homogeneous,dynamic_weighting_homogeneous,dynamic_weighting_with_selection_homogeneous,static_mean_heteregoneous,static_median_heterogeneous,dynamic_selection_heterogeneous,dynamic_weighting_heterogeneous,dynamic_weighting_with_selection_heterogeneous
microservice1,0.0676243168476405,0.0698942073285651,0.0658984285899156,0.0629554991571629,0.0664013054603655,0.0660072789280854,0.0624147804160254,0.0626636419017794,0.0632590537780726,0.0625924914781709,0.0629101421159339,0.0581761370105216,0.0600732509225459,0.062032668416849,0.0746751694690695,0.0751986405204993
