Workload,arima,lstm,mlp,rf,svr,xgboost,static_mean_homogeneous,static_median_homogeneous,dynamic_selection_homogeneous,dynamic_weighting_homogeneous,dynamic_weighting_with_selection_homogeneous,static_mean_heteregoneous,static_median_heterogeneous,dynamic_selection_heterogeneous,dynamic_weighting_heterogeneous,dynamic_weighting_with_selection_heterogeneous
microservice4,0.0237087528489598,0.0266434410481855,0.0175136457415944,0.3105119969126834,0.0160663892730703,0.3531871748466154,0.0165508063753091,0.0165642132237724,0.0168683517521901,0.0165601724315076,0.0165601724315076,0.1112547135966225,0.022852485339561,0.0163600105952696,0.0198750321655758,0.0196033642597996
