,training,testing
rmse,0.5525460958336862,0.15069239145522997
