,training,testing
rmse,0.03863125227526989,0.4382858353797976
