,training,testing
rmse,0.17345754519756634,0.2893554734334515
