,arima,lstm,mlp,rf,svr,xgboost
0,8.361877346265686,1.964858386428073,1.027429641723308,1.3646329020496075,0.9849916795940784,1.5697230466387382
