,arima,lstm,mlp,rf,svr,xgboost
0,0.0472857543118132,0.0449255052271165,0.0384432623000639,0.0386037054503217,0.0407847313788035,0.0396331763050736
