,arima,lstm,mlp,rf,svr,xgboost
0,51.62780736663005,56.327642822759984,46.5362068448594,44.56325381379251,52.80791581749656,50.43415793548997
