,training,validation,testing
mape,21892.15902284114,45.39190166428263,46.5362068448594
