,training,validation,testing
mape,27893.00242570381,57.38425690042553,50.434157935489964
