,training,validation,testing
smape,24.46339291086523,33.62965736165562,32.6620521257366
