,training,validation,testing
nrmse,0.08688408543908302,0.1535284241760202,0.1413041635658442
