,training,validation,testing
mape,23531.663603113266,53.827251521704035,52.807915817496564
