,training,validation,testing
smape,31.29406415379715,35.497017524551694,31.554637492375694
