,training,validation,testing
mse,0.004578268408714004,0.009363542066074577,0.003672261797966923
