,training,validation,testing
rmse,0.05305493069448244,0.07608447644861258,0.052696681501375874
