,training,validation,testing
mae,0.05101543354350309,0.06898031393911817,0.044925505227116545
