,training,testing
rmse,0.17235816780229288,0.06793176938980569
