,training,validation,testing
arv,0.372539222713772,0.8886749191929932,0.9849916795940785
