,training,validation,testing
mse,0.0028148256709963344,0.005788847556459481,0.00277694024125745
