,training,validation,testing
rmse,0.060877116995991555,0.06778262622776354,0.05149840876571949
