,training,validation,testing
mape,23929.267334579963,60.6161281107447,56.327642822759984
