,training,validation,testing
smape,32.79713034585023,46.71080053872649,35.34279332455274
