,training,validation,testing
mape,17520.937281590566,40.18357607861196,44.56325381379251
