,training,validation,testing
nrmse,0.09782518994634105,0.17823274654211071,0.14509690324305374
