,training,validation,testing
mae,0.04625739266712524,0.04745473434098719,0.03844326230006396
