,training,validation,testing
nrmse,0.11224810692548576,0.1587851320574068,0.1417975367890241
