,training,testing
smape,74.57948564835564,38.12384771236799
