,training,validation,testing
arv,0.16630262307188745,1.6439771279139401,1.3646329020496075
