,training,validation,testing
rmse,0.0676629027511679,0.0967653970491238,0.06059918974678558
