,training,validation,testing
rmse,0.06629561580522991,0.07149619349687944,0.052490361714537886
