,training,testing
mape,26641.444826048366,51.62780736663005
