,training,validation,testing
mae,0.04127991891324693,0.05657050261898216,0.03963317630507363
