,training,validation,testing
mae,0.05320786550018759,0.052783195481225974,0.04078473137880359
