,training,validation,testing
nrmse,0.12223899124668403,0.16748440061701164,0.14452881505808565
