,training,validation,testing
mse,0.002220396690903429,0.0042953118339382175,0.0026336627682396726
