,training,validation,testing
nrmse,0.12476005957052685,0.22667912419626948,0.16685594843514442
