,training,validation,testing
mse,0.0043951086749946505,0.005111705684543226,0.0027552380729230245
