,training,validation,testing
arv,0.39162031224198574,3.0182576634594698,1.9648583864280733
