,training,validation,testing
smape,35.690697323018234,39.978304397937606,33.205353410567575
