,training,validation,testing
rmse,0.04712108541728882,0.06553862856314753,0.05131922415859064
