,training,validation,testing
mae,0.034695584083070524,0.04606828329906415,0.03860370545032176
