,training,validation,testing
mse,0.003706023373743644,0.004594484418332698,0.0026520861054011337
