,training,testing
mae,0.1359529131956646,0.047285754311813255
