,training,validation,testing
smape,29.156092693322798,40.51196548327775,33.40747455638699
