,training,testing
nrmse,0.3178021398455265,0.1870457320927263
