,training,testing
mse,0.029707338008163345,0.004614725292429741
