,training,testing
arv,2.3934427296321537,8.361877346265686
