,training,validation,testing
arv,0.24708870819481366,1.3138662017134293,1.5697230466387382
