,training,validation,testing
arv,0.2721005660773839,0.7984120865985865,1.027429641723308
