,arima,lstm,mlp,rf,svr,xgboost
0,0.0046147252924297,0.0036722617979669,0.0026520861054011,0.0026336627682396,0.002755238072923,0.0027769402412574
