,arima,lstm,mlp,rf,svr,xgboost
0,0.1870457320927263,0.1668559484351444,0.1417975367890241,0.1413041635658442,0.1445288150580856,0.1450969032430537
