,arima,lstm,mlp,rf,svr,xgboost
0,0.0679317693898056,0.0605991897467855,0.0514984087657194,0.0513192241585906,0.0524903617145378,0.0526966815013758
