,arima,lstm,mlp,rf,svr,xgboost
0,38.12384771236799,35.34279332455274,31.554637492375694,32.6620521257366,33.205353410567575,33.40747455638699
