,training,testing
rmse,0.012795943922637651,0.0637989194952866
