,training,testing
nrmse,1.0188564811423864,0.1527042217906514
