,training,testing
smape,115.40784791285105,19.588837765409732
