,training,testing
mse,0.1132518285677231,0.0105471420752749
