,training,testing
mae,0.3362800634480668,0.08437428490402947
