,training,testing
arv,0.9285514713194525,1.3869475115647913
