,training,testing
mape,558.7538419785408,17.47719426232561
