,arima,lstm,mlp,rf,svr,xgboost
0,1.397327504268477,0.7999569717199141,1.620540606526916,1.1238010071255238,0.2766164988028043,1.135402448329754
