,arima,lstm,mlp,rf,svr,xgboost
0,1.3869475115647911,1.048774945858526,1.3917470843703286,1.3412430629842589,1.0979284407170318,123.07468600661836
