,training,validation,testing
mse,4.393031527603373e-06,6.8101426858348915e-06,0.004172099729502964
