,training,validation,testing
mae,0.0011235268223185808,0.001501613870221116,0.02552262455175729
