,training,validation,testing
mse,1.906817286772769e-06,3.431390874610669e-06,0.006122884668401465
