,training,validation,testing
mae,0.00044409031473138826,0.0006963039576199763,0.009556845093460954
