,training,validation,testing
rmse,0.0013808755507911526,0.0018524013805357273,0.07824886368760549
