,training,validation,testing
mse,1.0052396834787682e-06,1.6299129385050266e-06,0.001232345914153853
