,training,validation,testing
smape,2.1456995312840488,0.5234433301509777,4.748100904487849
