,training,validation,testing
arv,0.00018266458197280748,0.003039869619411559,0.2766164988028043
