,training,validation,testing
rmse,0.0010026164189154137,0.001276680437112211,0.03510478477578025
