,training,validation,testing
mae,0.00018511785838276853,0.041092788110265795,0.20579163915637816
