,training,testing
nrmse,1.3940057749193413,0.15071541750739095
