,training,validation,testing
smape,0.22723033802011353,15.047618614512077,57.586057524687625
