,training,validation,testing
mape,35.09717878114136,10.726870603477984,42.26457179012577
