,training,validation,testing
smape,0.745418907732044,0.24418063586286037,1.7709803913803808
