,training,validation,testing
arv,0.018565107615385656,1.5196444720412408,1.135402448329754
