,training,validation,testing
arv,0.00034659099445067136,0.006443188734221148,1.620540606526916
