,training,testing
rmse,0.3420863993834213,0.10136173482354796
