,training,validation,testing
mape,0.8064741446633171,0.3725882768227248,10.787605425038656
