,training,validation,testing
nrmse,0.038907128667656304,0.466056359959761,0.31177056914325285
