,training,validation,testing
nrmse,0.004085672743833649,0.015046391322289647,0.05219753098345429
