,training,testing
mae,0.34183346746613147,0.08303400714337414
