,training,validation,testing
rmse,0.00954773631195046,0.039544700427332116,0.20967732616827542
