,training,validation,testing
nrmse,0.00854104332848732,0.030755886863576158,0.09604195384118377
