,training,validation,testing
mse,2.5698361286562086e-07,0.0022233220259575827,0.04759319600347268
