,training,validation,testing
rmse,0.0005069355115452269,0.04715211581634044,0.21815864870197715
