,training,validation,testing
rmse,0.00209595599371823,0.0026096250086621435,0.06459179305068845
