,training,validation,testing
smape,13.631736586838667,11.625491491039492,54.289816765763554
