,training,validation,testing
mape,0.7575175226930803,0.24408065235857132,1.8014413366293998
