,training,validation,testing
mape,0.22890242163182295,13.732205470238904,44.302392251628234
