,training,validation,testing
smape,0.8183751510257135,0.37336303931406695,11.778068346858385
