,training,validation,testing
mape,2.6174347290870665,0.5202274596549162,4.895599122415515
