,training,testing
mape,707.7145549961909,17.193734243863247
