,training,testing
smape,129.66204180084696,19.23489969493882
