,training,validation,testing
nrmse,0.005627082794631218,0.021831583885263517,0.11634874028829871
