,training,validation,testing
nrmse,0.002065767688746016,0.5557139951571326,0.3243815023411398
