,training,validation,testing
mse,9.115926868253736e-05,0.001563783331887441,0.043964581109077354
