,training,validation,testing
arv,0.0008016837878629916,0.013051547745045244,0.7999569717199141
