,training,validation,testing
mae,0.004896172672869186,0.03245745121506099,0.19677800652581484
