,training,testing
mse,0.11702310464311359,0.010274201286439256
