,training,testing
arv,0.9593779966325395,1.397327504268477
