,training,validation,testing
mae,0.0006068147427998879,0.0010670757477743795,0.053970949546576885
