,training,validation,testing
arv,4.669937917372011e-05,1.3166524011484235,1.1238010071255238
