,training,testing
smape,74.85141960355905,119.52753706258763
