,training,testing
rmse,0.11804343454797461,0.34866146934840575
