,training,testing
mse,0.013934252439881965,0.12156482020818929
