,training,testing
nrmse,0.35738164051455384,0.5184269883804067
