,training,testing
arv,41.588170193576865,1.048774945858526
