,training,testing
mae,0.10611530740918423,0.3404233111176259
