,training,testing
mape,223.66851203173232,74.64743058885142
