,arima,lstm,mlp,rf,svr,xgboost
0,0.0843742849040294,0.3404233111176259,0.0518082750464138,0.1243053652400851,0.2678722926788987,0.0469786102406465
