,arima,lstm,mlp,rf,svr,xgboost
0,0.0830340071433741,0.0255226245517572,0.0539709495465768,0.2057916391563781,0.0095568450934609,0.1967780065258148
