,arima,lstm,mlp,rf,svr,xgboost
0,17.47719426232561,74.64743058885142,10.483101919578964,25.88017431744825,57.85705577760866,10.259412213172302
