,arima,lstm,mlp,rf,svr,xgboost
0,17.193734243863247,4.895599122415515,10.787605425038656,44.30239225162824,1.8014413366294,42.26457179012577
