,training,testing
smape,5.017390112388292,11.359089996847418
