,training,testing
mape,4.576536426307219,10.483101919578964
