,training,testing
arv,0.0009629500089546015,1.3917470843703286
