,training,testing
mse,9.635145952501433e-06,0.005434150822349379
