,training,testing
nrmse,0.009397656133281595,0.10960982640532785
