,training,testing
mae,0.002259799530943894,0.051808275046413874
