,arima,lstm,mlp,rf,svr,xgboost
0,0.0102742012864392,0.0041720997295029,0.0061228846684014,0.0475931960034726,0.0012323459141538,0.0439645811090773
