,arima,lstm,mlp,rf,svr,xgboost
0,0.0105471420752749,0.1215648202081892,0.0054341508223493,0.0207141161555314,0.079126869241324,0.0052980709856854
