,arima,lstm,mlp,rf,svr,xgboost
0,0.1527042217906514,0.5184269883804067,0.1096098264053278,0.2140015158444898,0.4182593298776035,0.1082287225556104
