,arima,lstm,mlp,rf,svr,xgboost
0,0.1507154175073909,0.0960419538411837,0.1163487402882987,0.3243815023411398,0.0521975309834542,0.3117705691432528
