,training,testing
arv,1.869272741560219e-05,1.3412430629842589
