,training,testing
mae,0.00018254305575374918,0.12430536524008516
