,training,testing
mape,0.1631339509022929,25.88017431744825
