,training,testing
mse,1.8750545376188037e-07,0.020714116155531415
