,training,testing
nrmse,0.001310983884358628,0.21400151584448981
