,training,testing
rmse,0.0004330189993082063,0.14392399437040168
