,training,testing
smape,0.1631577332948961,30.593877399556384
