,arima,lstm,mlp,rf,svr,xgboost
0,0.1013617348235479,0.0645917930506884,0.0782488636876054,0.2181586487019771,0.0351047847757802,0.2096773261682754
