,arima,lstm,mlp,rf,svr,xgboost
0,19.58883776540973,119.52753706258764,11.359089996847418,30.593877399556384,82.77848262859973,10.216683829927875
