,arima,lstm,mlp,rf,svr,xgboost
0,19.23489969493882,4.748100904487849,11.778068346858385,57.586057524687625,1.7709803913803808,54.289816765763554
