,training,testing
rmse,0.05705821935870932,0.2812949861645673
