,training,testing
nrmse,0.17274624478134254,0.4182593298776035
