,training,testing
arv,1.6351949253394589,1.0979284407170318
