,training,testing
mse,0.0032556403963865913,0.07912686924132409
