,training,testing
smape,46.88519672695103,82.77848262859973
