,training,testing
mape,120.72536810079741,57.85705577760866
