,training,testing
mae,0.05220755974614691,0.2678722926788987
