,training,testing
arv,1.068893427677083,123.07468600661836
