,training,testing
mse,0.06351731189369834,0.005298070985685413
