,training,testing
smape,99.24807644189191,10.216683829927877
