,training,testing
nrmse,0.7630209388439136,0.10822872255561045
