,training,testing
mae,0.2419356158655798,0.046978610240646576
