,training,testing
mape,519.5844572856711,10.259412213172302
