,training,testing
nrmse,0.2395414224349147,0.21437888681492062
