,training,testing
rmse,0.2395414224349147,0.15044522944616873
