,training,testing
arv,15.940835121527694,126.47263270292524
