,training,testing
smape,35.0736951627145,21.39434570486456
