,training,testing
mae,0.21171522500351286,0.12145051885697594
