,training,testing
mse,0.05738009306214225,0.022633767063110356
