,training,testing
mape,17825.684430786034,25.079073305280414
