,arima,lstm,mlp,rf,svr,xgboost
0,0.9327590418377024,0.0958955653065182,0.0514947544474206,0.0514965800640235,0.0513234879872769,0.0612390934977129
