,arima,lstm,mlp,rf,svr,xgboost
0,126.47263270292524,2.501990150663135,0.1020483911000416,0.0490100457066802,0.1144692249911315,2.444999527745138
