,training,testing
nrmse,2.234186036248137,1.013742346041689
