,training,testing
mape,154831.1311274696,115.18281184567458
