,training,validation,testing
rmse,0.04241025234998977,0.05278049501587142,0.0462880801181564
