,training,validation,testing
nrmse,0.03513248192079104,0.058715978549795024,0.047829378269561476
