,training,validation,testing
mae,0.03265611744491678,0.042586476167925845,0.03749386144893581
