,training,validation,testing
mape,1114.959767184013,6.363271151985986,4.661993917657801
