,training,validation,testing
arv,0.024085911013746252,0.09433426020764878,0.0513234879872769
