,training,validation,testing
mse,0.0003512399258287841,0.0013063556037460362,0.0011408631862537123
