,training,validation,testing
mae,0.024478076785254047,0.026853021831140918,0.024693718105706714
