,training,validation,testing
nrmse,0.042410252349989776,0.0869869744440614,0.06595880191788196
