,training,testing
smape,98.14183441566885,67.59151136232231
