,training,validation,testing
smape,6.40257097921374,9.621368468110909,7.033858096667038
