,training,validation,testing
mae,0.025731007534841772,0.027873647063615017,0.025408679062899495
