,training,validation,testing
arv,0.024319662677739676,0.09720473407298547,0.051494754447420646
