,training,validation,testing
smape,3.946016882450386,6.74401062834033,5.117521311879941
