,training,validation,testing
mse,0.001234291285914709,0.001269261401298684,0.0011266325388377889
