,training,validation,testing
mape,3411.2992451229998,6.819000545865843,5.199380869540555
