,training,validation,testing
mape,837.53470785869,6.186719574008472,4.554851468898277
