,training,validation,testing
mse,0.0012243045172835928,0.0013318688230249376,0.0011508865612077977
