,training,validation,testing
mape,1212.741440832308,6.199978815348753,4.702190820078768
