,training,testing
arv,1.1040389313138814,0.9327590418377025
