,training,validation,testing
mse,0.0007649485075657145,0.0015265999825111616,0.0013386468729048341
