,training,validation,testing
nrmse,0.03499006312202928,0.06014665687325255,0.04834146970132805
