,training,validation,testing
nrmse,0.018741396048021188,0.05956778794462576,0.04813050003705928
