,training,testing
mae,1.8363322620219624,0.6398507115289414
