,training,validation,testing
arv,0.015379723521902824,0.1213353366856563,0.061239093497712935
