,training,validation,testing
arv,0.03465804130878025,0.2104192284506671,0.09589556530651827
