,training,validation,testing
mae,0.02030362626265156,0.030224626368684525,0.027910039763114115
