,training,validation,testing
smape,4.385060074341508,6.066143101569174,4.484758632165774
