,training,validation,testing
nrmse,0.027657702499768753,0.06439370194749007,0.052135867514394106
