,training,testing
rmse,2.2341860362481367,0.7114166050372724
