,training,validation,testing
rmse,0.02765770249976875,0.039071728685984214,0.036587523459573404
