,training,validation,testing
mse,0.0017986295043898128,0.002785780654120428,0.0021425863610248655
