,training,validation,testing
rmse,0.035132481920791034,0.03562669506562016,0.03356534729207772
