,training,validation,testing
mape,2966.622896588407,9.469801846642087,6.935394038150319
