,training,testing
mse,4.99158724456616,0.5061135859227585
