,training,validation,testing
rmse,0.03499006312202927,0.036494778024053494,0.033924719029165114
