,training,validation,testing
mae,0.01373042965833578,0.027219177257505372,0.025359497604798446
