,training,validation,testing
rmse,0.018741396048021185,0.03614354166024736,0.033776666298699645
