,training,validation,testing
arv,0.006950400720000187,0.09454626080765607,0.051496580064023564
