,training,validation,testing
smape,4.652647272149378,6.300861651797477,4.617359515574983
