,training,validation,testing
smape,2.6765175486923805,6.148322617922973,4.657574600996935
