,training,testing
nrmse,0.16185283096502193,0.13843013579954352
