,training,testing
mape,11240.589024905714,15.910829633648518
