,training,testing
smape,23.82969156256974,14.404770685975876
