,training,testing
rmse,0.16185283096502193,0.09714647674519566
