,training,testing
mae,0.14017056387258417,0.07947759468601215
