,training,testing
mse,0.02619633889139196,0.009437437944004843
