,training,testing
arv,2.483960032705495,2.501990150663135
