,arima,lstm,mlp,rf,svr,xgboost
0,0.6398507115289414,0.0374938614489358,0.0254086790628994,0.0253594976047984,0.0246937181057067,0.0279100397631141
