,arima,lstm,mlp,rf,svr,xgboost
0,0.1214505188569759,0.0794775946860121,0.0375501619871312,0.0240060404231328,0.0407241265627745,0.1080232356724367
