,arima,lstm,mlp,rf,svr,xgboost
0,115.18281184567458,6.935394038150319,4.661993917657801,4.702190820078768,4.554851468898277,5.199380869540555
