,arima,lstm,mlp,rf,svr,xgboost
0,25.079073305280414,15.910829633648518,7.055944062556704,4.43476281656702,7.120247909848786,18.38762920791214
