,training,testing
mape,1355.218501625131,7.055944062556704
