,training,testing
smape,7.055647267807559,6.786745700840304
