,training,testing
arv,0.043363414438392575,0.10204839110004164
