,training,testing
mse,0.0023794739364704103,0.0022921952969464014
