,training,testing
mae,0.03717757301679409,0.03755016198713122
