,training,testing
nrmse,0.04877985174711389,0.06822277789458032
