,arima,lstm,mlp,rf,svr,xgboost
0,0.5061135859227585,0.0021425863610248,0.0011508865612077,0.0011408631862537,0.0011266325388377,0.0013386468729048
