,arima,lstm,mlp,rf,svr,xgboost
0,0.0226337670631103,0.0094374379440048,0.0022921952969464,0.0010627118275224,0.0023355325732576,0.015964295016891
