,arima,lstm,mlp,rf,svr,xgboost
0,0.2143788868149206,0.1384301357995435,0.0682227778945803,0.0464527412536881,0.068864683340565,0.1800439211890076
