,arima,lstm,mlp,rf,svr,xgboost
0,1.013742346041689,0.0659588019178819,0.048341469701328,0.0481305000370592,0.0478293782695614,0.0521358675143941
