,training,testing
arv,0.0030239886961696484,0.049010045706680244
