,training,testing
mape,415.19325756961456,4.43476281656702
