,training,testing
mse,0.00016032264825536338,0.001062711827522491
