,training,testing
mae,0.009214053148923219,0.02400604042313289
