,training,testing
nrmse,0.012661858009603623,0.04645274125368818
