,training,testing
smape,1.8350596844814377,4.38558045583796
