,arima,lstm,mlp,rf,svr,xgboost
0,0.7114166050372724,0.0462880801181564,0.0339247190291651,0.0337766662986996,0.0335653472920777,0.0365875234595734
