,arima,lstm,mlp,rf,svr,xgboost
0,21.39434570486456,14.404770685975876,6.786745700840304,4.38558045583796,7.30932782834753,18.8345019827844
