,arima,lstm,mlp,rf,svr,xgboost
0,67.59151136232231,7.033858096667038,4.617359515574983,4.657574600996935,4.484758632165774,5.117521311879941
