,training,testing
smape,7.894049872623303,7.30932782834753
