,training,testing
nrmse,0.048574992734472695,0.068864683340565
