,training,testing
mse,0.002359529919154075,0.0023355325732576857
