,training,testing
mae,0.04152368449691119,0.04072412656277458
