,training,testing
arv,0.048642928889275475,0.11446922499113159
