,training,testing
mape,2930.505169725588,7.120247909848786
