,training,testing
mae,0.17686018922741756,0.10802323567243671
