,training,testing
mse,0.04116834744942818,0.01596429501689107
