,training,testing
smape,29.212763753164626,18.8345019827844
