,training,testing
nrmse,0.2028998458585619,0.1800439211890076
