,training,testing
arv,2.196795435097061,2.444999527745138
