,training,testing
mape,11007.725732961071,18.38762920791214
