,arima,lstm,mlp,rf,svr,xgboost
frontend,0.1214881832730069,0.0320855870471468,0.021593128944224,0.0216489407191145,0.0270699061600011,0.1680911409525025
