,training,testing
rmse,0.1850742540027051,0.1680911409525025
