,arima,lstm,mlp,rf,svr,xgboost
0,1.1333575509016791,0.5609565625047397,0.7522555275378482,1.1492515905706804,0.6416251873541714,1.0704374617011605
