,arima,lstm,mlp,rf,svr,xgboost
0,0.1402683079283583,0.0325670882279364,0.0406178242941286,0.1327225127382807,0.0282160929014159,0.1948070615655912
