,arima,lstm,mlp,rf,svr,xgboost
0,180794.25707074068,11015.688212223416,52736.31009832637,175285.67824828994,53116.16704653663,221112.11387584495
