,training,validation,testing
rmse,0.012254812009225045,0.030763587986634384,0.1422834711059664
