,training,testing
rmse,0.5151274718432095,0.14932861279538706
