,training,validation,testing
mae,0.009103016006165249,0.022669042785359306,0.13272251273828076
