,training,validation,testing
mape,2.5671153699945046,5.715981320026335,221112.11387584498
