,training,testing
arv,1.227280886708619,1.1333575509016791
