,training,validation,testing
mae,0.024413812970814654,0.03106316410803544,0.03256708822793648
