,training,validation,testing
mape,2.7538644173321436,4.059201246493438,52736.31009832637
