,training,validation,testing
arv,0.009191297213540138,0.026350264243739527,1.0704374617011605
