,training,validation,testing
smape,2.7477448199045638,4.000012734692278,41.624303066968636
