,training,validation,testing
arv,0.02079665466899711,0.03551408087238443,0.5609565625047397
