,training,validation,testing
mse,0.0004315727176066937,0.0011547179933323018,0.04062891117169664
