,training,validation,testing
nrmse,0.0404969089977982,0.05347230232319438,0.1910337945622201
