,training,validation,testing
rmse,0.020774328331060278,0.033981141730852746,0.20156614589681632
