,training,validation,testing
arv,0.00927011231830122,0.02014497054670562,0.6416251873541714
