,training,validation,testing
nrmse,0.015359358673394852,0.040807673707101526,0.6980545535688232
