,training,testing
smape,89.19507894686573,85.84183697514088
