,training,validation,testing
nrmse,0.02603714849280668,0.0450757351369377,0.9889002910520801
