,training,validation,testing
rmse,0.021170010194492835,0.03052296768079959,0.03467990280683776
