,training,testing
mape,59.01843682651526,180794.25707074068
