,training,validation,testing
smape,4.229061722139239,5.803300786521822,48.28468584179047
