,training,validation,testing
mse,0.0005105849039730173,0.0008973090840357176,0.0023650069255084223
