,training,validation,testing
smape,2.5295713078140483,5.338330366488892,100.58095226391248
