,training,testing
nrmse,0.6456261912955524,0.7326186051667423
