,training,validation,testing
mse,0.00015018041738144636,0.0009463983458113953,0.02024458614996237
