,training,validation,testing
arv,0.010470394488602335,0.01924060021013411,0.7522555275378482
