,training,validation,testing
mape,4.1781824365226665,5.950805805222091,11015.688212223416
