,training,validation,testing
nrmse,0.026533069577229923,0.04048849263719267,0.1701424900831097
