,training,validation,testing
mae,0.015729524863043666,0.022415031122800636,0.028216092901415923
