,training,validation,testing
rmse,0.022596125862037,0.029955117827104562,0.04863133686737824
