,training,testing
mse,0.26535631224757655,0.022299034599394633
