,training,validation,testing
mae,0.016783155553603022,0.02183270744958812,0.04061782429412867
