,training,validation,testing
smape,2.592846405329331,4.1888634394177515,34.469925096080594
