,training,validation,testing
mape,1.5195297009151592,4.651466208977931,175285.67824828994
