,training,validation,testing
mae,0.015077699655059243,0.02483322384929203,0.19480706156559122
