,training,testing
mae,0.46639190283535426,0.14026830792835837
