,training,validation,testing
smape,1.51689260099919,4.491152275722896,83.4359443334985
