,training,validation,testing
rmse,0.03231137557731236,0.040311042701785635,0.03893814781365353
