,training,validation,testing
mape,2.597966435816835,4.278763050649305,53116.167046536626
