,training,validation,testing
mse,0.00044816933163493056,0.0009316515560431363,0.0012026956586917137
