,training,validation,testing
arv,0.0030761759170748445,0.020395486325649668,1.1492515905706804
