,training,validation,testing
nrmse,0.028320467215893815,0.03973524397340612,0.23858938696491538
