,training,validation,testing
mse,0.0010440249916981378,0.0016249801637051847,0.0015161793551579314
