,arima,lstm,mlp,rf,svr,xgboost
0,0.0222990345993946,0.0015161793551579,0.0023650069255084,0.0202445861499623,0.0012026956586917,0.0406289111716966
