,arima,lstm,mlp,rf,svr,xgboost
0,0.7326186051667423,0.1910337945622201,0.2385893869649153,0.6980545535688232,0.1701424900831097,0.98890029105208
