,arima,lstm,mlp,rf,svr,xgboost
0,0.149328612795387,0.0389381478136535,0.0486313368673782,0.1422834711059664,0.0346799028068377,0.2015661458968163
