,arima,lstm,mlp,rf,svr,xgboost
0,85.84183697514088,48.28468584179047,41.62430306696864,83.4359443334985,34.469925096080594,100.58095226391248
