,training,testing
arv,31.436106580074338,22.207291778331015
