,training,testing
nrmse,0.29002078382755103,0.2412555347459479
