,training,testing
mae,0.20152426041308938,0.21696087298704156
