,training,testing
mape,230556.11157631682,174973.35420650107
