,training,testing
mse,0.05238659786161851,0.058204233045553284
