,training,testing
rmse,0.22888118721646503,0.2412555347459479
