,training,testing
smape,58.147569679669864,69.1582566783767
