,arima,lstm,mlp,rf,svr,xgboost
0,1.0063432893979032,0.0291197871291323,0.0284922277567232,0.027970169526747,0.0278742112092026,0.0309999257337486
