,arima,lstm,mlp,rf,svr,xgboost
0,22.20729177833101,0.0393170138290605,0.0413191515264415,0.027864000475555,0.0676678255792285,3.480511940113313
