,training,validation,testing
arv,0.012592879532413278,0.026989462454512947,0.027970169526747024
