,training,validation,testing
mape,9358.289849493638,4715.51055275436,8930.337578044391
