,training,testing
mse,87.29869780565403,9.435880903601022
