,training,testing
smape,198.0914505054954,195.07800080233994
