,training,validation,testing
rmse,0.038082608762524915,0.037716313988369124,0.040902958649867045
