,training,validation,testing
mape,12265.366837285397,6001.940513509731,9648.299884606404
