,training,validation,testing
mse,0.0012082442770502992,0.0012167144820400316,0.0015862291082851413
