,training,testing
nrmse,11.83921499541389,3.07178790016515
