,training,validation,testing
smape,14.281045853030012,13.637316742675122,17.411786193422692
