,training,testing
mape,5848839.540792002,1305602.3180244688
