,training,validation,testing
mse,0.0009405593163907706,0.0013541830448361633,0.0017001882981296434
