,training,validation,testing
mae,0.018029552136240724,0.026005512649275288,0.02605954499692993
