,training,validation,testing
nrmse,0.048255377289090615,0.05023792014186082,0.040902958649867045
