,training,validation,testing
rmse,0.03609579461610212,0.035316613449379544,0.03992239996322758
