,training,validation,testing
rmse,0.02489353149166556,0.03521190794889844,0.03960010495815854
