,training,validation,testing
smape,14.317293547103302,11.449268893876994,16.002477681585635
