,training,validation,testing
smape,10.76925467142353,11.195415347262056,15.666749712219556
