,training,validation,testing
mape,6774.59232833315,3973.298741623151,6927.2778793556445
