,training,validation,testing
mape,5616.594822568185,4696.351812541387,7273.921604833093
