,training,validation,testing
nrmse,0.04404497804358289,0.04646187663128756,0.03982749186535779
