,training,validation,testing
mse,0.001302906388967827,0.0012472631855328959,0.0015937980188239136
