,training,validation,testing
arv,0.026592491200209435,0.02713541435325377,0.028492227756723217
