,training,validation,testing
mse,0.0014502850901595393,0.0014225203408692487,0.0016730520263127332
