,training,testing
rmse,9.34337721627753,3.07178790016515
