,training,validation,testing
smape,13.999971597246066,11.094984889208904,15.97059214952068
