,training,validation,testing
mae,0.0228945712991416,0.02779894332913916,0.027790481763936968
