,training,validation,testing
mse,0.0006196879101265448,0.0012398784614016973,0.0015681683126971726
