,training,validation,testing
mae,0.02866471847863453,0.02848548136276907,0.02823301275587507
