,training,validation,testing
mape,8979.757737392149,4314.386860251068,7541.642149857959
