,training,testing
mae,8.11051086713937,2.6779708118891317
