,training,validation,testing
mae,0.026540557211453514,0.026033273537319962,0.026338383586695456
