,training,validation,testing
mae,0.024945005290872107,0.02538718974737765,0.025575092231256046
