,training,testing
arv,0.9999943954420932,1.0063432893979032
