,training,validation,testing
arv,0.02909568130329611,0.03045273486304576,0.029119787129132366
