,training,validation,testing
nrmse,0.031543184493449505,0.04690206524754317,0.03960010495815854
