,training,validation,testing
nrmse,0.038860834213089245,0.049016364242306716,0.04123333964317762
