,training,validation,testing
rmse,0.030668539521646127,0.036799226144528685,0.04123333964317762
