,training,validation,testing
arv,0.01938698322940306,0.02992287784029212,0.030999925733748646
