,training,validation,testing
nrmse,0.045737837935713135,0.04704153239094445,0.03992239996322758
