,training,validation,testing
smape,15.717331456073854,13.147821717266314,17.428419008101713
