,training,validation,testing
arv,0.02449548681431668,0.02631017845224676,0.027874211209202637
