,training,validation,testing
rmse,0.03475980835750248,0.034881434632767494,0.03982749186535779
