,training,testing
mse,0.001646126826853247,0.001979840040148101
