,training,testing
arv,0.03839856245369801,0.0393170138290605
