,training,testing
mape,22197.158559265758,20907.559814453445
