,training,testing
mae,0.03200597360948914,0.033352168304566464
