,training,testing
nrmse,0.05141036304985754,0.04449539347110104
