,training,testing
smape,19.051309780095487,23.370603408748163
