,training,testing
rmse,0.04057248854646763,0.04449539347110104
