,arima,lstm,mlp,rf,svr,xgboost
0,0.2169608729870415,0.0333521683045664,0.0364510775720121,0.0258089351910849,0.0434261050397453,0.1510640566972856
