,arima,lstm,mlp,rf,svr,xgboost
0,2.677970811889132,0.028233012755875,0.0263383835866954,0.0260595449969299,0.025575092231256,0.0277904817639369
