,arima,lstm,mlp,rf,svr,xgboost
0,174973.35420650107,20907.559814453445,12563.962689363654,6412.698029035141,46210.34175181568,169055.6462096815
