,arima,lstm,mlp,rf,svr,xgboost
0,1305602.3180244688,7541.642149857959,8930.337578044391,7273.921604833093,6927.2778793556445,9648.299884606404
