,training,testing
mse,0.0019504115870960827,0.002340501333658135
