,training,testing
rmse,0.04416346439191657,0.04837872811120746
