,training,testing
nrmse,0.05596057375991447,0.04837872811120746
