,training,testing
arv,0.04064664862113864,0.04131915152644156
