,training,testing
smape,18.915216083026255,22.655334015741456
