,training,testing
mae,0.03542011091494146,0.036451077572012124
