,training,testing
mape,13327.729089909179,12563.962689363654
