,arima,lstm,mlp,rf,svr,xgboost
0,0.0582042330455532,0.0019798400401481,0.0023405013336581,0.0015587719331712,0.0030187177785441,0.0349878993465505
