,arima,lstm,mlp,rf,svr,xgboost
0,9.435880903601022,0.0016730520263127,0.0015937980188239,0.0015681683126971,0.0015862291082851,0.0017001882981296
