,arima,lstm,mlp,rf,svr,xgboost
0,3.07178790016515,0.040902958649867,0.0399223999632275,0.0396001049581585,0.0398274918653577,0.0412333396431776
