,training,testing
arv,0.0037413591437265733,0.027864000475555085
