,training,testing
mse,0.00018285701869409063,0.0015587719331712725
