,training,testing
mae,0.009899467111558048,0.02580893519108493
