,training,testing
mape,2692.011213631515,6412.698029035141
