,training,testing
nrmse,0.0171346343786344,0.039481285860154966
