,training,testing
rmse,0.013522463484664717,0.039481285860154966
