,training,testing
smape,6.486562694461178,15.44832463426887
