,arima,lstm,mlp,rf,svr,xgboost
0,195.07800080233997,17.428419008101713,16.002477681585635,15.666749712219556,15.97059214952068,17.411786193422692
