,arima,lstm,mlp,rf,svr,xgboost
0,69.1582566783767,23.370603408748163,22.655334015741456,15.44832463426887,30.47924792167044,54.94298303513953
