,training,testing
mape,54527.751245827654,46210.34175181568
