,training,testing
mse,0.0023663923944626506,0.0030187177785441876
