,training,testing
nrmse,0.061639968041176864,0.05494285921340632
