,training,testing
mae,0.039436461338898506,0.043426105039745345
