,training,testing
arv,0.060188206883788654,0.06766782557922857
