,training,testing
smape,24.032872159009,30.47924792167044
