,training,testing
nrmse,0.20826361807238786,0.18705052618624335
