,training,testing
mape,197456.31913728899,169055.6462096815
