,training,testing
mse,0.027013992126379706,0.03498789934655051
