,training,testing
rmse,0.16435933842158074,0.18705052618624335
