,training,testing
mae,0.12745634793668006,0.15106405669728568
