,training,testing
arv,4.3387073784921615,3.480511940113313
