,training,testing
smape,43.68591344081491,54.94298303513953
