,training,testing
mae,0.658030769332355,0.06652325885408403
