,training,testing
mape,240.94120206240942,8.054544658217742
