,training,testing
smape,84.08575377745827,7.608496949183237
