,training,testing
mse,0.43700187269005974,0.0066132593421288875
