,training,testing
arv,0.9042614018475048,0.9641462525059338
