,training,testing
nrmse,0.7120755748132651,0.27580278000268266
