,arima,lstm,mlp,rf,svr,xgboost
0,0.9638362011305508,1.9632877891654088,2.861706520268133,1.145636047118967,2.949072895319249,1.0892799454742228
