,arima,lstm,mlp,rf,svr,xgboost
0,0.9641462525059338,1.0355185658861796,2.1673753591410554,2.803995914209636,1.213888233684357,1.0242407648121832
