,training,validation,testing
mape,1.230133198141806,4.936581777699849,12.14041389884396
