,training,validation,testing
arv,0.00419447331314311,1.5527067724900863,2.861706520268133
