,training,validation,testing
arv,0.003064710922730086,1.3071543140064232,1.0892799454742228
