,training,validation,testing
smape,2.5344289115870238,2.601745195400308,3.4587405257118875
