,training,validation,testing
smape,2.4295984479793917,2.5481548922156128,3.3005348700476964
