,training,testing
arv,0.942512025374828,0.9638362011305507
