,training,validation,testing
mse,0.00013463336529901955,0.0044602305679880844,0.018853192550456678
