,training,testing
smape,90.2010061596538,7.109349383191919
