,training,validation,testing
rmse,0.013939400067748416,0.025169416815013,0.03643023155376489
