,training,validation,testing
arv,0.004435644408173824,1.3413366419335147,1.9632877891654088
