,training,validation,testing
nrmse,0.014697261678756936,0.12776934115762376,0.11950002906610241
