,training,validation,testing
mse,0.00018616754562697128,0.000618308746212762,0.0012415216494740461
