,training,validation,testing
mae,0.007926599413114167,0.05886139910709573,0.1315594103109333
