,training,validation,testing
nrmse,0.014687301600934871,0.1277817495618275,0.11956229786949082
