,training,validation,testing
mse,4.8908430322274904e-05,0.0021781343952014883,0.01211570183657691
