,training,validation,testing
mse,0.00019430687424874454,0.0006334995428078592,0.001327161771060927
