,training,validation,testing
arv,0.004200708988107587,1.5806593206067188,2.9490728953192495
