,training,validation,testing
mae,0.00939382618434479,0.01957671729120112,0.027604141389343733
