,training,testing
nrmse,0.6823786927470125,0.25960329768196627
