,training,validation,testing
arv,0.0011018970043633544,1.6328539728992078,1.145636047118967
