,training,validation,testing
mae,0.009627341512044293,0.019909812228980726,0.02894617347971596
