,training,validation,testing
nrmse,0.00753314457518335,0.23980945218856317,0.3733061552430878
