,training,testing
mae,0.6308645664658158,0.06193878999971359
