,training,validation,testing
mse,0.0001859153061297432,0.0006184288469712507,0.0012428158451299619
