,training,validation,testing
rmse,0.013644322835046498,0.024865814810956063,0.035235233069671135
