,training,testing
mse,0.40131189718820853,0.005859204890315843
