,training,validation,testing
rmse,0.006993456250115168,0.046670487411226896,0.11007134884508733
