,training,validation,testing
smape,2.4610033614412883,2.558856017593583,3.303859298165715
