,training,validation,testing
smape,3.046141286486949,7.9361890985842285,16.99784487450316
