,training,validation,testing
mae,0.009406716051421179,0.019494533818555756,0.027577203613999016
