,training,validation,testing
mae,0.004759273979594778,0.03860841870087107,0.10289692478568933
