,training,validation,testing
rmse,0.013635076315508586,0.024868229671033092,0.03525359336478995
