,training,validation,testing
nrmse,0.012498583353227705,0.3431647063546231,0.46567541887935043
