,training,validation,testing
mape,3.6802026005137276,7.559203487787814,15.581490546947983
