,training,validation,testing
mape,2.4889196832912726,2.561950124133697,3.3048954354543794
