,training,validation,testing
nrmse,0.015015110161008035,0.1293293555117642,0.12355285747512092
