,training,testing
mape,286.8303428288064,7.500279401292502
