,training,validation,testing
mape,2.5609105917560604,2.6070583921462545,3.4965942674582666
