,training,validation,testing
mape,2.4399626453083254,2.552589957081618,3.3043061766405923
