,training,testing
rmse,0.6334918288251306,0.07654544330210547
