,training,validation,testing
smape,1.2281327931777077,5.111789070500747,13.025680500836584
