,training,validation,testing
rmse,0.011603161866449142,0.06678495764757274,0.13730692826822935
