,training,testing
arv,0.2855473571495247,1.0355185658861796
