,training,testing
nrmse,0.10082492379043959,0.6896133473316747
