,training,testing
rmse,0.0936016409100278,0.20333624360665742
