,training,testing
mape,19.056261682960002,23.785339827970063
