,training,testing
mae,0.07994022839875467,0.19977260974910363
