,training,testing
mse,0.00876126718104979,0.04134562796406593
