,training,testing
smape,20.15816267394723,27.08099607000623
