,arima,lstm,mlp,rf,svr,xgboost
0,0.0619387899997135,0.0289461734797159,0.027577203613999,0.1028969247856893,0.0276041413893437,0.1315594103109333
