,arima,lstm,mlp,rf,svr,xgboost
0,0.066523258854084,0.1997726097491036,0.0340578474581551,0.0343254279426018,0.0997167953884516,0.2522896687327586
