,arima,lstm,mlp,rf,svr,xgboost
0,7.500279401292502,3.496594267458266,3.3043061766405923,12.14041389884396,3.30489543545438,15.581490546947984
