,arima,lstm,mlp,rf,svr,xgboost
0,8.054544658217742,23.785339827970063,4.095387963767245,4.0211440675321,11.71744210942401,30.084833451840105
