,training,testing
nrmse,0.022152118031799995,0.1476022527180927
