,training,testing
mse,0.00042292332053656687,0.0018941058562298122
