,training,testing
mae,0.01448618110690276,0.03405784745815515
