,training,testing
arv,0.008170513224420995,2.1673753591410554
