,training,testing
smape,3.0745254376223894,4.067870146754919
