,training,testing
mape,3.090433190438441,4.095387963767245
