,arima,lstm,mlp,rf,svr,xgboost
0,0.0058592048903158,0.0013271617710609,0.001241521649474,0.0121157018365769,0.0012428158451299,0.0188531925504566
