,arima,lstm,mlp,rf,svr,xgboost
0,0.0066132593421288,0.0413456279640659,0.0018941058562298,0.0018853637806627,0.0124007287452779,0.0651937463956085
