,arima,lstm,mlp,rf,svr,xgboost
0,0.2758027800026826,0.6896133473316747,0.1476022527180927,0.1472612363059404,0.3776717201027479,0.8659520241764843
