,arima,lstm,mlp,rf,svr,xgboost
0,0.2596032976819662,0.1235528574751209,0.1195000290661024,0.3733061552430878,0.1195622978694908,0.4656754188793504
