,training,testing
arv,0.0008352504141346776,2.8039959142096356
