,training,testing
mse,4.307535987631687e-05,0.0018853637806627794
