,training,testing
mape,0.9400304040773518,4.0211440675321
