,training,testing
mae,0.004555256136285416,0.03432542794260185
