,training,testing
nrmse,0.007069666014604626,0.14726123630594043
