,training,testing
rmse,0.006563182145599562,0.0434207759104185
