,training,testing
smape,0.9393569232136575,4.119197951868305
