,arima,lstm,mlp,rf,svr,xgboost
0,0.0765454433021054,0.0364302315537648,0.0352352330696711,0.1100713488450873,0.0352535933647899,0.1373069282682293
