,arima,lstm,mlp,rf,svr,xgboost
0,7.608496949183237,27.08099607000623,4.067870146754919,4.119197951868305,12.62067455929848,35.499057751761484
