,arima,lstm,mlp,rf,svr,xgboost
0,7.109349383191919,3.4587405257118875,3.3005348700476964,13.025680500836584,3.303859298165715,16.99784487450316
