,training,testing
mae,0.038611288798651326,0.09971679538845166
