,training,testing
smape,13.060240179885513,12.62067455929848
