,training,testing
rmse,0.04523937421067088,0.11135855937141957
