,training,testing
nrmse,0.04873051810600694,0.3776717201027479
