,training,testing
mse,0.0020466009789731135,0.012400728745277978
