,training,testing
mape,19.1433946228375,11.71744210942401
