,training,testing
arv,0.04441648360457635,1.213888233684357
