,training,testing
smape,34.271042697812824,35.499057751761484
