,training,testing
mape,73.0944300194055,30.084833451840105
