,training,testing
mae,0.14096061965597687,0.25228966873275865
