,training,testing
arv,5.241351307722,1.0242407648121832
