,training,testing
nrmse,0.17417019403166564,0.8659520241764843
