,training,testing
mse,0.026144406723794235,0.06519374639560854
