,arima,lstm,mlp,rf,svr,xgboost
0,7.147808659586063,3.370825669273441,0.3075726574315495,0.3484607812142937,0.3018110935646917,0.354160164129957
