,arima,lstm,mlp,rf,svr,xgboost
0,0.0634934106847581,0.0484473788566894,0.0222325216661829,0.0244937733675836,0.0197282641599291,0.0254514482748158
