,arima,lstm,mlp,rf,svr,xgboost
0,38.03810889704853,27.54409629966113,11.032468790797468,13.121529436640367,9.70131197399542,14.348649699345954
