,training,validation,testing
rmse,0.03526329345467085,0.05428156570023919,0.03839469712504786
