,training,validation,testing
arv,0.06571169729661629,0.12269147917125175,0.3018110935646917
