,training,validation,testing
rmse,0.03333234156028306,0.05354341915898558,0.03848211612813812
