,training,validation,testing
mape,22252.034513158902,7.458328356515484,13.121529436640369
