,training,validation,testing
nrmse,0.05472406841193671,0.10837285338958329,0.15200245714682323
