,training,validation,testing
mse,0.0011110449938913733,0.0028668977352348246,0.0014808732616995084
