,training,validation,testing
rmse,0.03672221753192135,0.052197691923206495,0.03717557183312462
