,training,validation,testing
mae,0.021018252758671634,0.03409998424871456,0.025451448274815887
