,training,testing
mae,0.13458276562843596,0.06349341068475814
