,training,validation,testing
smape,6.557426569401318,6.453053586515191,9.119380715319638
