,training,validation,testing
mape,34241.21389182369,7.837231004165983,14.348649699345954
