,training,validation,testing
arv,0.06512886032434098,0.14448213080342764,0.354160164129957
