,training,validation,testing
mae,0.019845756879549006,0.03161456491638678,0.02449377336758365
