,training,validation,testing
nrmse,0.03333234156028306,0.08323195548374158,0.09801728697657042
