,training,validation,testing
mse,0.002994723663554329,0.004860411295964151,0.003561342591105263
