,training,validation,testing
mse,0.0013485212604617519,0.002724599042109977,0.0013820231411198088
