,training,validation,testing
smape,7.287099496372837,6.848580940614187,10.2695260570078
