,training,validation,testing
mape,50328.741054489954,11.48626114194021,27.544096299661135
