,training,validation,testing
arv,0.18602226483702258,0.3021073547403765,3.370825669273441
