,training,validation,testing
mse,0.001243499865270232,0.002946488374869384,0.0014741527673241585
