,training,validation,testing
smape,6.956978520125373,7.733387610529233,11.76345702246694
