,training,testing
nrmse,0.18125585193558397,0.19465876911735455
