,training,validation,testing
mae,0.040589472788913165,0.04960665640466174,0.04844737885668942
