,training,validation,testing
arv,0.06638375876423394,0.12619058276161862,0.3075726574315495
