,training,testing
rmse,0.18125585193558397,0.07642408384885259
