,training,validation,testing
rmse,0.036920166530301085,0.052027054912878665,0.03686730858593124
