,training,validation,testing
rmse,0.05472406841193671,0.06971665006269415,0.05967698543915622
