,training,validation,testing
nrmse,0.03672221753192135,0.0811400549077055,0.09468940535266204
