,training,validation,testing
mae,0.019973346195779455,0.028167313334420678,0.019728264159929162
