,training,validation,testing
mse,0.0013630986966251645,0.002706814442907692,0.0013591984423702793
