,training,validation,testing
mape,7461.878635189619,7.000585393404769,11.032468790797468
