,training,validation,testing
nrmse,0.03526329345467085,0.08437938650378297,0.09779462319465748
