,training,validation,testing
nrmse,0.036920166530301085,0.0808748037849613,0.09390423212923867
