,training,validation,testing
mape,6687.085231232537,6.615849339665549,9.70131197399542
