,training,testing
arv,2.9765577255322637,7.147808659586063
