,training,testing
mape,60924.97157365938,38.03810889704853
