,training,validation,testing
smape,12.950313472953265,11.223476920909938,21.901570095065996
