,training,testing
mse,0.03285368386089434,0.005840640592136452
