,training,validation,testing
smape,6.494521703298043,7.304819209487801,11.690960879421642
