,training,testing
smape,38.33337193905205,27.729406681667534
