,training,validation,testing
arv,0.05473609607929852,0.13016275314622866,0.3484607812142937
