,training,validation,testing
mae,0.02232318864059352,0.02979462223435157,0.022232521666182996
