,arima,lstm,mlp,rf,svr,xgboost
0,0.0058406405921364,0.0035613425911052,0.0013820231411198,0.0014808732616995,0.0013591984423702,0.0014741527673241
