,arima,lstm,mlp,rf,svr,xgboost
0,0.1946587691173545,0.1520024571468232,0.094689405352662,0.0980172869765704,0.0939042321292386,0.0977946231946574
