,arima,lstm,mlp,rf,svr,xgboost
0,0.0764240838488525,0.0596769854391562,0.0371755718331246,0.0384821161281381,0.0368673085859312,0.0383946971250478
