,arima,lstm,mlp,rf,svr,xgboost
0,27.72940668166753,21.901570095066,10.2695260570078,11.690960879421642,9.119380715319638,11.76345702246694
