,training,testing
mae,0.04527180325774016,0.010742496462802615
