,training,testing
smape,5.421809054159107,1.2986459799740935
