,training,testing
mse,0.0024136830794748193,0.00016797923454176222
