,training,testing
rmse,0.04912924871677583,0.01296068032711872
