,training,testing
mape,5.321354661350579,1.3020320766379225
