,training,testing
nrmse,0.252081051627864,0.1954396683136196
