,training,testing
arv,3.300964222798871,6.9353421441546015
