,arima,lstm,mlp,rf,svr,xgboost
0,6.9353421441546015,1.2836451255966563,1.207469467374996,0.0570581258808918,12.16130475413878,1.0008579208737398
