,arima,lstm,mlp,rf,svr,xgboost
0,1.097146060628246,0.463659019060495,0.1921724881869744,0.0521225472156194,0.0511786826685076,0.0645577251896129
