,training,validation,testing
mae,0.0014955256395158408,0.0006659125519280616,0.0011822970955843134
