,training,validation,testing
rmse,0.0025608056401513653,0.0023203601105050214,0.0028600722302506132
