,training,validation,testing
mape,0.6885813493992974,0.27738989871923053,0.47080046652224494
