,training,validation,testing
rmse,0.006220716487201996,0.002080591814592437,0.005183774569391603
