,training,validation,testing
arv,0.010232231308840746,0.014972992251930248,0.06455772518961292
