,training,validation,testing
rmse,0.004079199466634392,0.0017742601288952167,0.0031220861507903976
