,training,validation,testing
smape,0.16577690355301067,0.20987572307632252,0.17588310221973763
