,training,testing
smape,14.065323074034241,2.962248462310645
