,training,validation,testing
arv,0.02213630774469253,0.02019170946266122,0.19217248818697447
