,training,testing
arv,1.3840724153457313,1.097146060628246
