,training,validation,testing
nrmse,0.03191835403412579,0.03319978835181554,0.07816836438243487
