,training,validation,testing
smape,0.38567591739629137,0.16743784169335726,0.3162590034373275
