,training,validation,testing
nrmse,0.01415004662253358,0.020774674224810535,0.04196512183327975
