,training,validation,testing
smape,0.6893631506048539,0.27773093952815897,0.4724316678434425
