,training,validation,testing
mse,7.60528657985941e-06,1.695007348244345e-06,7.744745316198103e-06
