,training,testing
rmse,0.13483028145943748,0.03102992568534113
