,training,validation,testing
rmse,0.009521481353344212,0.003491286409311304,0.006934638773214864
