,training,validation,testing
mse,1.6639868288590307e-05,3.147999004987271e-06,9.747421932957201e-06
