,training,validation,testing
mape,0.16576185349565853,0.20966790933503143,0.17569025020684395
