,training,validation,testing
mae,0.0013670960817489415,0.0017766897817815927,0.0014587111760288325
