,training,validation,testing
mse,3.869731361414674e-05,4.32886229894905e-06,2.6871518786271097e-05
