,training,testing
mae,0.11068578699540944,0.023998793034155592
