,training,validation,testing
mape,0.38553500194044804,0.16748156190963212,0.31555843218983537
