,training,validation,testing
arv,0.0038620162305043845,0.023252278359709947,0.05212254721561942
