,training,validation,testing
mape,0.18140527548147117,0.07827594371297103,0.14188147703726872
