,training,validation,testing
nrmse,0.04885450307703427,0.055710096065820926,0.10457039811992458
