,training,testing
mse,0.018179204798431135,0.0009628562880377932
