,training,validation,testing
mae,0.002411386703484187,0.0011045070659158615,0.00178626481916444
