,training,validation,testing
mape,0.2849150106439029,0.12989737352586392,0.2156533056445259
