,training,validation,testing
nrmse,0.01313943517649389,0.03702574624607583,0.04312825823375884
