,training,validation,testing
rmse,0.0027577684057693117,0.0013019244787023344,0.0027829382523150066
