,training,validation,testing
arv,0.004450423481021107,0.00775922824107269,0.05117868266850766
