,training,validation,testing
smape,0.18156483263377848,0.07831063384463056,0.14216006017977653
