,training,testing
nrmse,0.6918110907315826,0.46791358406164213
