,training,validation,testing
arv,0.06444498971717283,0.06860185112475888,0.46365901906049506
