,training,testing
mape,12.768330287645968,2.891276875706369
