,training,validation,testing
mse,6.557725526631044e-06,5.384071042422875e-06,8.180013162250718e-06
