,training,validation,testing
nrmse,0.02093027917599515,0.028311685332629722,0.04707927873819177
