,training,validation,testing
mae,0.0031956351606953013,0.0014277425595052731,0.002640411891589936
