,training,validation,testing
mse,9.065860716208153e-05,1.218908079184182e-05,4.808921491497494e-05
