,training,validation,testing
mae,0.005725932082610107,0.0023718503216834143,0.0039288403213385585
