,training,validation,testing
smape,0.2856745304231824,0.12983354282570808,0.21587769052096575
