,training,testing
nrmse,0.1512361093138777,0.3163940368750587
