,training,testing
rmse,0.029475108824949466,0.020981830376236285
