,training,testing
smape,2.9524641520060655,2.3190931539865622
