,training,testing
mse,0.0008687820402426138,0.0004402372059371517
