,training,testing
mape,2.9781195005113057,2.3504607416144108
