,training,testing
arv,14.40624989533151,1.2836451255966563
