,training,testing
mae,0.024733028876943,0.019290145252481582
