,arima,lstm,mlp,rf,svr,xgboost
0,0.0107424964628026,0.0192901452524815,0.008186728402547,0.0015332642804422,0.0105319926039217,0.2290459702029577
