,arima,lstm,mlp,rf,svr,xgboost
0,0.0239987930341555,0.0039288403213385,0.0026404118915899,0.0014587111760288,0.0011822970955843,0.0017862648191644
