,arima,lstm,mlp,rf,svr,xgboost
0,1.3020320766379223,2.3504607416144108,0.986819126133668,0.1843796611475757,1.2763985112402347,27.7417858223015
