,arima,lstm,mlp,rf,svr,xgboost
0,2.891276875706369,0.4708004665222449,0.3155584321898353,0.1756902502068439,0.1418814770372687,0.2156533056445259
