,training,testing
arv,0.389325648252474,1.207469467374996
