,training,testing
smape,1.3150505869587579,0.9869629490128812
