,training,testing
mape,1.3174582591726123,0.986819126133668
