,training,testing
mae,0.011016521240406502,0.008186728402547
