,training,testing
nrmse,0.09504664435876303,0.16881664786616885
