,training,testing
mse,0.00034314163736900923,0.00012533163604036015
