,arima,lstm,mlp,rf,svr,xgboost
0,0.0009628562880377,4.808921491497494e-05,2.6871518786271097e-05,8.180013162250718e-06,7.744745316198103e-06,9.7474219329572e-06
