,arima,lstm,mlp,rf,svr,xgboost
0,0.0001679792345417,0.0004402372059371,0.0001253316360403,8.634106863758452e-06,0.0001653436737106,0.0525337460949703
