,arima,lstm,mlp,rf,svr,xgboost
0,0.4679135840616421,0.1045703981199245,0.0781683643824348,0.0431282582337588,0.0419651218332797,0.0470792787381917
