,arima,lstm,mlp,rf,svr,xgboost
0,0.1954396683136196,0.3163940368750587,0.1688166478661688,0.044309171311437,0.1939004019557627,3.4562416809910594
