,training,testing
arv,0.0008377380112189009,0.05705812588089182
