,training,testing
mape,0.0648136830017022,0.1843796611475757
