,training,testing
mae,0.0005362322243996244,0.001533264280442226
