,training,testing
mse,1.126818125314069e-06,8.634106863758452e-06
