,training,testing
nrmse,0.0054466189291723,0.04430917131143705
