,training,testing
smape,0.06481465776813879,0.18450216864320082
