,arima,lstm,mlp,rf,svr,xgboost
0,0.0310299256853411,0.0069346387732148,0.0051837745693916,0.0028600722302506,0.002782938252315,0.0031220861507903
