,arima,lstm,mlp,rf,svr,xgboost
0,1.2986459799740937,2.3190931539865622,0.9869629490128812,0.1845021686432008,1.2732142346149362,32.21280581017102
