,arima,lstm,mlp,rf,svr,xgboost
0,2.962248462310645,0.4724316678434425,0.3162590034373275,0.1758831022197376,0.1421600601797765,0.2158776905209657
