,training,testing
nrmse,0.20486160560696817,0.1939004019557627
