,training,testing
mape,4.198965096140832,1.2763985112402347
