,training,testing
mae,0.03558859346426119,0.010531992603921727
