,training,testing
smape,4.242424304011748,1.2732142346149362
