,training,testing
arv,6.514239354593345,12.161304754138781
