,training,testing
rmse,0.03992643123863526,0.01285860310106419
