,training,testing
mse,0.0015941199114534697,0.00016534367371069761
