,training,testing
mae,0.24142065940405838,0.2290459702029577
