,training,testing
mape,28.495406091603776,27.7417858223015
