,training,testing
nrmse,1.2462099464281398,3.4562416809910594
