,training,testing
mse,0.05899052596499269,0.05253374609497032
