,training,testing
rmse,0.24287965325443112,0.22920241293444168
