,training,testing
arv,1.0101477165663693,1.0008579208737398
