,training,testing
smape,33.26050709911132,32.21280581017102
