,training,testing
smape,50.823215564524524,29.349983417123326
