,training,testing
nrmse,0.25605191280861994,0.20034359921083078
