,training,testing
mse,0.06556258205295311,0.015344036876226168
