,training,testing
arv,3.9806362932147685,20.974687235043163
