,training,testing
mape,9518.059170720719,32.20870385801758
