,training,testing
rmse,0.25605191280861994,0.12387104938695792
