,training,testing
mae,0.20961590846806336,0.09983657132248468
