,arima,lstm,mlp,rf,svr,xgboost
0,20.974687235043163,1.9914123321917176,0.1288010859788138,0.1294948775034484,0.1466227751093213,1.5876317886261504
