,arima,lstm,mlp,rf,svr,xgboost
0,10.940897594676594,0.1397779691121621,0.1180972622988053,0.1252501229583816,0.1182384448967387,0.1278349236758253
