,training,validation,testing
smape,9.168438740143028,11.41650401953458,9.56289061353014
