,training,testing
rmse,0.2970261237708922,0.1268799243127941
