,training,testing
mae,0.25785563486574553,0.10221253936576857
