,training,validation,testing
rmse,0.054444756491029256,0.04216568062060166,0.04286379267952736
