,training,validation,testing
mape,3081.318936485025,11.86305315850276,9.821562853867272
