,training,validation,testing
nrmse,0.054444756491029256,0.11495954006490997,0.06932601720695139
