,training,validation,testing
nrmse,0.05113098094245479,0.09949491917322469,0.06428608936632654
