,training,testing
nrmse,0.2970261237708922,0.20521002147172676
