,training,validation,testing
mae,0.0337423876642676,0.02978057226434002,0.032283815966285455
