,training,validation,testing
rmse,0.05113098094245479,0.03649345659231047,0.039747640464473245
