,training,validation,testing
mae,0.04157801090239336,0.03308246831169278,0.033783416704549894
