,training,validation,testing
smape,7.448319243757165,11.64695974492271,9.892802717558597
