,training,validation,testing
arv,0.036972976486794096,0.2891382719540449,0.12525012295838167
