,training,validation,testing
smape,9.271322947131997,11.474705245821676,9.599078021837634
