,training,validation,testing
nrmse,0.04063898859916646,0.10170474459411696,0.06653046505850783
