,training,validation,testing
rmse,0.04063898859916646,0.037303992132658136,0.04113532229361174
