,training,validation,testing
mse,0.002040656865135756,0.0014456797866909512,0.0016929522297660562
