,training,validation,testing
arv,0.0469811963870676,0.3004090626314652,0.1278349236758253
