,training,testing
mape,12179.518814685787,31.828933899669103
