,training,validation,testing
mae,0.03017724696353788,0.02919405433818505,0.032414309714490566
