,training,validation,testing
mape,4269.76192509715,12.268817624535679,10.042425138196034
