,training,testing
mse,0.0882245182023614,0.016098515193620357
