,training,validation,testing
arv,0.07037445209576654,0.3771954892816081,0.13977796911216214
