,training,validation,testing
mape,3185.026077173402,11.85845419960139,9.806631784572042
