,training,validation,testing
mse,0.0016515273943631813,0.00139158782903342,0.0016921147401993111
