,training,validation,testing
mse,0.002964231509367472,0.001777944622198582,0.0018373047228735034
