,training,validation,testing
mape,2882.687361347441,12.023368958961884,10.079257275057287
