,training,validation,testing
nrmse,0.045173630196562196,0.10366256651964736,0.06654692720390758
