,training,validation,testing
nrmse,0.05087315277567667,0.09912341547878906,0.0641412741257504
