,training,validation,testing
mae,0.038192872059886536,0.028436216185056398,0.031141034755162923
