,training,testing
arv,2.1549175818342317,10.940897594676594
