,training,validation,testing
smape,8.423642423103285,11.897372619064717,9.836890628035194
