,training,validation,testing
mse,0.002588077673337339,0.0013218455421512112,0.0015727650710377014
