,training,validation,testing
mae,0.03848360479918875,0.02854537281823867,0.031195791182662837
