,training,testing
smape,59.34432545260482,30.08880415710245
