,training,validation,testing
arv,0.05777437071048906,0.2859882999105827,0.11823844489673874
