,training,validation,testing
mse,0.0026143772121376744,0.0013317723740548487,0.001579874922493031
