,training,validation,testing
arv,0.058479871229438436,0.28678038425765356,0.11809726229880531
