,training,validation,testing
mape,4193.180422940845,13.749109528578785,10.730606426041422
