,training,validation,testing
smape,10.276964744948398,13.315304543445913,10.472748393554635
