,training,validation,testing
rmse,0.05087315277567667,0.036357193815684,0.03965810221175115
