,training,validation,testing
rmse,0.045173630196562196,0.038022096032319826,0.04114550072323894
