,training,testing
smape,40.56599902018357,33.75887661599805
