,training,testing
mse,0.036133874136546805,0.019921036659969155
