,training,testing
nrmse,0.19008912156287852,0.2282767192131938
