,training,testing
arv,30.40121221182031,1.9914123321917176
