,training,testing
mape,11529.005508793394,47.93421547225247
