,training,testing
rmse,0.19008912156287852,0.141141902566067
