,training,testing
mae,0.16515585132093052,0.1201631490443567
