,arima,lstm,mlp,rf,svr,xgboost
0,0.0998365713224846,0.1201631490443567,0.0332053012169112,0.0328777509865812,0.0337900184433455,0.1159705200641633
