,arima,lstm,mlp,rf,svr,xgboost
0,0.1022125393657685,0.0337834167045498,0.0311957911826628,0.0324143097144905,0.0311410347551629,0.0322838159662854
