,arima,lstm,mlp,rf,svr,xgboost
0,32.20870385801758,47.93421547225247,10.664951501240122,10.20811075922265,10.481073088852382,46.28252870349975
