,arima,lstm,mlp,rf,svr,xgboost
0,31.828933899669103,10.730606426041422,9.821562853867272,10.079257275057287,9.806631784572042,10.042425138196034
