,training,testing
mape,2635.4364968119276,10.664951501240122
