,training,testing
nrmse,0.051114367084292886,0.06822279090628523
