,training,testing
mse,0.002612678522427844,0.0017792937527268077
