,training,testing
smape,10.631493324925106,10.297306577330279
