,training,testing
arv,0.05484249284579806,0.12880108597881385
