,training,testing
mae,0.03857466134076201,0.03320530121691124
