,arima,lstm,mlp,rf,svr,xgboost
0,0.0153440368762261,0.0199210366599691,0.0017792937527268,0.0017171123265342,0.0018306618319622,0.0184337205825054
