,arima,lstm,mlp,rf,svr,xgboost
0,0.0160985151936203,0.0018373047228735,0.001579874922493,0.0016921147401993,0.0015727650710377,0.001692952229766
