,arima,lstm,mlp,rf,svr,xgboost
0,0.2003435992108307,0.2282767192131938,0.0682227909062852,0.0670200901761166,0.0692005774302678,0.2195897958745745
