,arima,lstm,mlp,rf,svr,xgboost
0,0.2052100214717267,0.0693260172069513,0.0642860893663265,0.0665304650585078,0.0641412741257504,0.0665469272039075
