,training,testing
arv,0.007151334129273076,0.1294948775034484
