,training,testing
mape,1163.3949576011773,10.20811075922265
