,training,testing
mae,0.013816728127203774,0.032877750986581265
