,training,testing
mse,0.0003400718192510621,0.0017171123265342894
