,training,testing
nrmse,0.018441036284630594,0.06702009017611665
