,training,testing
smape,3.913693268831527,10.017767094691463
