,arima,lstm,mlp,rf,svr,xgboost
0,0.1268799243127941,0.0428637926795273,0.0397476404644732,0.0411353222936117,0.0396581022117511,0.0411455007232389
