,arima,lstm,mlp,rf,svr,xgboost
0,29.34998341712333,33.75887661599805,10.29730657733028,10.017767094691465,10.390744559107173,32.90987634592591
