,arima,lstm,mlp,rf,svr,xgboost
0,30.08880415710245,10.472748393554635,9.599078021837634,9.892802717558595,9.56289061353014,9.836890628035194
