,training,testing
mape,2905.510406649967,10.481073088852382
