,training,testing
mse,0.0024059217205145956,0.001830661831962257
