,training,testing
arv,0.05227627307834021,0.1466227751093213
