,training,testing
mae,0.03764463476703649,0.03379001844334555
