,training,testing
nrmse,0.04905019592738234,0.06920057743026783
