,training,testing
smape,10.624081049781568,10.390744559107173
