,training,testing
arv,5.149689220560231,1.5876317886261504
