,training,testing
mae,0.13964853688493858,0.11597052006416338
