,training,testing
rmse,0.16231988923268803,0.1357708384834734
