,training,testing
mse,0.026347746440512108,0.018433720582505426
