,training,testing
mape,11026.203897100966,46.28252870349975
