,training,testing
nrmse,0.16231988923268803,0.21958979587457458
