,training,testing
smape,35.82973327495695,32.90987634592591
