,training,testing
rmse,0.023094410869535918,0.027260865622905684
