,training,testing
rmse,0.00843609171757221,0.026785439094274104
