,arima,lstm,mlp,rf,svr,xgboost
frontend,0.1219717198012213,0.0591125049199833,0.0272608656229056,0.0267854390942741,0.0718310649054349,0.3161759390470625
