,training,testing
rmse,0.0351299953094539,0.03443923540716961
