,arima,lstm,mlp,rf,svr,xgboost
frontend,0.1506923914552299,0.0201071221783774,0.0344392354071696,0.2171437456611541,0.4709903463819098,0.289103540394018
