,training,testing
smape,5.980927076231027,1.2986459799740935
