,training,testing
nrmse,0.08900195360291373,0.1954396683136196
