,training,testing
mape,6.272327985736189,1.3020320766379225
