,training,testing
arv,6.646308538690767,6.9353421441546015
