,training,testing
mse,0.003978216252918445,0.00016797923454176222
