,training,testing
mae,0.04868286980103303,0.010742496462802615
