,arima,lstm,mlp,rf,svr,xgboost
0,1.097146060628246,0.4094839192775274,0.0671428858086008,0.0511207186969361,0.0471518886580355,0.0596972485838776
