,arima,lstm,mlp,rf,svr,xgboost
0,6.9353421441546015,1.1433238176480482,0.2501088317716831,0.0588333852518055,1.049164971345251,1.0008533753060098
