,training,validation,testing
rmse,0.011654030847245525,0.0015645898200811201,0.002808997402288149
