,training,validation,testing
rmse,0.02640904565182928,0.0032177716572574047,0.007127067451577906
