,training,validation,testing
smape,0.4185566576363025,0.12300654417587052,0.16055311283595458
