,training,validation,testing
smape,0.45811037442021596,0.1801815621952387,0.22394850156613044
