,training,validation,testing
mae,0.002829467131758854,0.000795619665589291,0.0015087186075226449
