,training,validation,testing
mae,0.003018245315513113,0.0015264589171581186,0.0018538534264953492
