,training,testing
mse,0.02055448217514459,0.0009628562880377932
