,training,validation,testing
mae,0.007359217880124835,0.002380116296868502,0.00472957904126891
