,training,validation,testing
arv,0.037131176101313834,0.011129220787965657,0.0511207186969361
