,training,validation,testing
nrmse,0.013641029869089268,0.024093385774142873,0.04852089773690736
