,training,validation,testing
mape,0.3647670396759232,0.09328034286334215,0.18083716403376737
