,training,validation,testing
nrmse,0.0158105698359116,0.032398619617063085,0.04681283654908199
