,training,validation,testing
arv,0.03850939770790189,0.020037917406974717,0.05969724858387762
