,training,validation,testing
mse,9.345093005762673e-05,2.279810816515968e-06,1.035351505433764e-05
