,training,validation,testing
smape,0.3698336061216936,0.09328144476560454,0.18093429340179737
