,training,validation,testing
smape,0.22661160169746394,0.06825883664876445,0.12332620140682193
