,training,testing
nrmse,0.20230593137327801,0.46791358406164213
