,training,validation,testing
nrmse,0.009018109684224817,0.020061720981383976,0.04021209746100795
