,training,validation,testing
mae,0.0017470413617968446,0.0005811009556238409,0.0010256869379166084
