,training,testing
mape,14.11476593745012,2.891276875706369
