,training,testing
arv,1.6142453742583776,1.097146060628246
