,training,validation,testing
smape,1.0435078301022231,0.27952567905928716,0.5689921936024526
