,training,testing
mae,0.11595332845975934,0.023998793034155592
