,training,validation,testing
mape,0.22225562881279812,0.06823697847460343,0.12307049569385375
