,training,validation,testing
mse,4.0843253940676675e-05,1.5806638201835902e-06,7.111211852224147e-06
