,training,validation,testing
mse,0.00013581643498855025,2.4479413051014717e-06,7.89046640606157e-06
