,training,validation,testing
mse,0.0006974376922404031,1.0354054438249066e-05,5.0795090459341194e-05
