,training,validation,testing
mape,1.0508929133133627,0.2799303320981419,0.5687646573406636
