,training,testing
smape,14.922654035027874,2.962248462310645
