,training,validation,testing
arv,0.20669526580082523,0.05163556069980469,0.4094839192775274
