,training,validation,testing
rmse,0.01120449215681093,0.002030383509227075,0.003104416902431011
