,training,testing
rmse,0.14336834439702717,0.03102992568534113
