,training,validation,testing
mae,0.0025910044851276226,0.0010441097419069797,0.0013334627772599679
