,training,validation,testing
nrmse,0.03726559443608616,0.05134564946192637,0.10747211285434408
