,training,validation,testing
mse,0.00012554064449203764,4.122457194541252e-06,9.637404304099353e-06
