,training,validation,testing
mape,0.47607596284124504,0.18021769352085096,0.2237295384709809
