,training,validation,testing
arv,0.010501011689867097,0.007263899919364687,0.04715188865803557
