,training,validation,testing
rmse,0.009667002123596887,0.0015099042408430966,0.00321768784289863
