,training,validation,testing
mape,0.4194879017908668,0.12297920947518812,0.16037224958289675
