,training,validation,testing
nrmse,0.016444910309320736,0.024965997904915126,0.042358078954259686
