,training,validation,testing
arv,0.02411756249894844,0.010905840968361911,0.06714288580860082
