,training,validation,testing
rmse,0.006390872705716855,0.0012572445347598812,0.0026666855555584628
