,training,testing
smape,2.294997482478033,0.5831899482339274
