,training,testing
mse,0.0006549950132627608,4.725623165978139e-05
