,training,testing
mape,2.3516060374230308,0.5820281202592231
