,training,testing
mae,0.01838026650634353,0.004829839967821208
