,training,testing
arv,0.5634979349973476,1.1433238176480482
