,training,testing
rmse,0.02559287035998035,0.006874316814039151
