,training,testing
nrmse,0.036113895968228435,0.10366077737504276
