,arima,lstm,mlp,rf,svr,xgboost
0,0.0107424964628026,0.0048298399678212,0.004096760561929,0.0017147646574195,0.0399661992642186,0.2290431687846532
