,arima,lstm,mlp,rf,svr,xgboost
0,0.0239987930341555,0.0047295790412689,0.0015087186075226,0.0013334627772599,0.0010256869379166,0.0018538534264953
