,arima,lstm,mlp,rf,svr,xgboost
0,2.891276875706369,0.5687646573406636,0.1808371640337673,0.1603722495828967,0.1230704956938537,0.2237295384709809
