,arima,lstm,mlp,rf,svr,xgboost
0,1.3020320766379223,0.5820281202592231,0.4949432129907204,0.2066062295928026,4.826456029269451,27.741463121127484
