,training,testing
rmse,0.014676594240551132,0.005477566097012752
