,training,testing
nrmse,0.020710025492098463,0.08259857308000511
