,training,testing
mape,0.6385577897008251,0.4949432129907204
