,training,testing
mae,0.005065138305432489,0.00409676056192909
