,training,testing
smape,0.6509500012786564,0.4945265462037938
