,training,testing
mse,0.00021540241850177868,3.0003730347143508e-05
