,training,testing
arv,0.07623922501559721,0.25010883177168314
