,arima,lstm,mlp,rf,svr,xgboost
0,0.0001679792345417,4.725623165978139e-05,3.0003730347143508e-05,9.175175073638298e-06,0.001688505750419,0.0525323163699533
