,arima,lstm,mlp,rf,svr,xgboost
0,0.0009628562880377,5.07950904593412e-05,1.035351505433764e-05,7.89046640606157e-06,7.111211852224147e-06,9.637404304099353e-06
