,arima,lstm,mlp,rf,svr,xgboost
0,0.4679135840616421,0.107472112854344,0.0485208977369073,0.0423580789542596,0.0402120974610079,0.0468128365490819
