,arima,lstm,mlp,rf,svr,xgboost
0,0.1954396683136196,0.1036607773750427,0.0825985730800051,0.0456764242286218,0.6196353554372539,3.456194649233524
