,training,testing
arv,0.0029635735541350314,0.05883338525180559
