,training,testing
mae,0.0006947454833301029,0.001714764657419509
