,training,testing
mape,0.0928297231407456,0.20660622959280261
