,training,testing
mse,8.662832289394351e-06,9.175175073638298e-06
