,training,testing
nrmse,0.0041532234665296545,0.04567642422862184
