,training,testing
rmse,0.0029432689801298065,0.0030290551453610575
