,training,testing
smape,0.09267323484403606,0.20676508770981553
