,arima,lstm,mlp,rf,svr,xgboost
0,0.0310299256853411,0.0071270674515779,0.0032176878428986,0.0028089974022881,0.0026666855555584,0.003104416902431
