,arima,lstm,mlp,rf,svr,xgboost
0,1.2986459799740937,0.5831899482339274,0.4945265462037938,0.2067650877098155,4.951993520678144,32.21236236131369
