,arima,lstm,mlp,rf,svr,xgboost
0,2.962248462310645,0.5689921936024526,0.1809342934017973,0.1605531128359545,0.1233262014068219,0.2239485015661304
