,training,testing
mape,6.262024667343394,4.826456029269451
