,training,testing
mae,0.05309549334273696,0.03996619926421865
