,training,testing
mse,0.003514994214393862,0.0016885057504190178
