,training,testing
smape,6.4768017123560115,4.951993520678144
