,training,testing
arv,0.993396759326453,1.0491649713452513
