,training,testing
nrmse,0.08365996010475234,0.6196353554372539
