,training,testing
rmse,0.059287386638254364,0.04109143159369138
