,training,testing
nrmse,0.3422487045569597,3.456194649233524
