,training,testing
mape,28.52973447328035,27.741463121127484
