,training,testing
mae,0.24064935797053008,0.22904316878465325
