,training,testing
arv,1.0222073776969873,1.0008533753060098
