,training,testing
mse,0.05882648973594765,0.05253231636995333
