,training,testing
smape,33.22777306339056,32.21236236131369
