,training,testing
rmse,0.33652909022508454,0.10269927981867692
