,training,testing
rmse,0.003104053149110278,0.07371669296943115
