,arima,lstm,mlp,rf,svr,xgboost
frontend,0.1026992798186769,0.3486614693484057,0.0737166929694311,0.1439239943704016,0.2812949861645673,0.0727878491623802
