,training,testing
rmse,0.2520264111034761,0.07278784916238021
