,arima,lstm,mlp,rf,svr,xgboost
0,3.844257998136479,4.924571669238034,0.0461956082031758,0.1165558198761578,0.0286143469936506,0.2842677899831693
