,arima,lstm,mlp,rf,svr,xgboost
0,0.1762220704926868,0.2189815421481707,0.031322498472472,0.0594599134323896,0.0193364554571881,0.0938757266875588
