,arima,lstm,mlp,rf,svr,xgboost
0,53.53145793130412,207.78473597857692,27.368376501861157,70.10576555691682,14.500530339669927,143.88681509539737
