,training,validation,testing
arv,0.0705135222645032,0.19277981763156346,0.02861434699365068
