,training,validation,testing
mae,0.15436501414536477,0.2752860443544144,0.2189815421481707
