,training,validation,testing
mse,0.04513163579223347,0.08428182188789353,0.05754430749804851
