,training,validation,testing
mae,0.0223365426195789,0.07881638333286893,0.05945991343238967
