,training,validation,testing
mape,18684.193430915944,145.26854821184773,70.10576555691682
