,training,validation,testing
rmse,0.07099573873464977,0.109924425782195,0.08716284602917052
