,training,validation,testing
smape,6.338213242314827,91.02146935763432,56.622099869785124
