,training,validation,testing
arv,0.02837960224021417,0.8388646485557402,0.2842677899831693
