,training,validation,testing
mae,0.02396217953558694,0.034780985294753354,0.019336455457188192
