,training,testing
smape,137.407604899256,75.1448518002067
