,training,testing
arv,1.296700290751864,3.844257998136479
