,training,validation,testing
mape,71706.35637577364,483.91060045445266,207.78473597857695
