,training,validation,testing
rmse,0.08298854026254801,0.09829591867095223,0.04652292129147225
