,training,validation,testing
mae,0.03207259935523841,0.05235052802126248,0.031322498472472045
