,training,validation,testing
smape,12.498046004485417,47.661696286678264,21.93756279430814
