,training,validation,testing
nrmse,0.08298854026254801,0.10325693847399522,0.0484005413940305
