,training,validation,testing
mse,0.005040394918478651,0.012083379383545294,0.007597361727904887
