,training,validation,testing
arv,0.05394477470310287,0.29498564295916974,0.11655581987615782
