,training,validation,testing
rmse,0.21244207632254367,0.2903133167594858,0.23988394589477743
