,training,validation,testing
rmse,0.05169760097943413,0.1712254086720025,0.1307768578091875
