,training,validation,testing
arv,0.06536184567904792,0.17929409080597145,0.04619560820317587
