,training,validation,testing
mae,0.01899963548631351,0.1390127432898927,0.09387572668755888
