,training,validation,testing
nrmse,0.07099573873464977,0.1154723392715549,0.090680654183891
