,training,testing
rmse,0.6602503789196577,0.32829526000967235
