,training,testing
mae,0.580554239544115,0.17622207049268682
