,training,validation,testing
smape,7.074396067774255,30.66501981575815,14.38176119163242
