,training,validation,testing
mape,20644.047163043786,43.06756421197638,14.500530339669929
