,training,validation,testing
mse,0.006118235336368431,0.00917038999427993,0.0029440425877928595
