,training,validation,testing
nrmse,0.07821914942243,0.10059529326892769,0.05644887437578298
