,training,testing
nrmse,0.6602503789196577,0.3415449391496996
