,training,validation,testing
mse,0.002672641947028788,0.029318140574894267,0.01710258653844444
