,training,testing
mse,0.43593056286355153,0.10777777774481838
