,training,validation,testing
nrmse,0.21244207632254367,0.3049655030659404,0.24956542991576455
