,training,validation,testing
smape,7.449169106177937,71.27576277279145,46.58020880690646
