,training,validation,testing
nrmse,0.05169760097943413,0.17986719822635314,0.13605488529231852
