,training,validation,testing
rmse,0.07821914942243,0.09576215324584098,0.054259032315300826
