,training,validation,testing
smape,41.1674909990501,129.36515228733953,91.8192919738113
