,training,validation,testing
mse,0.006887097814908551,0.009662087627366455,0.002164382205492522
