,training,validation,testing
mape,18382.507960386694,282.5567048317606,143.88681509539737
