,training,validation,testing
arv,1.4012800052465921,1.759804845253278,4.924571669238034
