,training,validation,testing
mape,23553.508445865107,86.16590536601335,27.368376501861153
