,training,testing
mape,16410.74957483926,53.53145793130412
