,arima,lstm,mlp,rf,svr,xgboost
0,0.1077777777448183,0.0575443074980485,0.0029440425877928,0.0075973617279048,0.0021643822054925,0.0171025865384444
