,arima,lstm,mlp,rf,svr,xgboost
0,0.3415449391496996,0.2495654299157645,0.0564488743757829,0.090680654183891,0.0484005413940305,0.1360548852923185
