,arima,lstm,mlp,rf,svr,xgboost
0,0.3282952600096723,0.2398839458947774,0.0542590323153008,0.0871628460291705,0.0465229212914722,0.1307768578091875
