,arima,lstm,mlp,rf,svr,xgboost
0,75.1448518002067,91.8192919738113,21.93756279430814,46.58020880690646,14.38176119163242,56.62209986978512
