,training,testing
smape,23.252840054347498,45.86970605516668
