,training,testing
nrmse,0.9448160868058305,0.40376752321187354
