,training,testing
mae,0.19318027876695984,0.24840882938069112
