,training,testing
mse,0.037761606373192855,0.11273434638368235
