,training,testing
mape,20.79585504120624,91813.58364595109
