,training,testing
arv,0.9537794229146687,1.829943699494279
