,arima,lstm,mlp,rf,svr,xgboost
0,1.829943699494279,1.2602178630292278,0.6102426792075195,1.8590099019629844,1.4777720531184242,22.006077408968984
