,arima,lstm,mlp,rf,svr,xgboost
0,1.9961516027807973,0.2945196793065671,0.0036238860616061,1.4626208949890387,0.0265781117243699,1.512743481330056
