,training,testing
mae,0.46306906811859405,0.1594244416839813
