,training,testing
smape,69.38020554662768,36.03418765081942
