,training,testing
mse,0.2442516333561788,0.05550674015537992
