,training,validation,testing
arv,0.31354732856956147,0.2026560713977469,0.29451967930656714
