,training,testing
nrmse,3.562394416567303,0.2833192734717111
