,training,validation,testing
smape,0.26410689040753926,3.333426840771213,56.05453877297738
