,training,validation,testing
arv,0.6528701423273268,3.217556183409771,1.512743481330056
