,training,validation,testing
mae,0.005962277419042135,0.005830054788385171,0.011134281226084555
