,training,validation,testing
mae,0.009466251799547009,0.018825452240284077,0.3321428197663575
