,training,validation,testing
mae,0.0025081086562558624,0.02922544569827982,0.3496731774794538
