,training,validation,testing
mse,2.5899446970601e-05,0.00143990001352138,0.17883660364977147
