,training,validation,testing
nrmse,0.05711824304041882,0.04074235988836352,0.053077135205634306
