,training,validation,testing
arv,0.06564595120269684,1.7397994367651832,1.4626208949890387
