,training,validation,testing
smape,0.4445167481603191,0.4410111177553617,22.418640055855636
