,training,validation,testing
nrmse,0.03668330937242039,0.28676771756496094,0.5085474311962612
