,training,validation,testing
mae,0.00751984881161024,0.00757464648374721,0.06457534332933505
