,training,testing
arv,0.9759290487555374,1.9961516027807975
