,training,validation,testing
mape,0.264731212918005,3.4317613402271108,106301.45781861365
