,training,validation,testing
nrmse,0.0812314952485648,0.08053270021419685,0.1160352047011569
