,training,validation,testing
rmse,0.00792412972882458,0.005391158358590707,0.04413714280778606
