,training,validation,testing
smape,0.7912723684969641,0.8735976473740639,21.819912782933617
