,training,validation,testing
arv,0.2278418461055557,0.11709857494469507,0.003623886061606136
