,training,testing
rmse,0.49421820419342993,0.23559868453660757
