,training,validation,testing
rmse,0.011269410124546877,0.010656342467379983,0.09649093495313574
