,training,validation,testing
smape,0.6272280633426279,0.6729554875951735,5.425605620057836
