,training,validation,testing
mse,8.297123315180078e-05,6.770822831331867e-05,0.00019797463870499315
