,training,validation,testing
mape,0.445390426480147,0.44084680358843686,13429.227711446114
