,training,validation,testing
rmse,0.013358701019242046,0.026379781671229854,0.40851453502114327
