,training,validation,testing
mape,0.6285741835435104,0.6749657077429624,312.4830767559223
