,training,validation,testing
nrmse,0.06565790716332397,0.06218488232216615,0.016920299175926606
