,training,validation,testing
mape,0.7935801870066348,0.8726549476297504,33060.92653130934
