,training,testing
mape,49.056971895748845,71012.7758193523
