,training,validation,testing
nrmse,0.09629139825232777,0.1993587439168931,0.49125928479808795
