,training,validation,testing
rmse,0.005089149926127251,0.03794601446161876,0.4228907703530209
