,training,validation,testing
mape,0.983130781157864,2.2147831450305087,104232.20780588256
