,training,validation,testing
smape,0.9911059290401756,2.169902627803886,54.35955009959874
