,training,validation,testing
mse,0.0001784548929214985,0.0006958928810217545,0.16688412532354088
