,training,validation,testing
rmse,0.009108854656420903,0.008228500976078126,0.014070346076233987
