,training,validation,testing
mse,0.00012699960455523965,0.00011355763478208609,0.009310500528130273
