,training,validation,testing
arv,0.15443633070399249,0.04411146803945579,0.02657811172436998
