,training,validation,testing
mse,6.279183195924153e-05,2.9064588447402444e-05,0.0019480873752349003
