,training,validation,testing
mae,0.004220145735853606,0.0038219962852981404,0.030271434610752292
