,training,testing
mae,0.09211148191103093,0.24439127650470174
