,training,testing
mape,9.723988151425646,53131.26712033901
