,training,testing
nrmse,0.48765818416148576,0.35319218418420956
