,training,testing
mse,0.010059744185540937,0.08626123120763972
