,training,testing
rmse,0.10029827608459149,0.29370262376703365
