,training,testing
arv,1.2184304378588395,1.2602178630292278
