,training,testing
smape,10.30861178131026,47.061507342467294
