,arima,lstm,mlp,rf,svr,xgboost
0,0.1594244416839813,0.064575343329335,0.0111342812260845,0.3496731774794538,0.0302714346107522,0.3321428197663575
