,arima,lstm,mlp,rf,svr,xgboost
0,0.2484088293806911,0.2443912765047017,0.1302578629951195,0.2566715291896475,0.344723267901478,0.1983181844523874
