,arima,lstm,mlp,rf,svr,xgboost
0,91813.58364595108,53131.26712033901,39013.94781543854,95080.91792276796,105675.3544975277,71124.35750968207
