,arima,lstm,mlp,rf,svr,xgboost
0,71012.7758193523,33060.92653130934,312.4830767559223,106301.45781861364,13429.227711446114,104232.20780588256
