,training,testing
arv,0.3524308463839624,0.6102426792075195
