,training,testing
mape,1.4236252496160826,39013.94781543854
