,training,testing
mae,0.013154853617125529,0.13025786299511957
