,training,testing
nrmse,0.08519464706380987,0.18843354692902567
