,training,testing
mse,0.00030702979227752305,0.024553303360533997
