,training,testing
smape,1.4232322162414073,32.39106304538409
