,arima,lstm,mlp,rf,svr,xgboost
0,0.1127343463836823,0.0862612312076397,0.0245533033605339,0.1217228592024294,0.1756105746977789,0.0592722742524512
