,arima,lstm,mlp,rf,svr,xgboost
0,0.0555067401553799,0.0093105005281302,0.0001979746387049,0.1788366036497714,0.0019480873752349,0.1668841253235408
