,arima,lstm,mlp,rf,svr,xgboost
0,0.4037675232118735,0.3531921841842095,0.1884335469290256,0.4195554150799278,0.5039397199352901,0.2927716725916218
