,arima,lstm,mlp,rf,svr,xgboost
0,0.2833192734717111,0.1160352047011569,0.0169202991759266,0.5085474311962612,0.0530771352056343,0.4912592847980879
