,training,testing
arv,0.005450750238193758,1.8590099019629844
