,training,testing
mse,8.571439686066108e-06,0.12172285920242942
