,training,testing
mae,0.0016636508065827772,0.25667152918964753
