,training,testing
mape,0.17915763919526803,95080.91792276796
