,training,testing
nrmse,0.014234720215458123,0.41955541507992783
