,training,testing
rmse,0.0029277021170307114,0.34888803247235267
