,training,testing
smape,0.17904709668715796,46.56793821120911
