,arima,lstm,mlp,rf,svr,xgboost
0,0.2355986845366075,0.0964909349531357,0.0140703460762339,0.4228907703530209,0.044137142807786,0.4085145350211432
