,arima,lstm,mlp,rf,svr,xgboost
0,45.86970605516668,47.061507342467294,32.39106304538409,46.56793821120911,55.54984879056812,41.66654968041558
