,arima,lstm,mlp,rf,svr,xgboost
0,36.03418765081942,21.819912782933617,5.425605620057836,56.05453877297738,22.41864005585564,54.35955009959874
