,training,testing
smape,4.928205367274646,55.54984879056812
