,training,testing
mape,4.81784241818321,105675.3544975277
