,training,testing
mse,0.002610409670971329,0.1756105746977789
