,training,testing
nrmse,0.24841418053668046,0.5039397199352901
