,training,testing
arv,2.3744490137046808,1.4777720531184242
