,training,testing
mae,0.045362969629548555,0.344723267901478
