,training,testing
arv,1.008098240605635,22.006077408968984
