,training,testing
mae,0.30199796147209734,0.19831818445238747
