,training,testing
mape,32.35184881262707,71124.35750968207
