,training,testing
nrmse,1.4753271224273914,0.2927716725916218
