,training,testing
smape,38.62429692389328,41.66654968041558
