,training,testing
mse,0.092073055495449,0.059272274252451275
