,training,testing
mape,17671.315360454035,25.079073305280414
