,training,testing
mse,0.05760842443307255,0.022633767063110356
