,training,testing
mae,0.2123797046221993,0.12145051885697594
