,training,testing
smape,35.1010930401726,21.39434570486456
