,training,testing
arv,14.997656066166352,126.47263270292524
