,training,testing
nrmse,0.24001755026054356,0.21437888681492062
