,arima,lstm,mlp,rf,svr,xgboost
0,126.47263270292524,2.701487075678143,0.0808089063749179,0.048594955952829,0.0937110460023953,2.451012089375832
