,arima,lstm,mlp,rf,svr,xgboost
0,0.9327590418377024,0.0766763810836009,0.0521221810809673,0.0494812413321539,0.0466442580968996,0.0578853538191705
