,training,validation,testing
mape,1699.0629318154024,6.308064756839165,4.622184559289664
