,training,validation,testing
smape,4.674789030824968,6.190232731991198,4.571050206198725
