,training,validation,testing
arv,0.031745625302955556,0.1659846283100464,0.07667638108360098
