,training,validation,testing
arv,0.02078849167142783,0.08480771842416766,0.04664425809689965
