,training,validation,testing
mape,522.0607849930072,6.041855158711767,4.652030635702441
