,training,validation,testing
nrmse,0.03470372277187881,0.059286208451798765,0.04766404376527332
