,training,validation,testing
mape,2194.873674127042,8.725217562815702,6.4685313343671265
