,training,testing
arv,1.102214877623885,0.9327590418377025
