,training,validation,testing
rmse,0.03329233068643463,0.03664447378946725,0.03543522237213723
