,training,testing
mape,155568.703805119,115.18281184567458
