,training,validation,testing
arv,0.024045872070703845,0.09896452920152372,0.05212218108096732
