,training,validation,testing
mae,0.03290321437322423,0.03996566839865255,0.035407907207185944
