,training,validation,testing
rmse,0.01481152418427571,0.03536637419305147,0.033086721889666944
