,training,validation,testing
mse,0.0010699364506050611,0.0011905927185131447,0.001061965598413708
