,training,validation,testing
smape,2.0333805807273584,5.979417375200135,4.627168836653573
