,training,validation,testing
arv,0.02291131682097217,0.10304701586915804,0.05788535381917051
