,training,validation,testing
rmse,0.040690730466890014,0.049156793961226436,0.04320178343853408
