,training,validation,testing
nrmse,0.03329233068643464,0.06039336887768743,0.05049388108976921
