,training,validation,testing
mae,0.022066600217226392,0.024899178351870294,0.023208543775140478
