,training,validation,testing
smape,4.724039311797565,6.149470730253171,4.8301131010607
