,training,testing
rmse,2.258113069030621,0.7114166050372724
