,training,validation,testing
mape,682.6045982675051,5.739812488888062,4.285729292359944
