,training,validation,testing
mape,3932.599201733092,6.232846771530618,4.864914936220818
