,training,validation,testing
mae,0.025668887611512682,0.027461126586727447,0.025195972999851553
