,training,validation,testing
smape,6.09285820581699,9.106675255921115,6.668985298953135
