,training,testing
mse,5.09907463252689,0.5061135859227585
