,training,validation,testing
mae,0.010638706026764847,0.026475584756597618,0.025203390399265065
