,training,validation,testing
rmse,0.03270988307232328,0.03450496657748192,0.03258781364887353
