,training,validation,testing
nrmse,0.03270988307232329,0.05686726971708106,0.046436428988113974
