,training,validation,testing
mse,0.0012043483742274195,0.0012940343960495075,0.0011188570129194522
