,training,validation,testing
mse,0.00021938124866138423,0.001250780423562937,0.0010947311654041657
