,training,validation,testing
mse,0.001108379282534917,0.0013428174593069526,0.0012556549845628153
