,training,testing
nrmse,2.2581130690306215,1.013742346041689
