,training,validation,testing
nrmse,0.014811524184275712,0.058286946478713096,0.04714735477604234
