,training,validation,testing
rmse,0.0347037227718788,0.03597268958598325,0.03344932006662396
