,training,testing
mae,1.8560776637147918,0.6398507115289414
