,training,validation,testing
smape,4.096525159205241,5.636064136165396,4.221295096183435
