,training,validation,testing
nrmse,0.04069073046689002,0.08101479114152635,0.061560943315161994
