,training,testing
smape,98.36850581083971,67.59151136232231
