,training,validation,testing
arv,0.004348707556527151,0.09185201041784066,0.04948124133215396
