,training,validation,testing
mae,0.02512423543579987,0.027722811539584793,0.02696429277897954
