,training,validation,testing
mse,0.0016557355459290912,0.002416390392546468,0.0018663940922699972
