,training,testing
mae,0.20919097845592524,0.12407217907851978
