,training,testing
mse,0.05915334642512559,0.021746939563021296
