,training,testing
smape,34.4973005650908,21.668204850634883
