,training,testing
nrmse,0.24321460981019538,0.21013706601187424
