,training,testing
mape,9649.24740606867,20.577565218061977
