,training,testing
arv,2.2646860794035693,2.701487075678143
