,training,testing
rmse,0.24321460981019538,0.14746843581940272
