,arima,lstm,mlp,rf,svr,xgboost
0,0.1214505188569759,0.1240721790785197,0.033031031863419,0.0243787393995677,0.0361749027160751,0.1079994676257616
