,arima,lstm,mlp,rf,svr,xgboost
0,0.6398507115289414,0.0354079072071859,0.0251959729998515,0.025203390399265,0.0232085437751404,0.0269642927789795
