,arima,lstm,mlp,rf,svr,xgboost
0,25.079073305280414,20.577565218061977,6.227306352668688,4.485040219459005,6.257172146080096,18.393051939675864
