,arima,lstm,mlp,rf,svr,xgboost
0,115.18281184567458,6.468531334367127,4.622184559289664,4.652030635702441,4.285729292359944,4.864914936220818
