,training,testing
rmse,0.0423232707124539,0.04159154827372074
