,training,testing
smape,6.671376194760685,6.127871917579974
