,training,testing
nrmse,0.0423232707124539,0.0592664177697949
