,training,testing
mse,0.0017912592437996579,0.0017298568878052424
