,training,testing
mae,0.03307571319775013,0.033031031863419026
