,training,testing
arv,0.0344199459427517,0.08080890637491796
