,training,testing
mape,1883.3340101558913,6.227306352668688
