,arima,lstm,mlp,rf,svr,xgboost
0,0.5061135859227585,0.0018663940922699,0.0011188570129194,0.0010947311654041,0.0010619655984137,0.0012556549845628
