,arima,lstm,mlp,rf,svr,xgboost
0,0.0226337670631103,0.0217469395630212,0.0017298568878052,0.0010479118848138,0.0018780032415076,0.0159258002607925
