,arima,lstm,mlp,rf,svr,xgboost
0,1.013742346041689,0.0615609433151619,0.0476640437652733,0.0471473547760423,0.0464364289881139,0.0504938810897692
