,arima,lstm,mlp,rf,svr,xgboost
0,0.2143788868149206,0.2101370660118742,0.0592664177697949,0.0461281432162726,0.0617521039855849,0.1798267199313335
