,training,testing
arv,0.0029754798013214437,0.04859495595282909
