,training,testing
mae,0.009177576533433903,0.02437873939956778
