,training,testing
mse,0.00015835793164528612,0.0010479118848138996
