,training,testing
mape,266.91157905713163,4.485040219459005
