,training,testing
nrmse,0.01258403479196105,0.046128143216272614
