,training,testing
smape,1.8434615339038187,4.450108823238848
