,arima,lstm,mlp,rf,svr,xgboost
0,0.1504452294461687,0.1474684358194027,0.0415915482737207,0.0323714671402749,0.0433359347598235,0.1261974653501113
