,arima,lstm,mlp,rf,svr,xgboost
0,0.7114166050372724,0.043201783438534,0.0334493200666239,0.0330867218896669,0.0325878136488735,0.0354352223721372
