,arima,lstm,mlp,rf,svr,xgboost
0,21.39434570486456,21.668204850634883,6.127871917579974,4.450108823238848,6.3929452184407545,18.83327630961142
