,arima,lstm,mlp,rf,svr,xgboost
0,67.59151136232231,6.668985298953135,4.571050206198725,4.627168836653573,4.221295096183435,4.8301131010607
