,training,testing
smape,7.178310305562205,6.3929452184407545
