,training,testing
mse,0.002044815023082197,0.0018780032415076822
