,training,testing
nrmse,0.04521963094809816,0.06175210398558493
