,training,testing
mae,0.03841512596862875,0.036174902716075125
