,training,testing
arv,0.04206716941309782,0.09371104600239538
