,training,testing
mape,2915.1592394509626,6.257172146080096
