,training,testing
rmse,0.04521963094809816,0.04333593475982354
