,training,testing
rmse,0.2036945055264936,0.12619746535011137
