,training,testing
nrmse,0.2036945055264936,0.1798267199313335
