,training,testing
smape,29.276444521337513,18.83327630961142
