,training,testing
arv,2.176114326745551,2.4510120893758316
