,training,testing
mae,0.17773532812780232,0.10799946762576161
