,training,testing
mse,0.041491451581682735,0.01592580026079256
