,training,testing
mape,10912.49627939653,18.393051939675864
