,training,testing
mape,232816.65032699204,174973.35420650107
