,training,testing
mae,0.20046291948662234,0.21696087298704156
