,training,testing
nrmse,0.28858131017418415,0.2412555347459479
