,training,testing
smape,58.21770440325571,69.1582566783767
