,training,testing
mse,0.05186786271717232,0.058204233045553284
