,training,testing
arv,32.935179753551395,22.207291778331015
