,arima,lstm,mlp,rf,svr,xgboost
0,22.20729177833101,1.3784827608694767,0.0456507445166179,0.0270461751217734,0.0751113806346439,3.484160842013544
