,arima,lstm,mlp,rf,svr,xgboost
0,1.0063432893979032,0.0274546561447989,0.0249403821915735,0.0273213394295312,0.0252199459267856,0.0328490420280626
