,training,testing
nrmse,11.613721069857693,3.07178790016515
