,training,validation,testing
mae,0.02633141740435479,0.024415485448494357,0.0251379527812829
