,training,validation,testing
mse,0.001157959785143017,0.0011105526633087785,0.0014445863790197423
