,training,testing
rmse,9.165419910217382,3.07178790016515
