,training,validation,testing
nrmse,0.01639995636682071,0.04512829857437792,0.039042650870315776
