,training,validation,testing
mape,5208.168810710235,4490.3925927099,6223.375104049158
