,training,validation,testing
nrmse,0.04650604247027846,0.04505744875485891,0.03967351003642243
