,training,validation,testing
mae,0.009354536964385896,0.02464516950255097,0.025083867495785787
