,training,validation,testing
mse,0.000357679661075596,0.0014200418436023459,0.0017985354619487056
