,training,validation,testing
arv,0.023302753035438894,0.023956869845238506,0.02521994592678569
