,training,validation,testing
mse,0.001347040703069873,0.001144269645971755,0.001573987398610111
