,training,validation,testing
mse,0.00016751254476212124,0.0011478710499452408,0.0015243285869813695
