,training,validation,testing
rmse,0.03406711989905784,0.033238956656943194,0.03756629766125467
