,training,validation,testing
nrmse,0.02396437721897019,0.050194135589967624,0.04240914361253603
