,training,validation,testing
mae,0.023983620801719834,0.023772434030087962,0.024017309821953933
