,training,testing
smape,198.06937677531891,195.07800080233994
