,training,validation,testing
mape,2527.5251165766695,4337.689625064898,5891.694903762633
