,training,validation,testing
rmse,0.018912420814787195,0.037683442565699145,0.04240914361253603
