,training,testing
mape,5756550.834741067,1305602.3180244688
