,training,validation,testing
mape,5928.371159321974,3518.85805848333,4835.770788810128
