,training,validation,testing
smape,6.324986782710738,9.793516506568611,14.289797111559748
