,training,validation,testing
nrmse,0.04311871035276885,0.044388655181047044,0.0380077147302984
