,training,validation,testing
arv,0.007187064298607808,0.030843346536545906,0.03284904202806264
