,training,validation,testing
smape,15.535445527883237,13.431209898591398,17.43619196667518
