,training,validation,testing
mae,0.02452472988129276,0.023747866647760622,0.024113358802685985
