,training,validation,testing
arv,0.02343733950579841,0.02395824547388965,0.02494038219157358
