,training,validation,testing
rmse,0.01294266374291325,0.033880245718489715,0.039042650870315776
