,training,validation,testing
smape,10.762885264608801,11.608447025982667,15.782957205819088
