,training,testing
arv,1.0006568568980838,1.0063432893979032
