,training,validation,testing
mse,0.0011605686582167826,0.0011048282396421483,0.0014112267199739878
