,training,testing
mse,84.00492213060922,9.435880903601022
