,training,validation,testing
rmse,0.036702053117909805,0.03382705494085696,0.03967351003642243
