,training,validation,testing
mape,6874.325989109075,4672.166790451901,6224.010096205418
