,training,validation,testing
nrmse,0.043167256059921486,0.04427410511656128,0.03756629766125467
