,training,validation,testing
rmse,0.03402880816518582,0.03332495556349293,0.0380077147302984
