,training,validation,testing
mae,0.013383413334759307,0.0276684805012022,0.02799785930301297
