,training,validation,testing
mape,4851.822832850267,3255.8258080737714,4622.906265280279
