,training,validation,testing
smape,13.52766798792505,12.311712902643436,16.017599259507787
