,training,testing
mae,7.952898025501982,2.6779708118891317
