,training,validation,testing
arv,0.003359221607157594,0.025045436943263142,0.02732133942953123
