,training,validation,testing
arv,0.0272054840349662,0.024781930725013567,0.02745465614479893
