,training,validation,testing
smape,15.433888891345083,13.291209008214544,17.16881911005933
