,training,testing
mape,108965.8187655236,93202.92530346235
