,training,testing
mae,0.1126088335174507,0.11961032478708261
