,training,testing
smape,42.18760501089619,50.24313274904987
