,training,testing
arv,1.3724337657881611,1.3784827608694767
