,training,testing
nrmse,0.16001059435038983,0.13487081169159706
