,training,testing
mse,0.015946281551918677,0.018190135846350236
