,arima,lstm,mlp,rf,svr,xgboost
0,0.2169608729870415,0.1196103247870826,0.0333891735921327,0.0249740442314164,0.0461365142410379,0.1510885204131031
