,arima,lstm,mlp,rf,svr,xgboost
0,2.677970811889132,0.0251379527812829,0.0241133588026859,0.0250838674957857,0.0240173098219539,0.0279978593030129
