,arima,lstm,mlp,rf,svr,xgboost
0,1305602.3180244688,4622.906265280279,4835.770788810128,5891.694903762633,6223.375104049158,6224.010096205418
