,arima,lstm,mlp,rf,svr,xgboost
0,174973.35420650107,93202.92530346235,5320.267237896637,6259.033007605085,42022.16318723597,169055.64726581902
