,training,testing
arv,0.05046857341042015,0.04565074451661792
