,training,testing
smape,18.811004283924575,21.719613257571595
