,training,testing
mape,4498.018720357707,5320.267237896637
