,training,testing
mae,0.03529723761158027,0.03338917359213278
