,training,testing
rmse,0.04795904013868253,0.04950077094408324
