,training,testing
mse,0.002300069531023762,0.0024503263240585956
