,training,testing
nrmse,0.06077003786022441,0.04950077094408324
