,arima,lstm,mlp,rf,svr,xgboost
0,0.0582042330455532,0.0181901358463502,0.0024503263240585,0.0015119017239271,0.0032133482937275,0.0349963820646691
