,arima,lstm,mlp,rf,svr,xgboost
0,9.435880903601022,0.0015739873986101,0.0014112267199739,0.0015243285869813,0.0014445863790197,0.0017985354619487
