,training,testing
arv,0.0034130365387701686,0.02704617512177347
