,training,testing
mse,0.00016763531349160327,0.0015119017239271035
