,training,testing
mae,0.009371124132726713,0.024974044231416467
