,training,testing
mape,2123.3912290364397,6259.033007605085
