,training,testing
nrmse,0.01640596497066219,0.0388831804759732
