,training,testing
smape,5.834285249010812,14.424273059437079
