,arima,lstm,mlp,rf,svr,xgboost
0,3.07178790016515,0.0396735100364224,0.0375662976612546,0.0390426508703157,0.0380077147302984,0.042409143612536
