,arima,lstm,mlp,rf,svr,xgboost
0,195.07800080233997,17.43619196667518,17.16881911005933,14.289797111559748,16.017599259507787,15.782957205819088
