,arima,lstm,mlp,rf,svr,xgboost
0,69.1582566783767,50.24313274904987,21.719613257571595,14.42427305943708,31.633034502895317,54.94730470612167
