,training,testing
smape,24.90418063891261,31.633034502895313
