,training,testing
nrmse,0.062055997364441964,0.056686403076289554
