,training,testing
mape,47699.01860894193,42022.16318723597
