,training,testing
arv,0.06265457126643618,0.07511138063464395
