,training,testing
mse,0.0023984433829313313,0.00321334829372757
