,training,testing
mae,0.04040844465068502,0.04613651424103793
