,training,testing
arv,4.255560634724219,3.484160842013544
