,training,testing
rmse,0.16517017043933774,0.1870731997499084
