,training,testing
mae,0.12812835847529905,0.1510885204131031
