,training,testing
smape,44.12163562212278,54.94730470612167
