,training,testing
mse,0.02728118520295988,0.03499638206466913
