,training,testing
nrmse,0.2092910425636806,0.1870731997499084
