,training,testing
mape,200353.08228900316,169055.64726581902
