,training,testing
rmse,0.3319812175054096,0.10269927981867692
