,arima,lstm,mlp,rf,svr,xgboost
frontend,0.1026992798186769,0.0461287559042407,0.0636687333622137,0.1433803718887708,0.2798423574811585,0.0727905253925665
