,training,testing
rmse,0.25036536460914677,0.07279052539256656
