,arima,lstm,mlp,rf,svr,xgboost
0,1.408891848108483,1.2346867014232483,0.4279626039232442,0.4980526320282166,0.5042861649739009,0.4448827071616429
