,arima,lstm,mlp,rf,svr,xgboost
0,0.1411502460528371,0.0746491325998304,0.040058205137405,0.0444754704130515,0.0386951708099869,0.0441141399449947
