,arima,lstm,mlp,rf,svr,xgboost
0,72.68999600592618,35.94199507106924,17.52837112993369,19.620357311348737,16.662846757882207,18.44492970473086
