,training,validation,testing
smape,17.547881232297406,14.032280639018783,16.28667716158363
