,training,testing
mae,0.12587210901402185,0.14115024605283719
