,training,validation,testing
smape,10.737628915269703,12.360881432086323,18.38152994529426
