,training,validation,testing
rmse,0.04220020443442063,0.06799201116066371,0.06045849625095632
