,training,validation,testing
nrmse,0.04164849066078961,0.12203046507361005,0.13919943104548407
