,training,validation,testing
nrmse,0.058762571040275914,0.13677791973179018,0.11937311149011803
