,training,validation,testing
mae,0.025922143694668845,0.043994824109562965,0.04447547041305158
