,training,validation,testing
arv,0.08676084278433781,0.7502122330999712,0.44488270716164297
