,training,validation,testing
nrmse,0.0853912362873611,0.15152823348039013,0.18945909085467721
