,training,validation,testing
mape,8691.481297749428,15.151472096072213,16.662846757882207
