,training,validation,testing
arv,0.5705561758704658,1.4718717064241407,1.2346867014232483
