,training,validation,testing
nrmse,0.04220020443442063,0.14390340499653853,0.13653958956405252
