,training,validation,testing
rmse,0.04164849066078961,0.057657403891349594,0.06163625002000387
