,training,validation,testing
mae,0.042656661092027134,0.05049782186329863,0.040058205137405004
