,training,validation,testing
rmse,0.0853912362873611,0.07159461822464983,0.08389077315025677
