,training,validation,testing
mse,0.0017808572543068946,0.0046229135816718185,0.0036552297689268994
