,training,validation,testing
mae,0.04002500760143312,0.0519296195515267,0.038695170809986947
