,training,validation,testing
smape,15.616985108499762,14.462209277708391,15.75425515909017
