,training,validation,testing
mae,0.02777979846909196,0.050920950555541425,0.04411413994499474
