,training,validation,testing
arv,0.15370948110134622,0.6546693847314411,0.4279626039232442
