,training,validation,testing
mape,16476.61106868832,15.971405598431849,18.44492970473086
