,training,testing
nrmse,0.17257564623256175,0.351665536575214
