,training,validation,testing
arv,0.17577092124434113,0.8279138756183282,0.5042861649739009
