,training,validation,testing
rmse,0.058762571040275914,0.06462533562121023,0.052857334905819724
