,training,validation,testing
smape,12.888920003179297,13.997848994733856,18.942418450525707
