,training,validation,testing
nrmse,0.060201829348112176,0.13875017466316109,0.11676977537635531
