,training,testing
mape,91497.34296214413,72.68999600592618
