,training,validation,testing
mape,41353.9741131116,16.871718048518662,35.94199507106924
