,training,validation,testing
mape,8465.034646619093,15.108724008164446,17.52837112993369
