,training,validation,testing
mae,0.06585154261590939,0.0546267951516357,0.0746491325998304
