,training,validation,testing
mse,0.007291663234683937,0.00512578935873336,0.007037661819747841
