,training,validation,testing
mape,9699.150196241282,13.238900041246737,19.620357311348737
