,training,testing
mse,0.029782353672586307,0.024246949869497582
