,training,testing
arv,7.927630765167277,1.408891848108483
