,training,testing
rmse,0.17257564623256175,0.1557143213371769
