,training,validation,testing
mse,0.0017345967743218791,0.0033243762234902155,0.0037990273165284267
