,training,testing
smape,42.552187670481565,47.908986524683854
