,training,validation,testing
mse,0.0034530397552634735,0.004176434004154063,0.002793897853345988
