,training,validation,testing
mse,0.0036242602568592203,0.004297745672054388,0.0026733657855504797
