,training,validation,testing
rmse,0.060201829348112176,0.06555719390009299,0.05170460120289566
