,training,validation,testing
smape,28.188277435740538,15.07012827337498,28.97596906721318
