,training,validation,testing
arv,0.07706864404270267,0.531307919702059,0.4980526320282166
