,arima,lstm,mlp,rf,svr,xgboost
0,0.0242469498694975,0.0070376618197478,0.0027938978533459,0.0037990273165284,0.0026733657855504,0.0036552297689268
