,arima,lstm,mlp,rf,svr,xgboost
0,0.351665536575214,0.1894590908546772,0.119373111490118,0.139199431045484,0.1167697753763553,0.1365395895640525
