,arima,lstm,mlp,rf,svr,xgboost
0,0.1557143213371769,0.0838907731502567,0.0528573349058197,0.0616362500200038,0.0517046012028956,0.0604584962509563
