,arima,lstm,mlp,rf,svr,xgboost
0,47.908986524683854,28.97596906721318,16.28667716158363,18.38152994529426,15.75425515909017,18.942418450525707
