,arima,lstm,mlp,rf,svr,xgboost
frontend,0.2412555347459479,0.044495393471101,0.0483787281112074,0.0394812858601549,0.0549428592134063,0.1870505261862433
