,training,testing
rmse,0.04864557939281483,0.05494285921340632
