,training,testing
rmse,0.10220815834778127,0.16736459080418875
