,training,testing
rmse,0.020306763515717006,0.043519626588696625
