,arima,lstm,mlp,rf,svr,xgboost
frontend,0.0926676322619284,0.1673645908041887,0.0435196265886966,0.0410047703087189,0.0662870348641322,0.0943798409360043
