,training,testing
rmse,0.14603741519759253,0.09437984093600438
