,training,testing
rmse,0.003373984011794399,0.07237911536769248
