,training,testing
rmse,0.2516890833354053,0.07278784916238021
