,arima,lstm,mlp,rf,svr,xgboost
0,1.2283507614776534,1.3907991752852955,1.9338631373852544,1.1894026972898006,1.1004368530477349,1.0568779120320426
