,arima,lstm,mlp,rf,svr,xgboost
0,0.0842646211150261,0.103230857208788,0.065554483484646,0.1515341698607198,0.0406277730538065,0.2922546726312648
