,arima,lstm,mlp,rf,svr,xgboost
0,110989.68454131734,154253.3252122297,150620.81598356465,214460.8568746097,62821.40507658829,329307.4399788201
