,training,testing
mape,88.74326048106074,110989.68454131734
