,training,validation,testing
rmse,0.023298387578354417,0.040666688908820636,0.16471087374457583
