,training,validation,testing
mae,0.017340531421042592,0.03718818544564393,0.2922546726312648
