,training,validation,testing
mse,0.000627708540841859,0.002316055642615715,0.09053166863511172
