,training,validation,testing
arv,0.02282217575346351,0.07011606362401483,1.9338631373852544
