,training,validation,testing
rmse,0.06821177558094425,0.051724907061795326,0.11660228206919884
