,training,validation,testing
rmse,0.02505411225411627,0.04812541576564004,0.30088480957853575
