,training,validation,testing
rmse,0.027990568537468667,0.03633945419354875,0.0791445107294572
