,training,testing
rmse,0.6275545372738589,0.09606618020670901
