,training,validation,testing
mae,0.05363672445269404,0.03932917396198666,0.10323085720878805
