,training,validation,testing
nrmse,0.03958543252644604,0.07026012695098428,0.2609268778651754
