,training,validation,testing
mape,4.186003362622177,7.179528478919931,62821.40507658829
