,training,validation,testing
mae,0.022908597586115763,0.028325406688002163,0.04062777305380656
