,training,testing
smape,149.93443202673438,57.783991055085416
