,training,validation,testing
rmse,0.02915196225474629,0.03625804676541472,0.05454815436344717
