,training,validation,testing
smape,4.1792607360827265,6.9993362069525205,34.49503571205808
