,training,validation,testing
mae,0.017973659264681266,0.03142782135134187,0.15153416986071988
