,training,validation,testing
nrmse,0.03294955399792475,0.07862657238030732,0.5430255824504231
