,training,validation,testing
nrmse,0.03543257325472733,0.09304756761765133,0.991969414388767
