,training,testing
mae,0.5676508097564845,0.08426462111502615
