,training,validation,testing
smape,9.447561813052587,9.47878848870183,65.52560176239818
