,training,validation,testing
nrmse,0.04122792408821585,0.07010273063443573,0.17983659864946805
