,training,validation,testing
nrmse,0.09646794548506664,0.100006965358736,0.3844191989040455
