,training,testing
nrmse,0.8875138694901982,0.3167149337173216
