,training,testing
arv,1.1545065787441797,1.2283507614776534
