,training,validation,testing
mape,3.2358220423135373,10.885018987489248,329307.4399788201
