,training,testing
mse,0.3938246972530071,0.00922871097950789
