,training,validation,testing
arv,0.14226975986283166,0.2074270559027792,1.3907991752852957
