,training,validation,testing
smape,3.3124364291418114,8.109336301210492,80.63519171945889
