,training,validation,testing
mape,3.3233694896651143,8.595254404537469,214460.85687460972
