,training,validation,testing
mse,0.0005428148637512194,0.0016537795868067956,0.027129671929701595
