,training,validation,testing
mse,0.0008498369033021523,0.0013146459552430007,0.0029755011444584606
