,training,validation,testing
mae,0.022166727849539478,0.028120297754094952,0.06555448348464607
