,training,validation,testing
arv,0.019408250663031056,0.15434914187118562,1.0568779120320426
