,training,validation,testing
arv,0.015848729989826983,0.10099311746041818,1.1894026972898006
