,training,validation,testing
mape,8.843068806562217,9.42764415300007,154253.3252122297
