,training,validation,testing
mape,4.073443724279132,7.014860795784212,150620.81598356465
