,training,validation,testing
mse,0.0007834719270507308,0.0013205559310850278,0.006263853578605167
