,training,validation,testing
arv,0.024986798661562497,0.07263310637706863,1.1004368530477349
