,training,validation,testing
smape,3.175116049435274,9.863570115570962,109.89344956474854
