,training,validation,testing
smape,4.053712156130172,6.931262829732825,49.27796195590015
