,training,validation,testing
mse,0.004652846327905104,0.002675466010551364,0.013596092183745011
