,arima,lstm,mlp,rf,svr,xgboost
0,0.0092287109795078,0.013596092183745,0.0062638535786051,0.0271296719297015,0.0029755011444584,0.0905316686351117
