,arima,lstm,mlp,rf,svr,xgboost
0,0.3167149337173216,0.3844191989040455,0.2609268778651754,0.5430255824504231,0.179836598649468,0.991969414388767
