,arima,lstm,mlp,rf,svr,xgboost
0,0.096066180206709,0.1166022820691988,0.0791445107294572,0.1647108737445758,0.0545481543634471,0.3008848095785357
