,arima,lstm,mlp,rf,svr,xgboost
0,57.783991055085416,65.52560176239818,49.27796195590015,80.63519171945889,34.49503571205808,109.89344956474854
