,arima,lstm,mlp,rf,svr,xgboost
0,99.16948559156852,2.244016676632908,4.723408884975127,4.671327816377686,4.836101891257232,2.101472293987932
