,arima,lstm,mlp,rf,svr,xgboost
0,0.0963291305251325,0.1164930608419022,0.1038137226858104,0.1131746612448991,0.104400700256944,0.1426145975660116
