,arima,lstm,mlp,rf,svr,xgboost
0,15.300410234667067,18.94000957065621,16.364514125844085,16.49705362974704,16.247927490628356,19.46857085367276
