,training,validation,testing
arv,1.696817252262097,0.8332483874579204,4.836101891257232
