,training,validation,testing
rmse,0.12465669991230513,0.12185466550132451,0.12844137759532104
