,training,validation,testing
smape,32.26038946304025,19.741827207647013,16.732588029022835
