,training,validation,testing
mape,69369.6307402752,20.807098240571534,16.364514125844085
