,training,validation,testing
mae,0.10178894826281767,0.0986424542449004,0.10381372268581043
