,training,validation,testing
mse,0.015539292833026493,0.014848559504439685,0.01649718747858384
