,training,validation,testing
mse,0.016630765553143013,0.014969251858184755,0.0216390077364295
