,training,testing
mae,0.3474237825359338,0.09632913052513256
