,training,testing
rmse,0.3774830606148532,0.12306684519361206
