,training,testing
mse,0.14249346105115693,0.015145448385908478
