,training,validation,testing
smape,21.76301391084501,22.367336240063132,21.840512401047814
