,training,validation,testing
mae,0.06665441576823991,0.10416373723754875,0.11317466124489918
