,training,validation,testing
nrmse,0.14954545367368796,0.15831045036611804,0.19503372857833495
