,training,validation,testing
mape,72822.04781920726,21.089846300015914,18.940009570656212
