,training,validation,testing
nrmse,0.1461229955675896,0.15892442882108307,0.19449751497941895
