,training,validation,testing
arv,1.73810876970407,0.7412054791457855,2.244016676632908
