,training,validation,testing
rmse,0.12757637953861692,0.12138389999466341,0.12879547987440365
