,training,testing
nrmse,0.44248689105253214,0.18635891341752753
