,training,validation,testing
smape,21.68458018586867,21.044988330391487,16.955981550804992
