,training,validation,testing
mse,0.007212856660767141,0.018532551429054692,0.031362813124026744
