,training,validation,testing
rmse,0.08492853855311029,0.13613431392949646,0.1770954915406565
