,training,validation,testing
smape,31.52668419107914,20.154282872563943,15.40537447914701
