,training,testing
arv,1.203347588627276,99.16948559156853
