,training,validation,testing
mse,0.007002004520996695,0.016269214532914744,0.020469109624088246
