,training,validation,testing
mape,49943.504848982935,22.30562080385774,19.468570853672762
