,training,validation,testing
arv,0.7164559903271259,1.0639919882718294,4.671327816377686
