,training,validation,testing
mae,0.10467412807342891,0.09744517452658072,0.11649306084190227
