,training,validation,testing
mse,0.016275732616181236,0.014734051177914447,0.01658827563607792
