,training,validation,testing
nrmse,0.15116771970324663,0.15956900798753107,0.2227551600099737
