,training,validation,testing
nrmse,0.0995535135398926,0.17754813076041043,0.26817396125445464
