,training,validation,testing
mae,0.06609189694566088,0.11095424652959344,0.14261459756601166
