,training,testing
mape,156525.2414882862,15.300410234667067
