,training,validation,testing
rmse,0.1289603255002988,0.1223488939802267,0.1471020317209436
