,training,validation,testing
rmse,0.08367798110014782,0.12755083117296706,0.1430702960928237
