,training,validation,testing
mape,51706.88421633886,21.381521701951304,16.49705362974704
