,training,validation,testing
mae,0.10156912534517365,0.09814487548104851,0.10440070025694406
