,training,validation,testing
mape,65234.04364223028,20.850608809027175,16.247927490628356
