,training,validation,testing
smape,31.607178288685944,20.19456178887145,15.325966315607022
