,training,validation,testing
nrmse,0.0980876059610396,0.166353441671036,0.21664994239704868
