,training,testing
smape,71.38048974628958,14.23232963871347
