,training,validation,testing
arv,0.6595998333046502,1.1999289071896149,2.1014722939879316
