,training,validation,testing
arv,1.80191975846536,0.7868050153045586,4.723408884975127
