,arima,lstm,mlp,rf,svr,xgboost
0,0.0151454483859084,0.0216390077364295,0.0164971874785838,0.0204691096240882,0.0165882756360779,0.0313628131240267
