,arima,lstm,mlp,rf,svr,xgboost
0,0.1863589134175275,0.2227551600099737,0.1944975149794189,0.2166499423970486,0.1950337285783349,0.2681739612544546
