,arima,lstm,mlp,rf,svr,xgboost
0,0.123066845193612,0.1471020317209436,0.128441377595321,0.1430702960928237,0.1287954798744036,0.1770954915406565
