,arima,lstm,mlp,rf,svr,xgboost
0,14.23232963871347,16.732588029022835,15.325966315607022,16.955981550804992,15.40537447914701,21.84051240104781
