,training,testing
rmse,0.5883877194835595,0.12197171980122133
