,training,testing
nrmse,0.6706909245641787,0.6385511065151733
