,training,testing
mae,0.5657291501895154,0.10277316074585155
