,training,testing
arv,0.8999445433147988,1.0372418945267803
