,training,testing
smape,53.35932464827854,10.222314197975901
