,training,testing
mape,81.81013952411438,11.012621511033696
