,training,testing
mse,0.34620010843906396,0.014877100431267649
