,arima,lstm,mlp,rf,svr,xgboost
0,1.0361915572634586,13.720468606465705,11.505250659848544,2.1532464534407163,13.865480941271988,1.2217084079175875
