,arima,lstm,mlp,rf,svr,xgboost
0,1.0372418945267805,1.2696760458408791,2.234987350045912,7.7562973120422845,1.1489179454341547,1.0063412408934658
