,training,validation,testing
mape,2.245428244859832,1.8465492265997383,2.0909478518352533
