,training,validation,testing
arv,0.008574403416459063,1.6953360465958445,1.2217084079175877
