,training,validation,testing
smape,1.9548014482457816,3.4700131684309166,5.9378859581917975
