,training,validation,testing
mape,2.262279995513245,1.8706531476205541,2.1409090217618774
