,training,testing
mse,0.26235640566751367,0.015186376304127554
