,training,validation,testing
arv,0.012481675272584442,6.412934019850677,11.505250659848544
