,training,testing
nrmse,0.6013918495777354,0.6451542951098196
