,training,validation,testing
nrmse,0.020294120726200706,0.24566102691126182,0.3097796089429394
