,training,validation,testing
mae,0.016263048282393413,0.01694484864630828,0.019484225987313676
