,training,validation,testing
mae,0.016386535422925414,0.01723233855564472,0.020031974874913025
