,training,validation,testing
nrmse,0.01724735903814164,0.16042325450572958,0.17867816828832042
