,training,validation,testing
arv,0.013489692195814942,7.60585118354024,13.720468606465703
