,training,validation,testing
arv,0.012405339863138127,7.014326937870266,13.865480941271988
