,training,testing
mape,81.38286516095195,11.125828807549846
