,training,validation,testing
mape,2.0212255088003257,3.395635585148408,5.7417807330030035
