,training,validation,testing
rmse,0.017284568328686727,0.0374962292285271,0.059172008750129096
