,training,validation,testing
mse,0.0002157852746188033,0.0005995664326021508,0.0011648498673555963
