,training,validation,testing
rmse,0.014689631534480479,0.024486045670996995,0.03412989697253123
