,training,validation,testing
nrmse,0.025775117296648012,0.14323157861283461,0.1326801820162141
