,training,testing
mae,0.4987134898816805,0.10383607480586209
