,training,validation,testing
rmse,0.021058974329724627,0.021475541211948352,0.025015662403469727
