,training,testing
smape,51.65411402883434,10.3199147966781
