,training,validation,testing
smape,2.322474176013877,1.8811668822135708,2.0895834831016518
