,training,validation,testing
mae,0.016876976760996924,0.01732650654826514,0.019571129461344462
