,training,validation,testing
mse,0.0002987563023090403,0.0014059672063582499,0.003501326619525354
