,training,validation,testing
nrmse,0.024670294183309287,0.14132663626941683,0.13292625234337807
