,training,validation,testing
arv,0.006081179567258843,4.437139344038691,2.1532464534407163
