,training,validation,testing
mse,0.00048192327003734447,0.0004779475306285606,0.000642301725152393
