,training,validation,testing
mape,1.5191352040756547,2.128446065087673,2.9934285728093366
