,training,validation,testing
smape,2.230449859008423,1.839877121136358,2.0803014745156543
