,training,validation,testing
mse,0.000441494454614061,0.000465318918392312,0.0006446863760518883
