,training,validation,testing
mse,0.00044348039982000084,0.00046119887034609203,0.0006257833654843689
