,training,validation,testing
mape,2.3493756082695114,1.8882714095178916,2.0981438855582772
