,training,validation,testing
rmse,0.021011769430822835,0.02157125212852309,0.025390674982203373
