,training,testing
rmse,0.51220738540899,0.12323301629079585
