,training,validation,testing
smape,2.2497932039071715,1.8711373203623853,2.138924596678462
