,training,validation,testing
mae,0.011129314523023091,0.019757976699848506,0.028410806219339387
