,training,validation,testing
rmse,0.021952750853534153,0.02186201112954983,0.02534367229018701
