,training,validation,testing
nrmse,0.02472571829914278,0.14069957476120307,0.13096297185919917
