,training,validation,testing
mae,0.013003149560121744,0.03169017943416809,0.05447395117668639
