,training,testing
arv,0.9172429909938423,1.0361915572634586
