,training,validation,testing
smape,1.5132073464537548,2.1466679048200845,3.0453848271171298
