,training,testing
nrmse,0.0884512267322128,0.27349300312329883
