,training,testing
mae,0.05138539663636922,0.04749310502032151
