,training,testing
smape,8.90440273628828,5.154904098133028
