,training,testing
rmse,0.07759701775644032,0.052240786374327414
