,training,testing
arv,0.5503589176314775,1.2696760458408791
