,training,testing
mse,0.006021297164693314,0.0027290997610081125
