,training,testing
mape,11.672525705225114,5.004562128190624
