,arima,lstm,mlp,rf,svr,xgboost
0,0.103836074805862,0.0195711294613444,0.020031974874913,0.0284108062193393,0.0194842259873136,0.0544739511766863
