,arima,lstm,mlp,rf,svr,xgboost
0,0.1027731607458515,0.0474931050203215,0.0246488446449258,0.0209385700207609,0.0671198788156808,0.3151649885883182
