,arima,lstm,mlp,rf,svr,xgboost
0,11.012621511033696,5.004562128190624,2.646476368620447,2.226285940714741,7.083367395333711,33.496973098965334
