,arima,lstm,mlp,rf,svr,xgboost
0,11.125828807549846,2.098143885558277,2.1409090217618774,2.9934285728093366,2.0909478518352533,5.741780733003004
