,training,testing
arv,0.024499410149190458,2.234987350045912
