,training,testing
mape,2.9244149721850086,2.646476368620447
