,training,testing
mse,0.0007794576228514896,0.0010174127081714732
