,training,testing
mae,0.02185050302261004,0.024648844644925866
