,training,testing
smape,2.908951921732673,2.6251239400095154
