,training,testing
nrmse,0.03182402333923282,0.16698793468527764
