,arima,lstm,mlp,rf,svr,xgboost
0,0.0148771004312676,0.0027290997610081,0.0010174127081714,0.0006946992855981,0.005075937896348,0.0999656093609703
