,arima,lstm,mlp,rf,svr,xgboost
0,0.0151863763041275,0.0006423017251523,0.0006446863760518,0.0011648498673555,0.0006257833654843,0.0035013266195253
