,arima,lstm,mlp,rf,svr,xgboost
0,0.6451542951098196,0.1326801820162141,0.132926252343378,0.1786781682883204,0.1309629718591991,0.3097796089429394
