,arima,lstm,mlp,rf,svr,xgboost
0,0.6385511065151733,0.2734930031232988,0.1669879346852776,0.1379859730618186,0.3729878322660623,1.6552432412187612
