,training,testing
arv,0.002079661608285168,7.7562973120422845
