,training,testing
mae,0.006257222551374745,0.020938570020760935
