,training,testing
mse,6.521406762382659e-05,0.0006946992855981984
