,training,testing
mape,0.8091482605504012,2.226285940714741
