,training,testing
nrmse,0.009205120429294963,0.13798597306181867
