,training,testing
rmse,0.008075522746164894,0.02635714866214095
