,training,testing
smape,0.8081820173080668,2.2360075586761794
