,arima,lstm,mlp,rf,svr,xgboost
0,0.1232330162907958,0.025343672290187,0.0253906749822033,0.0341298969725312,0.0250156624034697,0.059172008750129
