,arima,lstm,mlp,rf,svr,xgboost
0,10.3199147966781,2.089583483101652,2.138924596678462,3.0453848271171298,2.0803014745156543,5.9378859581917975
