,arima,lstm,mlp,rf,svr,xgboost
0,10.2223141979759,5.154904098133028,2.6251239400095154,2.2360075586761794,7.37292802551575,40.26454107733438
