,training,testing
mape,5.520232391898785,7.083367395333711
