,training,testing
nrmse,0.047253333003130005,0.3729878322660623
