,training,testing
mae,0.03522051107584071,0.06711987881568081
