,training,testing
arv,0.07229957144350314,1.1489179454341547
