,training,testing
mse,0.0017184908878720563,0.005075937896348068
