,training,testing
smape,5.318510748282164,7.37292802551575
