,training,testing
nrmse,0.2832187163859587,1.6552432412187612
