,training,testing
mse,0.06173425910036821,0.09996560936097033
