,training,testing
mae,0.23631567225004196,0.31516498858831826
