,training,testing
smape,33.75743946354853,40.26454107733438
