,training,testing
arv,1.27130993272521,1.0063412408934658
