,training,testing
mape,31.140397470105903,33.496973098965334
