,arima,lstm,mlp,rf,svr,xgboost
0,38.21583715530426,1.127114984838958,0.6539850394428661,1.306056324375792,0.7303041063686213,1.0601372925349737
