,arima,lstm,mlp,rf,svr,xgboost
0,0.0442410295005694,0.1386391696734098,0.0346893264174395,0.097756980406348,0.0438780936412409,0.2161563445350577
