,arima,lstm,mlp,rf,svr,xgboost
0,86019.53842659768,192862.5863552282,35422.32270026573,165206.56230735668,56125.68930475561,261445.7274418021
