,training,validation,testing
mse,0.0008218017252914058,0.0037026442545601795,0.012163690467957114
