,training,testing
mse,0.2634984306322962,0.003013619835232456
