,training,validation,testing
arv,0.0690989286777953,0.0708191514921605,0.6539850394428661
