,training,validation,testing
arv,0.061577312512158464,0.0671673391011721,0.7303041063686213
