,training,validation,testing
mae,0.030454482907339354,0.03601577193212071,0.04387809364124097
