,training,validation,testing
arv,0.04209183830771213,0.24535335165862382,1.0601372925349737
