,training,validation,testing
smape,3.969320506853465,16.037683130250993,63.86655520114732
