,training,validation,testing
rmse,0.028667084352814915,0.060849357059546486,0.11028912216513972
