,training,validation,testing
mape,4.857902610735942,27.476525671284,261445.7274418021
