,training,validation,testing
mae,0.06841427643672537,0.09256949802569335,0.13863916967340986
