,training,validation,testing
rmse,0.04432260482282805,0.04573197604991159,0.044816687373891814
