,training,validation,testing
arv,0.028685700150353943,0.1434053262587315,1.306056324375792
