,training,validation,testing
mae,0.021210382932196462,0.047476295484818305,0.09775698040634806
