,training,validation,testing
mae,0.024936764792679474,0.053789732264967305,0.21615634453505772
