,training,validation,testing
mape,5.655189302141318,12.15892813850964,56125.68930475561
