,training,validation,testing
smape,12.668225047364482,26.83777876705028,78.10613457918306
