,training,validation,testing
smape,4.753697730432079,18.12828810208934,97.89244634049714
