,training,validation,testing
nrmse,0.05477034585736513,0.05974628146403512,0.17323143559588333
