,training,testing
nrmse,0.6343211965123914,0.21219306442904196
