,training,testing
rmse,0.5133209820690132,0.05489644647181142
