,training,testing
smape,130.5253995656418,39.62048707176511
