,training,testing
mape,78.27965173876183,86019.53842659768
