,training,validation,testing
mae,0.034399958212204464,0.03558917015152954,0.034689326417439575
