,training,validation,testing
rmse,0.08449127133448532,0.10975936518691534,0.14748331942915346
