,training,testing
arv,1.130246073502986,38.215837155304264
