,training,validation,testing
mape,6.416682059844657,11.740392738521292,35422.32270026573
