,training,validation,testing
mse,0.0011349812404664124,0.005480111248453488,0.04974025362209597
