,training,validation,testing
arv,0.32111933546211957,0.5573909636209066,1.127114984838958
