,training,validation,testing
mse,0.00713877493171762,0.012047118246234645,0.021751329509841717
