,training,validation,testing
nrmse,0.041630780123498135,0.09671316600207637,0.8620668592076431
