,training,validation,testing
nrmse,0.03542450022967199,0.0794962983846893,0.4263042202089872
