,training,validation,testing
nrmse,0.05224580985087151,0.06014493540100148,0.20734066999393627
