,training,validation,testing
mape,13.778600250368319,39.640796140109224,192862.5863552282
