,training,validation,testing
smape,6.333524730700474,10.538934087592189,31.124006880875143
