,training,validation,testing
nrmse,0.10440758550668078,0.14339450188232003,0.5700721907001551
