,training,validation,testing
rmse,0.03368948263874666,0.0740277734938279,0.22302523090918652
