,training,testing
mae,0.4828391903374586,0.044241029500569455
