,training,validation,testing
mse,0.0019644932982805802,0.0020914136334296875,0.002008535467169154
