,training,validation,testing
smape,5.592942293002477,10.951441537160104,37.68392518067745
