,training,validation,testing
rmse,0.0422796377751447,0.04603712026727218,0.05364108399291206
