,training,validation,testing
mape,3.9961456757441125,21.518650381252993,165206.56230735668
