,training,validation,testing
mse,0.001787567770397443,0.0021194164425032825,0.002877365891934646
