,arima,lstm,mlp,rf,svr,xgboost
0,0.0030136198352324,0.0217513295098417,0.0020085354671691,0.0121636904679571,0.0028773658919346,0.0497402536220959
