,arima,lstm,mlp,rf,svr,xgboost
0,0.2121930644290419,0.5700721907001551,0.1732314355958833,0.4263042202089872,0.2073406699939362,0.8620668592076431
