,arima,lstm,mlp,rf,svr,xgboost
0,0.0548964464718114,0.1474833194291534,0.0448166873738918,0.1102891221651397,0.053641083992912,0.2230252309091865
