,arima,lstm,mlp,rf,svr,xgboost
0,39.62048707176511,78.10613457918306,31.124006880875143,63.86655520114732,37.68392518067745,97.89244634049714
