,arima,lstm,mlp,rf,svr,xgboost
0,1.326691270915524,1.1551237027231396,1.282096151992744,1.3225984626878626,0.0616890201025833,1.4053329922628937
