,arima,lstm,mlp,rf,svr,xgboost
0,0.3021935631849862,0.4157506963084377,0.2399712274359148,0.2984886675961667,0.0240785157023196,0.2399477214248156
