,arima,lstm,mlp,rf,svr,xgboost
0,54.48842074262858,81.19850684408601,43.59515477275095,53.93803834795754,4.907673449080996,42.23241490899067
