,training,validation,testing
arv,0.5645728576362004,0.1240714021871931,0.06168902010258334
