,training,validation,testing
smape,23.127751753951838,12.758159291246605,57.79267769458992
