,training,validation,testing
mse,0.0005405837377930471,0.0006786788472190134,0.08067478039864322
