,training,testing
smape,112.47686509293867,78.77076714559857
