,training,validation,testing
rmse,0.015512175449292407,0.02350448191423236,0.34330938835769303
