,training,validation,testing
nrmse,0.08650416463625572,0.35538691461770494,0.5611785205038216
