,training,validation,testing
nrmse,0.05618637412839191,0.11475212847052943,0.3566334412711648
