,training,validation,testing
arv,0.8265627996125391,0.22009161962874477,1.282096151992744
