,training,validation,testing
nrmse,0.05771743409762015,0.08124887505676066,0.052723768005045774
