,training,validation,testing
arv,0.8062394370511125,0.2169340554820971,1.4053329922628937
