,training,validation,testing
smape,16.9255131214605,10.04374396532517,4.988758526752134
