,training,validation,testing
mape,2479.1339376667584,12.411865795413174,43.59515477275095
