,training,validation,testing
smape,37.5839095907314,58.3295541562635,137.39789033173292
