,training,validation,testing
arv,303.2233755720761,1.6810756494778507,1.1551237027231396
