,training,validation,testing
mse,0.00024062758716963007,0.0005524606700564762,0.11786133613453328
