,training,testing
mae,0.140688820525004,0.3021935631849862
