,training,validation,testing
rmse,0.023250456722246276,0.026051465356463414,0.28403306215763546
