,training,testing
mse,0.020588289494410637,0.12112901769227939
