,training,validation,testing
smape,22.388868910111885,15.285685358661794,56.392703785884066
