,training,validation,testing
rmse,0.025004982395910473,0.0216669789829097,0.2770706019110643
