,training,validation,testing
rmse,0.02388402391902534,0.018445429134993536,0.04199071523294282
