,training,testing
nrmse,0.3467445561594447,0.43699580299684615
