,training,validation,testing
mae,0.006768481012431005,0.016799568649003945,0.2984886675961667
