,training,validation,testing
mse,0.0005704465985645746,0.0003402338559740684,0.0017632201657740965
