,training,validation,testing
mape,1475.8524217814636,14.297937974980227,53.93803834795754
