,training,validation,testing
mae,0.021949372721433155,0.06466653864406684,0.41575069630843775
