,training,validation,testing
mae,0.009583301660350837,0.010887447450935015,0.024078515702319617
