,training,validation,testing
rmse,0.03579624717504251,0.08068129121179034,0.44693860740501296
