,training,validation,testing
mse,0.0012813713118167388,0.006509470751601717,0.19975411878913232
