,training,testing
arv,1.0676666556213745,1.326691270915524
