,training,testing
mape,46904.0188992894,54.48842074262858
