,training,validation,testing
nrmse,0.0374862697860584,0.10353311383254109,0.4310611154230781
