,training,validation,testing
mape,13801.134886352515,43.82129150206237,81.19850684408601
