,training,validation,testing
nrmse,0.06042630958841419,0.09543923621164949,0.3478913387194897
