,training,validation,testing
arv,0.2885915224423833,0.20318985667420256,1.3225984626878626
