,training,validation,testing
smape,12.79899576211207,14.524410737630431,77.43624022838365
