,training,validation,testing
mse,0.0006252491446197927,0.00046945797824585075,0.07676811844335947
