,training,validation,testing
mae,0.012568330394510035,0.015517887457542607,0.23997122743591487
