,training,validation,testing
mape,7164.5693158414015,14.583454063494164,42.23241490899067
