,training,testing
rmse,0.14348619966537074,0.3480359431039837
