,training,validation,testing
mae,0.011805193503679189,0.019030072959531984,0.23994772142481566
