,training,validation,testing
mape,1836.1470958213804,10.005212910366392,4.9076734490809955
