,arima,lstm,mlp,rf,svr,xgboost
0,0.1211290176922793,0.1997541187891323,0.0767681184433594,0.1178613361345332,0.001763220165774,0.0806747803986432
