,arima,lstm,mlp,rf,svr,xgboost
0,0.4369958029968461,0.5611785205038216,0.3478913387194897,0.4310611154230781,0.0527237680050457,0.3566334412711648
