,arima,lstm,mlp,rf,svr,xgboost
0,0.3480359431039837,0.4469386074050129,0.2770706019110643,0.343309388357693,0.0419907152329428,0.2840330621576354
