,arima,lstm,mlp,rf,svr,xgboost
0,78.77076714559857,137.39789033173292,57.79267769458992,77.43624022838365,4.988758526752134,56.39270378588407
