,training,testing
rmse,0.018524082632319725,0.011195161277996853
