,training,testing
rmse,0.0010615168982706159,0.0029383850775142545
