,arima,lstm,mlp,rf,svr,xgboost
frontend,0.0129606803271187,0.0209818303762362,0.0111951612779968,0.0029383850775142,0.0128586031010641,0.2292024129344416
