,training,testing
rmse,0.19468402653881128,0.33575935784975874
