,training,testing
rmse,0.002873046908363196,0.3486601368889175
