,arima,lstm,mlp,rf,svr,xgboost
frontend,0.3357593578497587,0.325961726843274,0.1595547357677236,0.3486601368889175,0.419059814313146,0.2434631977415742
