,training,testing
rmse,0.30350913833194976,0.24346319774157427
