,arima,lstm,mlp,rf,svr,xgboost
0,38.21583715530426,1.2320202804597855,0.6896017603022501,1.1032076927125345,0.6629987364194849,1.0263495867061745
