,arima,lstm,mlp,rf,svr,xgboost
0,0.0442410295005694,0.1035793453956678,0.0464845237237204,0.1690986419848879,0.047406565363405,0.3489286170442136
