,arima,lstm,mlp,rf,svr,xgboost
0,86019.53842659768,165984.6138829826,54996.46704911784,221854.0080686312,57588.84143672415,374130.0873468937
