,training,validation,testing
nrmse,0.041349429614267616,0.10444638497718227,1.377089685587417
