,training,testing
arv,1.1354559576153829,38.215837155304264
