,training,validation,testing
mae,0.0193102780323286,0.03417376180005955,0.04740656536340502
