,training,validation,testing
nrmse,0.03376262105342775,0.08362200225052406,0.6867385167550905
