,training,testing
rmse,0.5028176273125964,0.05489644647181142
