,training,validation,testing
rmse,0.027322217658275767,0.06400732079817611,0.17766605297216878
