,training,validation,testing
arv,0.05351562418767126,0.06184280941166338,0.6896017603022501
