,training,validation,testing
mae,0.058489683110206935,0.072500834314347,0.10357934539566784
