,training,validation,testing
mape,4.4054143682247195,30.484170252088,374130.0873468937
