,training,validation,testing
arv,0.036028529056904214,0.06241230948012527,0.6629987364194849
