,training,validation,testing
mse,0.000746503577766196,0.004096937115760629,0.03156522637870948
