,training,validation,testing
mae,0.019688541328115133,0.048685127394234286,0.1690986419848879
