,training,validation,testing
smape,4.256312178660672,19.874283968666436,119.55995534135336
