,training,validation,testing
rmse,0.07442149183111631,0.08980643541066236,0.11488039971582686
