,training,testing
smape,129.3528684110659,39.62048707176511
