,training,validation,testing
arv,0.026260227473149367,0.16758809021417745,1.1032076927125343
