,training,validation,testing
rmse,0.03927825948598774,0.04361785197345979,0.05759833675447288
