,training,validation,testing
rmse,0.03250898533209693,0.044436835542516935,0.059462874848866844
