,training,validation,testing
smape,11.130877012746183,21.914696980921853,66.17265289845162
