,training,validation,testing
mse,0.0011196921440792683,0.0063915324756889606,0.12692598632637137
