,training,validation,testing
arv,0.04478001470877479,0.2811517910020195,1.0263495867061743
