,training,validation,testing
smape,3.6454643541092078,11.072201194318335,44.17379217464726
