,training,validation,testing
mse,0.005538558446368912,0.00806519584116947,0.013197506238868154
