,training,validation,testing
mae,0.021940629233713496,0.05899599505269309,0.3489286170442136
