,training,validation,testing
mape,3.6486177821135524,11.667794712701546,57588.84143672415
