,training,validation,testing
mse,0.0015427816682485858,0.0019025170107786504,0.0033175683968816616
