,training,validation,testing
nrmse,0.04017201554891264,0.05805425247307653,0.22984383224915353
