,training,validation,testing
smape,3.727760592300723,16.67193630189147,86.64525425466535
