,training,validation,testing
mae,0.03032205925099132,0.03380842849603334,0.04648452372372047
