,training,validation,testing
smape,5.793255135299863,10.32158851228002,37.90172670521811
