,training,validation,testing
arv,0.24918126848312874,0.3997221049504047,1.2320202804597855
