,training,testing
mape,77.82118802664125,86019.53842659768
