,training,validation,testing
mape,11.398529835746288,30.57051420929185,165984.6138829826
