,training,validation,testing
mape,3.7533318292292353,23.858382322931902,221854.00806863117
