,training,validation,testing
nrmse,0.04853694554555777,0.056984296021207824,0.22263677100162274
