,training,testing
nrmse,0.6213419870329147,0.21219306442904196
