,training,validation,testing
rmse,0.03346180126770327,0.07994706045683582,0.3562667348018495
