,training,testing
mae,0.47187323843708834,0.044241029500569455
