,training,validation,testing
mse,0.0010568341273224932,0.0019746323530326964,0.0035358334852920014
