,training,validation,testing
mape,5.838131971746564,10.977330281446395,54996.46704911784
