,training,validation,testing
nrmse,0.09196415380153722,0.11732710962393449,0.4440510383682432
