,training,testing
mse,0.25282556633626907,0.003013619835232456
