,arima,lstm,mlp,rf,svr,xgboost
0,0.0030136198352324,0.0131975062388681,0.0033175683968816,0.0315652263787094,0.003535833485292,0.1269259863263713
