,arima,lstm,mlp,rf,svr,xgboost
0,0.2121930644290419,0.4440510383682432,0.2226367710016227,0.6867385167550905,0.2298438322491535,1.377089685587417
