,arima,lstm,mlp,rf,svr,xgboost
0,0.0548964464718114,0.1148803997158268,0.0575983367544728,0.1776660529721687,0.0594628748488668,0.3562667348018495
