,arima,lstm,mlp,rf,svr,xgboost
0,39.62048707176511,66.17265289845162,37.90172670521811,86.64525425466535,44.17379217464726,119.55995534135336
