,arima,lstm,mlp,rf,svr,xgboost
0,55.87270105645894,6.73261812129206,1.110919085883829,0.9712880117236554,1.035450437105487,0.995976576223207
