,arima,lstm,mlp,rf,svr,xgboost
0,0.0507772365821336,0.0499938286462457,0.0468980533008423,0.0465278732865719,0.0510164390130221,0.0487882546474753
