,arima,lstm,mlp,rf,svr,xgboost
0,23.76069263320673,21.903130145864537,20.849635675408056,19.26877956759898,22.95123254309387,19.93027095996478
