,training,validation,testing
smape,12.827321964459266,22.330191665871936,20.97401951732182
