,training,testing
smape,45.635296406997725,21.079225252152597
