,training,testing
arv,41.70165745064909,55.87270105645894
