,training,validation,testing
smape,7.782845510279358,20.690322742234134,19.579375753595638
