,training,testing
rmse,0.14651610198050624,0.06762431684764053
