,training,validation,testing
mse,0.003085765012756209,0.0044225391892222955,0.004732514666510444
