,training,validation,testing
mse,0.0036948503241251204,0.005084657114571915,0.005190721294100923
