,training,validation,testing
mae,0.061854465397809595,0.07914270896734177,0.04999382864624571
