,training,validation,testing
mae,0.041475223858553,0.04705709801332277,0.04689805330084239
