,training,validation,testing
mape,17111.174561257256,15.51848031328677,20.849635675408056
