,training,validation,testing
mape,23765.722186298477,21.70254893490706,19.93027095996478
