,training,validation,testing
rmse,0.08476664531253005,0.11394295630791083,0.0707255738158021
