,training,validation,testing
arv,0.08874697101514493,0.7048057392482554,0.995976576223207
