,training,validation,testing
mse,0.007185384157540273,0.012982997292186476,0.005002106791574472
