,training,validation,testing
nrmse,0.08557842471399864,0.08893166546259254,0.14524694658931492
