,training,validation,testing
mape,48774.270892854925,25.921797255662575,21.903130145864537
