,training,validation,testing
mae,0.0479438924962088,0.05287431640543338,0.0510164390130221
