,training,validation,testing
arv,0.171308381873979,0.3303783442536469,1.110919085883829
