,training,validation,testing
smape,27.14454366875319,24.62903769935978,20.732219595497646
