,training,validation,testing
smape,21.695314102564158,17.138051562692162,21.19858922354494
