,training,validation,testing
mse,0.0005003904589995217,0.008313754541708502,0.004380331618787109
