,training,validation,testing
rmse,0.06078528048898944,0.07130678168710122,0.07204666053399646
