,training,validation,testing
arv,0.5270076232101746,1.592136538401332,6.7326181212920595
