,training,validation,testing
arv,0.02620905021362639,0.6461177792139103,0.9712880117236554
