,training,testing
nrmse,0.2062771957595643,0.13633144776604
