,training,testing
mape,58565.21069322837,23.760692633206734
