,training,validation,testing
rmse,0.05554966258003922,0.0665021743195085,0.06879327486397521
