,training,validation,testing
mae,0.026630852549438137,0.0694809192692949,0.04878825464747539
