,training,validation,testing
mape,23312.659537267416,18.12709390352899,22.95123254309387
