,training,validation,testing
rmse,0.03953520932931043,0.09756504915192298,0.06790583004063523
