,training,validation,testing
nrmse,0.05566085914094656,0.1216801839423043,0.13689898179751386
