,training,validation,testing
mape,7795.316025631566,20.449148821221126,19.26877956759898
