,training,validation,testing
arv,0.20628130065474454,0.351984173618517,1.0354504371054867
