,training,testing
mae,0.11680358886343138,0.05077723658213366
