,training,validation,testing
nrmse,0.07820729918084394,0.0829395041984816,0.13868808138799113
