,training,validation,testing
mse,0.0015630327767123943,0.009518938816017147,0.004611201753507639
