,training,validation,testing
smape,19.40193115783882,15.245551618483672,19.790983032418477
