,training,validation,testing
nrmse,0.03149345974197217,0.11371668448104791,0.1334279001203332
