,training,validation,testing
rmse,0.022369408999781862,0.09117979239781424,0.06618407375484761
