,training,validation,testing
nrmse,0.11934132598846182,0.14210621531986659,0.14258361964847935
