,training,testing
mse,0.0214669681395621,0.004573048229110079
