,training,validation,testing
mae,0.01604206599184392,0.06481357160867285,0.04652787328657192
