,arima,lstm,mlp,rf,svr,xgboost
0,0.00457304822911,0.0050021067915744,0.0047325146665104,0.0043803316187871,0.0051907212941009,0.0046112017535076
