,arima,lstm,mlp,rf,svr,xgboost
0,0.13633144776604,0.1425836196484793,0.1386880813879911,0.1334279001203332,0.1452469465893149,0.1368989817975138
