,arima,lstm,mlp,rf,svr,xgboost
0,0.0676243168476405,0.0707255738158021,0.0687932748639752,0.0661840737548476,0.0720466605339964,0.0679058300406352
