,arima,lstm,mlp,rf,svr,xgboost
0,21.0792252521526,20.732219595497646,19.79098303241848,19.57937575359564,21.19858922354494,20.97401951732182
