,training,testing
rmse,0.29756864161305785,0.12148818327300695
