,training,testing
rmse,0.11094211823687582,0.0918686363945945
