,arima,lstm,mlp,rf,svr,xgboost
frontend,0.1214881832730069,0.0918686363945945,0.0238820058250034,0.0206790551683697,0.0325046168100203,0.1680803858402959
