,training,testing
rmse,0.18458824372793659,0.16808038584029594
