,training,testing
mape,322.75026983878774,8.054544658217742
