,training,testing
mae,0.6659323728154702,0.06652325885408403
