,training,testing
nrmse,0.7113491871112292,0.27580278000268266
