,training,testing
arv,0.9048828661735038,0.9641462525059338
