,training,testing
mse,0.4475681615830892,0.0066132593421288875
