,training,testing
smape,85.49715216782853,7.608496949183237
