,arima,lstm,mlp,rf,svr,xgboost
0,0.9638362011305508,1.973025103215068,2.214587502047734,1.1309800695295502,2.294979766057477,1.089350435978655
