,arima,lstm,mlp,rf,svr,xgboost
0,0.9641462525059338,1.0407966105399713,1.9597104445705305,2.2754921216293345,1.270824344413071,1.0243848539115503
