,training,validation,testing
mae,0.009920790128095545,0.02069237695984767,0.02902937439894515
