,training,validation,testing
smape,2.889631291213005,2.703462775031351,3.4718175458390066
