,training,testing
mae,0.6393108262639878,0.06193878999971359
