,training,testing
rmse,0.642072292715964,0.07654544330210547
