,training,testing
arv,0.9430149170926139,0.9638362011305507
