,training,validation,testing
mse,0.00012550365319968318,0.002401688068326023,0.013332708556544871
