,training,validation,testing
mse,0.00019636348789961813,0.0006401839955312646,0.0012401319628521036
