,training,validation,testing
mae,0.009627194659451868,0.019998544027406792,0.027920478517248278
