,training,testing
nrmse,0.6827114339662212,0.25960329768196627
