,training,validation,testing
smape,2.662098759352564,2.614429563319963,3.3430267509792984
