,training,validation,testing
rmse,0.01406923901819139,0.025578153651576643,0.035638219785258746
