,training,testing
smape,91.86777138408368,7.109349383191919
