,training,validation,testing
rmse,0.014012975697531847,0.025301857551003337,0.0352155074200572
