,training,validation,testing
rmse,0.013119998916680567,0.06620221009403426,0.13723317990577208
