,training,validation,testing
mae,0.007567030455693506,0.040656116037004655,0.1086234976612904
