,training,validation,testing
arv,0.004268327343602011,1.4665240086928382,2.294979766057477
