,training,validation,testing
mae,0.00907451024631033,0.05813251248801666,0.1314841573106627
