,training,validation,testing
rmse,0.01120284130029892,0.04900702060242005,0.11546734844337975
