,training,validation,testing
mape,2.209642844568279,5.19809086939836,12.827691463690385
