,training,validation,testing
smape,2.9078336210562017,2.646017446701541,3.3845953370672026
