,training,validation,testing
mape,6.55229291926908,7.463378395704037,15.572492354087542
