,training,validation,testing
nrmse,0.014959733434833105,0.13142958977762775,0.12086675549390129
