,training,testing
mse,0.41225682907353456,0.005859204890315843
