,training,validation,testing
nrmse,0.013950412400063927,0.3401703435499897,0.4654253018604053
