,training,validation,testing
arv,0.004307430881823396,1.437878578770996,2.214587502047734
