,training,validation,testing
mae,0.00980514858378433,0.020245554505856488,0.028276333792662554
