,training,validation,testing
nrmse,0.015321797763925936,0.13296774619131876,0.1237015544781243
