,training,testing
mape,393.826772406925,7.500279401292502
