,training,validation,testing
mse,0.00019794348655099902,0.0006542419442236636,0.001270082709462408
