,training,validation,testing
arv,0.002727194873612281,1.6147243422067181,1.1309800695295502
