,training,validation,testing
rmse,0.014409751073981573,0.02587750177520781,0.03647407567328964
