,training,validation,testing
arv,0.004464995183620016,1.3917121637471708,1.9730251032150679
