,training,validation,testing
mape,2.862856420249607,2.648480909513158,3.3871697940798438
