,training,validation,testing
mape,2.866540485316416,2.714085505760461,3.4950237124168155
