,training,validation,testing
smape,3.9871451443725703,7.833301241874439,16.987232720569715
