,training,validation,testing
mape,2.707216497076177,2.615345896070672,3.3416768677285997
