,training,validation,testing
nrmse,0.01191191075427155,0.25181538518136143,0.39160664746806056
