,training,validation,testing
nrmse,0.014899908999542966,0.13000988280228595,0.11943312967316942
