,training,validation,testing
mse,0.00017213437157369927,0.004382732621334652,0.018832945667050006
