,training,validation,testing
smape,2.139603220931684,5.392354428329889,13.807541424889337
