,training,validation,testing
arv,0.0037750411506356136,1.3185004012605184,1.089350435978655
