,training,validation,testing
mse,0.0002076409260141131,0.0006696450981258834,0.0013303581962208592
