,training,testing
mape,77.48646551082982,20.856872663155233
