,training,testing
mse,0.01337440268103419,0.03205647220470641
