,training,testing
mae,0.09901533570807627,0.1752965770274991
