,training,testing
nrmse,0.12296752858992037,0.6072237167580387
