,training,testing
arv,0.9676595658877215,1.0407966105399713
