,training,testing
smape,27.66730666223165,23.365242783660058
