,arima,lstm,mlp,rf,svr,xgboost
0,0.066523258854084,0.1752965770274991,0.0306301083970368,0.0357181945392819,0.0883524698243038,0.2508389719912874
