,arima,lstm,mlp,rf,svr,xgboost
0,0.0619387899997135,0.0290293743989451,0.0282763337926625,0.1086234976612904,0.0279204785172482,0.1314841573106627
