,arima,lstm,mlp,rf,svr,xgboost
0,7.500279401292502,3.4950237124168155,3.387169794079844,12.827691463690384,3.3416768677286,15.572492354087542
