,arima,lstm,mlp,rf,svr,xgboost
0,8.054544658217742,20.856872663155237,3.63955430694101,4.181725221472865,10.358958548953954,29.911192978695528
