,training,testing
mse,0.00038607002702420836,0.0014681830433437072
