,training,testing
nrmse,0.02089230176883958,0.12995140050486972
