,training,testing
smape,3.4531906107708723,3.67557908900738
