,training,testing
arv,0.0072011419648535515,1.9597104445705305
