,training,testing
mape,3.775104636344166,3.63955430694101
