,training,testing
mae,0.013907380175044212,0.03063010839703686
