,arima,lstm,mlp,rf,svr,xgboost
0,0.0058592048903158,0.0013303581962208,0.0012700827094624,0.0133327085565448,0.0012401319628521,0.01883294566705
