,arima,lstm,mlp,rf,svr,xgboost
0,0.0066132593421288,0.0320564722047064,0.0014681830433437,0.0020125240587358,0.0101599072071618,0.0644571211286732
