,arima,lstm,mlp,rf,svr,xgboost
0,0.2758027800026826,0.6072237167580387,0.1299514005048697,0.1521463026049297,0.3418501171636274,0.8610459228343424
