,arima,lstm,mlp,rf,svr,xgboost
0,0.2596032976819662,0.1237015544781243,0.1208667554939012,0.3916066474680605,0.1194331296731694,0.4654253018604053
