,training,testing
arv,0.0008691740201709889,2.2754921216293345
