,training,testing
mape,1.0679968323495663,4.181725221472865
