,training,testing
mse,4.647608613349042e-05,0.002012524058735836
