,training,testing
mae,0.0047616959400464095,0.03571819453928199
