,training,testing
nrmse,0.007248831775124336,0.15214630260492973
