,training,testing
rmse,0.006817337173229033,0.044861164259700576
