,training,testing
smape,1.063221127428932,4.294248083088313
