,arima,lstm,mlp,rf,svr,xgboost
0,0.0765454433021054,0.0364740756732896,0.0356382197852587,0.1154673484433797,0.0352155074200572,0.137233179905772
