,arima,lstm,mlp,rf,svr,xgboost
0,7.109349383191919,3.4718175458390066,3.3845953370672026,13.807541424889337,3.3430267509792984,16.987232720569715
