,arima,lstm,mlp,rf,svr,xgboost
0,7.608496949183237,23.365242783660054,3.67557908900738,4.294248083088313,11.089303588913234,35.25841357799808
