,training,testing
nrmse,0.05169349272450058,0.3418501171636274
