,training,testing
mae,0.04223652949022803,0.08835246982430384
