,training,testing
rmse,0.048616381300797616,0.10079636504935005
