,training,testing
mse,0.002363552530784544,0.010159907207161837
