,training,testing
arv,0.050339329565012435,1.270824344413071
