,training,testing
mape,28.930864911706898,10.358958548953954
