,training,testing
smape,15.12843710599259,11.089303588913234
