,training,testing
mae,0.14274452799718834,0.2508389719912874
