,training,testing
nrmse,0.17457298507756902,0.8610459228343424
