,training,testing
arv,5.3569078623770245,1.0243848539115505
