,training,testing
rmse,0.16418133811505853,0.2538840702538724
