,training,testing
mse,0.026955511785251168,0.0644571211286732
