,training,testing
mape,108.4382286100112,29.911192978695528
