,training,testing
smape,35.61464206588326,35.25841357799808
