,training,testing
rmse,0.15570575498656425,0.09266763226192841
