,training,testing
rmse,0.1053755941690578,0.17268659460364633
