,arima,lstm,mlp,rf,svr,xgboost
frontend,0.0926676322619284,0.1726865946036463,0.0398010510966637,0.0387349073190608,0.0847272227223443,0.0935410677688052
