,training,testing
arv,0.9054803206272662,1.4132288293957762
