,training,testing
nrmse,0.5038887522779377,0.24722522400866506
