,training,testing
mape,201.53198634038526,15.568608245281082
