,training,testing
rmse,0.49911022606944827,0.11324900615443927
