,training,testing
mae,0.491910014989215,0.09549796862554458
