,training,testing
mse,0.24911101776709574,0.012825337394968222
