,training,testing
smape,74.20773373856379,14.048895485404698
