,arima,lstm,mlp,rf,svr,xgboost
0,1.4132288293957762,1.1369701014854656,3.3284686421014444,10.185213590013351,4.563294898657299,1.327986375803185
