,arima,lstm,mlp,rf,svr,xgboost
0,1.4214606724378842,8.519483475605822,9.205546117647993,6.2420631286353725,9.07535842651582,1.9682333510652492
