,training,testing
arv,0.9391987258800514,1.4214606724378842
