,training,validation,testing
rmse,0.02906851422512447,0.04556197747997919,0.0632191761388406
