,training,testing
smape,77.50459641035961,13.959893624761488
