,training,testing
rmse,0.46650308497251647,0.11256655510195622
