,training,validation,testing
arv,0.011107295211039484,7.3198782384716425,6.2420631286353725
