,training,validation,testing
mae,0.020565918696222988,0.036235766436365176,0.04908870532373568
