,training,validation,testing
nrmse,0.09976876342402957,0.12162501847675176,0.1424863651242671
