,training,validation,testing
rmse,0.02186260417208454,0.05515604766849219,0.09029036554773504
