,training,validation,testing
mape,3.2429882132372834,5.849066509083783,7.656453121498876
