,training,validation,testing
arv,0.027862531418509036,8.258251083167446,9.205546117647991
