,training,validation,testing
smape,5.381504766805358,5.832961273957257,7.5352349361331825
