,training,testing
mse,0.2176251282888749,0.012671229327521745
