,training,testing
mape,236.1683883105053,15.459359565328676
