,training,validation,testing
mae,0.015308133093947933,0.04357731379622762,0.07272682634842395
