,training,testing
mae,0.46143546960260895,0.09482752415430606
