,training,validation,testing
mse,0.0004779734611852482,0.003042189594408983,0.008152350110743617
