,training,validation,testing
mse,0.0008449785192562638,0.002075893791886131,0.003996664231673752
