,training,validation,testing
nrmse,0.0220719187113695,0.14753538339800512,0.1971059756402814
