,training,validation,testing
mape,5.495248009050037,5.8512679643496455,7.5763421254904415
