,training,validation,testing
smape,6.177118652910368,5.829852145153533,7.601137881255158
