,training,validation,testing
mape,6.437625750935069,6.825051575861239,10.737699938352668
