,training,validation,testing
rmse,0.02899525880563424,0.04563203486598295,0.06270347522429441
