,training,validation,testing
rmse,0.018361537606558728,0.04643915402272051,0.06625537215330576
