,training,validation,testing
smape,27.31007631858838,5.763522655233158,7.726933085087919
