,training,validation,testing
mse,0.0008407250332057098,0.002082282606010283,0.003931725805203704
