,training,validation,testing
mae,0.011946956016096862,0.036644356787252474,0.05053033384375627
