,training,testing
nrmse,0.4709694274785349,0.24573541743062707
