,training,validation,testing
arv,0.015908782631749746,3.476045031157735,1.9682333510652494
