,training,validation,testing
mse,0.009765911548885911,0.002067472472434019,0.004260198704317154
