,training,validation,testing
rmse,0.09882262670505126,0.04546946747471339,0.0652701976733421
