,training,validation,testing
nrmse,0.02927286202209365,0.12205986548651436,0.13688315010294916
