,training,validation,testing
smape,5.24511953772674,7.0560342765470105,11.535552740589166
