,training,validation,testing
arv,0.5431022151336953,19.929846371345292,8.519483475605822
