,training,validation,testing
arv,0.027984039203259623,7.941905110812012,9.075358426515821
