,training,validation,testing
mape,63.805965003386035,5.737919698438874,7.550714152429655
