,training,validation,testing
mae,0.07888466052246937,0.03582674130271522,0.049863324446938036
