,training,validation,testing
mape,6.724895528338318,5.829863109677811,7.595836178490882
