,training,validation,testing
nrmse,0.018537332619560323,0.12421880615160437,0.1446370240109728
