,training,validation,testing
nrmse,0.029346818795560746,0.12187247092615629,0.1380089372374189
