,training,validation,testing
mae,0.0201532571958607,0.03626180546075634,0.048678912952506495
