,training,validation,testing
mse,0.00033714606327707035,0.0021565950263459583,0.0043897743391730455
