,training,validation,testing
smape,3.217632638859603,5.899064530583291,7.839144011675788
