,training,testing
mape,74.550365924724,25.44933245566333
