,training,testing
nrmse,0.146931485213125,0.3922016956956968
