,training,testing
rmse,0.14553809044142363,0.17965987260291336
