,training,testing
mae,0.1248851482866545,0.16849358128088388
