,training,testing
mse,0.021181335769336004,0.03227766982369506
