,training,testing
smape,32.85862617845885,29.540438261463887
