,training,testing
arv,12.132983698994666,1.1369701014854656
