,arima,lstm,mlp,rf,svr,xgboost
0,0.094827524154306,0.049863324446938,0.0490887053237356,0.0505303338437562,0.0486789129525064,0.0727268263484239
