,arima,lstm,mlp,rf,svr,xgboost
0,0.0954979686255445,0.1684935812808838,0.0562108987310405,0.0491006743397815,0.0538609309297467,0.1099587325286271
