,arima,lstm,mlp,rf,svr,xgboost
0,15.459359565328676,7.550714152429655,7.595836178490882,7.656453121498876,7.5763421254904415,10.737699938352668
