,arima,lstm,mlp,rf,svr,xgboost
0,15.568608245281082,25.44933245566333,8.842332553042459,7.536616923919412,8.179653739230353,16.343361921912663
