,training,testing
nrmse,0.03800453296789344,0.15551241913885078
