,training,testing
smape,6.214555004476784,8.665218965047888
