,training,testing
mse,0.0014170801267586702,0.005074735312343965
