,training,testing
rmse,0.03764412473094135,0.07123717647649973
