,training,testing
arv,0.04604436643418784,3.3284686421014444
