,training,testing
mape,6.343025912041851,8.842332553042459
