,training,testing
mae,0.02731258597585287,0.056210898731040564
