,arima,lstm,mlp,rf,svr,xgboost
0,0.0126712293275217,0.0042601987043171,0.0039966642316737,0.004389774339173,0.0039317258052037,0.0081523501107436
