,arima,lstm,mlp,rf,svr,xgboost
0,0.0128253373949682,0.032277669823695,0.0050747353123439,0.004070302128766,0.0049472654137731,0.015728153200377
