,arima,lstm,mlp,rf,svr,xgboost
0,0.247225224008665,0.3922016956956968,0.1555124191388507,0.1392745305174998,0.1535468759555364,0.2737771795085802
