,arima,lstm,mlp,rf,svr,xgboost
0,0.245735417430627,0.1424863651242671,0.1380089372374189,0.1446370240109728,0.1368831501029491,0.1971059756402814
