,training,testing
arv,0.005397618954667399,10.185213590013351
