,training,testing
mae,0.009120540192745611,0.04910067433978151
