,training,testing
mape,2.1162524009883077,7.536616923919412
