,training,testing
mse,0.00016373618087128745,0.00407030212876606
