,training,testing
nrmse,0.01291845344098236,0.1392745305174998
