,training,testing
smape,2.1056750504105834,7.607892010586204
