,arima,lstm,mlp,rf,svr,xgboost
0,0.1132490061544392,0.1796598726029133,0.0712371764764997,0.0637989194952866,0.0703367998545083,0.1254119340428852
