,arima,lstm,mlp,rf,svr,xgboost
0,0.1125665551019562,0.0652701976733421,0.0632191761388406,0.0662553721533057,0.0627034752242944,0.090290365547735
