,arima,lstm,mlp,rf,svr,xgboost
0,13.959893624761488,7.726933085087919,7.601137881255158,7.839144011675788,7.5352349361331825,11.535552740589166
