,arima,lstm,mlp,rf,svr,xgboost
0,14.048895485404698,29.540438261463887,8.665218965047888,7.607892010586204,8.38152885009567,18.156583188043424
