,training,testing
rmse,0.04401432500516579,0.07033679985450836
