,training,testing
mse,0.0019372608056603628,0.004947265413773166
