,training,testing
arv,0.0806883728192094,4.563294898657299
