,training,testing
mae,0.03534986825111185,0.05386093092974675
