,training,testing
smape,12.404278758744343,8.38152885009567
