,training,testing
mape,19.940744182436568,8.179653739230353
