,training,testing
nrmse,0.04443572211265942,0.15354687595553643
