,training,testing
smape,27.39633480273454,18.156583188043424
