,training,testing
nrmse,0.12868468793941712,0.27377717950858027
