,training,testing
rmse,0.1274643329480229,0.12541193404288525
