,training,testing
mae,0.09740804052050618,0.10995873252862719
