,training,testing
arv,5.46209802287115,1.327986375803185
