,training,testing
mape,73.52152840951209,16.343361921912663
