,training,testing
mse,0.016247156173884437,0.015728153200377
