,arima,lstm,mlp,rf,svr,xgboost
0,0.3254903203268242,0.394119046470926,0.1594990469878919,1.0413116496342458,0.1456207087952047,1.0298596398206687
