,arima,lstm,mlp,rf,svr,xgboost
0,0.0237087528489598,0.0370917661349509,0.0175136457415944,0.313202857588543,0.0163745331662975,0.3684000683326383
