,arima,lstm,mlp,rf,svr,xgboost
0,2.7888408285589783,4.308866559100019,2.01302410600994,35.31348809009645,1.9058917996818632,41.63237759313976
