,training,validation,testing
mape,6.3954260779753875,1.364417429104611,2.01302410600994
