,training,validation,testing
arv,0.020578530735533132,0.05842656346931559,0.394119046470926
