,training,validation,testing
rmse,0.007420501327077908,0.13978889496038385,0.31960685040150016
