,training,validation,testing
mae,0.004854364622316673,0.11470190780139027,0.31320285758854305
