,training,validation,testing
rmse,0.016080954926048097,0.01231535990012462,0.02334367735462747
