,training,validation,testing
rmse,0.024924723311445754,0.02022190995291011,0.046329086701040745
