,training,validation,testing
nrmse,0.012777757282591897,0.47953661625526156,1.2599479780425773
