,training,validation,testing
mae,0.009891122267177923,0.16815465519411046,0.36840006833263833
