,training,testing
nrmse,1.2589046630805982,0.12017036118461259
