,training,validation,testing
mse,0.00025859711133359057,0.0001516680894695975,0.0005449272724369474
