,training,validation,testing
smape,5.066445257283022,1.1940378426531422,1.8917299796977087
