,training,validation,testing
nrmse,0.04291921135398919,0.06936993296774598,0.18263763445685383
