,training,validation,testing
arv,0.001784370664485973,1.4904045296068318,1.0413116496342458
