,training,validation,testing
mse,0.00026879382033931343,0.00016730858327340472,0.0005852195430706199
