,training,validation,testing
smape,6.809917821985495,27.467411282758093,52.76514748598004
