,training,testing
rmse,0.7310910292357058,0.030483219402036948
