,training,validation,testing
rmse,0.01639493276409859,0.012934781918277738,0.024191311313581574
