,training,validation,testing
arv,0.00836510768817158,0.023279786663059198,0.14562070879520475
