,training,testing
mae,0.7291453458513394,0.02370875284895982
