,training,validation,testing
mae,0.011682925277192072,0.009309915508575002,0.01751364574159444
