,training,validation,testing
nrmse,0.023818127377802766,0.6424272475121703,1.4738227495563727
