,training,testing
mse,0.5344940930289236,0.0009292266651127217
