,training,validation,testing
smape,6.04327320149732,1.3719591516185448,2.0176864447973366
