,training,validation,testing
smape,8.673788277460638,1.8914964670720698,4.172866831972612
