,training,validation,testing
rmse,0.01383203968479552,0.1872728629639488,0.37385975869225396
