,training,validation,testing
mse,0.0006212418321521274,0.000408925642143605,0.0021463842745525503
