,training,testing
smape,112.02542441234142,2.7572089764980867
