,training,validation,testing
arv,0.00873316055157958,0.02662763902485954,0.1594990469878919
