,training,validation,testing
smape,2.4295715465303545,17.68451987044177,43.09118685915572
