,training,testing
arv,0.9587557694509522,0.3254903203268242
