,training,validation,testing
mse,0.00019132532184175813,0.035071125202713944,0.13977111916943036
