,training,validation,testing
mape,5.250217037747327,1.1938757057919833,1.9058917996818632
