,training,validation,testing
mae,0.010384937497605159,0.00816094993255306,0.016374533166297542
