,training,validation,testing
mape,2.4849522173315766,15.723259536697833,35.31348809009645
