,training,validation,testing
mape,8.432870360544648,23.65771938722067,41.63237759313976
