,training,validation,testing
arv,0.006430244560956314,1.2397564447589573,1.0298596398206687
