,training,validation,testing
mape,9.345412212960417,1.8921030514298178,4.308866559100019
