,training,testing
mape,550.6104077850554,2.7888408285589783
