,training,validation,testing
nrmse,0.02823130975795671,0.04437191920608924,0.09536652214261351
