,training,validation,testing
mae,0.01833998808369276,0.013181620670519149,0.037091766134950986
