,training,validation,testing
nrmse,0.027690654560971254,0.042247032685573206,0.09202499585379079
