,training,validation,testing
mse,5.5063839945164993e-05,0.019540935154245234,0.1021485388235669
