,arima,lstm,mlp,rf,svr,xgboost
0,0.0009292266651127,0.0021463842745525,0.0005852195430706,0.1021485388235669,0.0005449272724369,0.1397711191694303
