,arima,lstm,mlp,rf,svr,xgboost
0,0.1201703611846125,0.1826376344568538,0.0953665221426135,1.2599479780425773,0.0920249958537907,1.4738227495563727
