,arima,lstm,mlp,rf,svr,xgboost
0,0.0304832194020369,0.0463290867010407,0.0241913113135815,0.3196068504015001,0.0233436773546274,0.3738597586922539
