,arima,lstm,mlp,rf,svr,xgboost
0,2.7572089764980867,4.172866831972612,2.0176864447973366,43.09118685915572,1.8917299796977087,52.76514748598004
