,training,testing
rmse,0.19432345811350943,0.33575935784975874
