,training,testing
rmse,0.017522265614854805,0.15669493725240136
