,arima,lstm,mlp,rf,svr,xgboost
frontend,0.3357593578497587,0.2937026237670336,0.1566949372524013,0.3488880324723526,0.4190591541748956,0.243458978582535
