,training,testing
rmse,0.05109216839175383,0.4190591541748956
