,training,testing
rmse,0.30343542228198905,0.24345897858253507
