,training,testing
rmse,0.027918768290372153,0.03189690750169165
