,arima,lstm,mlp,rf,svr,xgboost
frontend,0.1219717198012213,0.0522407863743274,0.0318969075016916,0.0263571486621409,0.0712456166816462,0.316173384966177
