,training,testing
rmse,0.0414546847518113,0.07124561668164624
