,training,testing
rmse,0.24846379836983942,0.316173384966177
