,training,testing
rmse,0.6610611716702621,0.08132194871084243
