,training,testing
rmse,0.020565099575167802,0.04352132645301395
