,arima,lstm,mlp,rf,svr,xgboost
frontend,0.0813219487108424,0.2033362436066574,0.0435213264530139,0.0434207759104185,0.1113585593714195,0.2553306608999564
