,training,testing
rmse,0.16169232116521254,0.25533066089995643
