,training,testing
rmse,0.03900431073272462,0.003463317769359152
