,arima,lstm,mlp,rf,svr,xgboost
frontend,0.0129423052999518,0.0204417736056385,0.0034633177693591,0.0049710557247778,0.0974445844028429,0.3418042371243724
