,training,testing
rmse,0.08707465466574298,0.09744458440284298
