,training,testing
mape,6.762992547349674,1.3020320766379225
