,training,testing
mae,0.050109499701567736,0.010742496462802615
