,training,testing
arv,8.99078869171831,6.9353421441546015
