,training,testing
smape,6.237435879749207,1.2986459799740935
