,training,testing
nrmse,0.09701860779204023,0.1954396683136196
