,training,testing
mse,0.004781360007675425,0.00016797923454176222
