,arima,lstm,mlp,rf,svr,xgboost
0,6.9353421441546015,1.272030034031894,0.1057342227607149,0.0565584372236612,1.0107777923297991,1.0008533753060098
