,arima,lstm,mlp,rf,svr,xgboost
0,1.097146060628246,0.4419236678169887,0.0529846886617893,0.051213841150901,0.0445436496360856,0.0606070109963161
