,training,testing
arv,1.745763128625735,1.097146060628246
