,training,validation,testing
mape,0.2503684757290076,0.057239511229871996,0.09282127803473314
