,training,validation,testing
arv,0.08629328160149796,0.08255173495412584,0.4419236678169887
