,training,validation,testing
smape,0.353036428889401,0.07383037133305054,0.15227969740904554
