,training,validation,testing
mape,0.3949443278404488,0.10753093047486398,0.15444208910750432
