,training,validation,testing
mse,0.00010846297661332307,2.184519951357315e-06,7.882395578975641e-06
