,training,validation,testing
smape,0.39648940211772604,0.10753557993109963,0.15463979791188265
