,training,validation,testing
nrmse,0.012524630832890852,0.020857616561903065,0.04208943650246717
