,training,validation,testing
mse,0.00018802039672983164,2.9188470172190437e-06,9.33584757464198e-06
