,training,validation,testing
mae,0.0025835273651696445,0.0006307079852438178,0.0012667579652429464
