,training,testing
mape,14.783153655338324,2.891276875706369
