,training,validation,testing
rmse,0.00841612024961638,0.001223174915309282,0.0025914002660811157
