,training,testing
rmse,0.14725719662835926,0.03102992568534113
