,training,validation,testing
mape,0.34889770222723404,0.07381497811217062,0.15214082069600188
