,training,testing
mse,0.021684681958843263,0.0009628562880377932
