,training,validation,testing
nrmse,0.011808405216630605,0.019518075588254157,0.03907683822823753
