,training,validation,testing
mape,1.01408990657335,0.36965460992585647,0.7974095444048375
