,training,validation,testing
nrmse,0.019238969151197643,0.027261772933345717,0.046074623405529896
