,training,validation,testing
rmse,0.013712052972834945,0.0017084633496856302,0.003055461924921006
