,training,validation,testing
mape,0.603065408649471,0.1406384056547796,0.22117182747265005
