,training,validation,testing
arv,0.014246446556951429,0.007016651171180681,0.044543649636085654
