,training,validation,testing
rmse,0.019512040650614754,0.0037768291302710216,0.007788888337474974
