,training,testing
smape,15.29060176579675,2.962248462310645
