,training,testing
nrmse,0.20661214399021646,0.46791358406164213
