,training,validation,testing
mae,0.007477014322055223,0.003130341763432964,0.0065953993086510804
