,training,validation,testing
mae,0.0019459493012308191,0.0004889375053051993,0.0007759994912126399
