,training,validation,testing
mae,0.0025192990449085895,0.0009139407447953462,0.0012836147252080743
