,training,validation,testing
nrmse,0.02737675743360843,0.06026647172527297,0.1174519944005394
