,training,validation,testing
arv,0.04589996507764235,0.013351210208803158,0.06060701099631618
