,training,validation,testing
arv,0.022909957912477144,0.010060382824074355,0.05121384115090101
