,training,validation,testing
smape,1.0222484091632547,0.3688869225394757,0.7952921926462562
