,training,validation,testing
mse,7.083108005600288e-05,1.496156873441869e-06,6.715355339045277e-06
