,training,validation,testing
smape,0.2564943681251675,0.05725257571715741,0.09302172464342519
