,training,validation,testing
mse,7.968401998780445e-05,1.7085689103660941e-06,7.79069831027532e-06
