,training,validation,testing
arv,0.016608423584525127,0.008284423471676967,0.052984688661789334
