,training,validation,testing
nrmse,0.014612350312927198,0.023584487173045468,0.04233641026081084
