,training,testing
mae,0.11802082476047736,0.023998793034155592
