,training,validation,testing
mse,0.00038071973035124266,1.426443827926376e-05,6.066678153365367e-05
