,training,validation,testing
mae,0.0036462712082125943,0.0011933062065415032,0.0018350808607153419
