,training,validation,testing
rmse,0.010414555996936359,0.00147801216211414,0.002807560431936531
