,training,validation,testing
smape,0.5794878931914573,0.14070790508134937,0.2214351176320359
