,training,validation,testing
rmse,0.00892659061387966,0.0013071223777313637,0.0027911822423975327
