,training,testing
mse,0.0008478369363335805,0.00013650384651006203
