,training,testing
mae,0.020017933026652925,0.010333887166492655
