,training,testing
nrmse,0.04085408445265144,0.17618030710167928
