,training,testing
rmse,0.029117639607866234,0.011683486059822301
