,training,testing
arv,0.7090063767730285,1.272030034031894
