,training,testing
mape,2.721208168145347,1.258783828134455
