,training,testing
smape,2.5877797228325585,1.2500757829832918
