,arima,lstm,mlp,rf,svr,xgboost
0,0.0239987930341555,0.006595399308651,0.0012667579652429,0.001283614725208,0.0007759994912126,0.0018350808607153
