,arima,lstm,mlp,rf,svr,xgboost
0,0.0107424964628026,0.0103338871664926,0.0016710932325488,0.0016535138410572,0.0479640600639694,0.2290431687846532
