,arima,lstm,mlp,rf,svr,xgboost
0,2.891276875706369,0.7974095444048375,0.1521408206960018,0.1544420891075043,0.0928212780347331,0.22117182747265
