,arima,lstm,mlp,rf,svr,xgboost
0,1.3020320766379223,1.258783828134455,0.2000862412441725,0.1991503736229627,5.79956252231065,27.741463121127484
