,training,testing
mse,0.00012172366883450853,1.3626662620266917e-05
