,training,testing
mape,0.4849582565402694,0.2000862412441725
