,training,testing
mae,0.003509653386374207,0.0016710932325488517
