,training,testing
nrmse,0.015479853021334852,0.055664673963160695
