,training,testing
smape,0.48678471072085344,0.2005285995471525
