,training,testing
arv,0.03482670654044316,0.10573422276071491
