,arima,lstm,mlp,rf,svr,xgboost
0,0.0009628562880377,6.066678153365367e-05,7.79069831027532e-06,7.882395578975641e-06,6.715355339045277e-06,9.33584757464198e-06
