,arima,lstm,mlp,rf,svr,xgboost
0,0.0001679792345417,0.00013650384651,1.3626662620266915e-05,9.01951712913452e-06,0.0023573271940141,0.0525323163699533
