,arima,lstm,mlp,rf,svr,xgboost
0,0.4679135840616421,0.1174519944005394,0.0420894365024671,0.0423364102608108,0.0390768382282375,0.0460746234055298
