,arima,lstm,mlp,rf,svr,xgboost
0,0.1954396683136196,0.1761803071016792,0.0556646739631606,0.0452873138379971,0.7321412073310504,3.456194649233524
