,training,testing
arv,0.0021323376411910124,0.0565584372236612
