,training,testing
mse,8.044173584438167e-06,9.01951712913452e-06
