,training,testing
mae,0.0007163678280885481,0.0016535138410572016
