,training,testing
mape,0.0957490008705686,0.19915037362296276
