,training,testing
nrmse,0.003979422331053196,0.04528731383799711
