,training,testing
smape,0.09598825701264668,0.1993266532061163
