,arima,lstm,mlp,rf,svr,xgboost
0,0.0310299256853411,0.0077888883374749,0.0027911822423975,0.0028075604319365,0.0025914002660811,0.003055461924921
