,arima,lstm,mlp,rf,svr,xgboost
0,0.0129606803271187,0.0116834860598223,0.0036914309718951,0.0030032510932545,0.048552313992375,0.2291992939996834
