,arima,lstm,mlp,rf,svr,xgboost
0,1.2986459799740937,1.2500757829832918,0.2005285995471525,0.1993266532061163,5.976412531851734,32.21236236131369
