,arima,lstm,mlp,rf,svr,xgboost
0,2.962248462310645,0.7952921926462562,0.1522796974090455,0.1546397979118826,0.0930217246434251,0.2214351176320359
