,training,testing
mape,7.025681849442177,5.79956252231065
