,training,testing
smape,7.265398502397602,5.976412531851734
