,training,testing
nrmse,0.08831214778478254,0.7321412073310504
