,training,testing
arv,0.8354353882940634,1.0107777923297991
