,training,testing
mse,0.003961706175006519,0.002357327194014178
