,training,testing
mae,0.05897315798534406,0.04796406006396949
