,training,testing
mape,28.57863269315322,27.741463121127484
