,training,testing
smape,33.23842647277369,32.21236236131369
