,training,testing
mse,0.05871143205396727,0.05253231636995333
