,training,testing
arv,1.028180983346645,1.0008533753060098
