,training,testing
mae,0.24035045595895874,0.22904316878465325
