,training,testing
nrmse,0.339970044958304,3.456194649233524
